profile_id,site_id,latitude,longitude,spatial_confidence,corpus,document_id,title,doi,publication_year,profile_label,author_soil_type_raw,author_profile_formula_raw,soil_classification,classification_system,land_use,notes,evidence_text,evidence_path
profile:coordinate_first_label:180236e944a570f2a12e,site:pochvovedenie:Pochved1906012Taskaeva:text:raw:dms:l:0,67.43416666666667,63.82638888888889,reported,pochvovedenie,pochvovedenie:Pochved1906012Taskaeva,ХАРАКТЕРИСТИКА СООБЩЕСТВ МИКРОАРТРОПОД,,2019,4,,,,,,Explicit profile/pit label within 180 characters of an author-reported coordinate.,"{""spatial_linkage"": ""coordinate_local_explicit_profile_label"", ""coordinate_candidate_id"": ""pochvovedenie:Pochved1906012Taskaeva:text:raw:dms:l:0"", ""label_distance_characters"": 164}
 мхи. Кустистые и листоватые лишайники встречаются преимущественно небольшими пятнами на бу- горках. Почва – глеезем криометаморфический (Folic Stagnosol (Gelic)). Участок 4. Кустарничковая мохово-лишайни- ковая тундра (67°26′03″ N, 63°49′35″ E) располага- ется на относительно выровненной первой над- пойменной террасе р. Воркута. Микрорельеф представлен в виде небольших торфяных кочек и понижений. Проективное покрытие травянисто- кустарничкового яруса 40–50%. В сообществе обычно несколько содоминант",Pochved1906012Taskaeva.txt
profile:coordinate_first_label:6a8f7ce31d219cde0659,site:pochvovedenie:Pochved1906012Taskaeva:text:raw:ru_abbr:dms:1,67.53333333333333,64.03333333333333,reported,pochvovedenie,pochvovedenie:Pochved1906012Taskaeva,ХАРАКТЕРИСТИКА СООБЩЕСТВ МИКРОАРТРОПОД,,2019,2,,,,,,Explicit profile/pit label within 180 characters of an author-reported coordinate.,"{""spatial_linkage"": ""coordinate_local_explicit_profile_label"", ""coordinate_candidate_id"": ""pochvovedenie:Pochved1906012Taskaeva:text:raw:ru_abbr:dms:1"", ""label_distance_characters"": 196}
борка урожая прекратились. Поч- ва – дерново-луговая (Mollic Stagnosol (Siltic, Gelic)), поверхность почвы покрыта уплотнен- ным слоем слаборазложившегося растительного материала толщиной 2–3 см. Участок 2. Разнотравно-злаковое сообщество (67°32′ N, 64°02′ E) расположено в пределах пра- вобережной пойменной террасы р. Воркута. В травостое доминирующее положение занимают кострец безостый (Bromopus inermis) и виды раз- нотравья: вероника длиннолистная (Veronica lon- gifolia), толстореберник альпийский (Pachipleurum alpinum), дудник лекарственный (Angelica archan- lelica) и ",Pochved1906012Taskaeva.txt
profile:coordinate_first_label:6cc3cea63e7364e09aa6,site:pochvovedenie:Pochved1909002Chimitdorzhiev:text:raw:dms:l:0,52.53830555555555,111.03869444444445,reported,pochvovedenie,pochvovedenie:Pochved1909002Chimitdorzhiev,ПОЧВОВЕДЕНИЕ,,2019,2,,,,,,Explicit profile/pit label within 180 characters of an author-reported coordinate.,"{""spatial_linkage"": ""coordinate_local_explicit_profile_label"", ""coordinate_candidate_id"": ""pochvovedenie:Pochved1909002Chimitdorzhiev:text:raw:dms:l:0"", ""label_distance_characters"": 171}
елый суглинок, мокрый, плотный, очень слабо вскипает, каменистый, камни более 1 см. Почва: чернозем квазиглеевый, Calcaric Stag- nic Phaeozem (Loamic). Экспериментальная  площадка  2  (ЭП2, рис. 4, В, 4, Г). Разр. Б4Р2. 52°32′17.9″ N, 111°2′19.3″ E, H 955 м. Вершина бугра. Проективное покрытие 80%, до- минанты: злаки – вострец китайский (Leymus chinensis), мятлик оттянутый (Poa attenuata). АU, 0–30 см. Темно-серый, сухой, рыхлый, опесчаненный средний суглинок, комковатой структуры, густо пронизан корням",Pochved1909002Chimitdorzhiev.txt
profile:coordinate_first_label:b0f92e865837d949cedf,site:pochvovedenie:Pochved1911003Desyatkin:text:raw:degree_decimal_minutes_cardinal:2,62.13333333333333,130.41666666666666,reported,pochvovedenie,pochvovedenie:Pochved1911003Desyatkin,ВЛИЯНИЕ УВЕЛИЧЕНИЯ ГЛУБИНЫ ДЕЯТЕЛЬНОГО СЛОЯ ПОЧВЫ,,2019,3,,,,,,Explicit profile/pit label within 180 characters of an author-reported coordinate.,"{""spatial_linkage"": ""coordinate_local_explicit_profile_label"", ""coordinate_candidate_id"": ""pochvovedenie:Pochved1911003Desyatkin:text:raw:degree_decimal_minutes_cardinal:2"", ""label_distance_characters"": 258}
ит до 20. Почва пале- вая слабоосолоделая среднесуглинистая (Haplic Cryosol (Loamic, Ochric)) с формулой морфологи- ческого строения профиля: О1(0–2 см)–АJ(2– 9 см)–AJe(9–15 см)–BPL(15–43 см)–BCA(43– 68 см)–Сca(68–88 см), залегает на слабольдистой мерзлоте. Точка 3 – координаты: 62°08′ N, 130°25′ E. Ре- льеф ровный. Сомкнутость крон 0.6. Доминирует Betula platyphylla Sukacz., высота до 8–10 м. В под- леске обычны Salix bebbiana Sarg., Rosa acicularis Lindl., Ribes acidum Turcz. В травостое обильны Bromus ircutensis Kom., Poa pratensis L., Carex pedi- formis C.A. Mey, Sanguisorba officinalis L., Gallium verum L., Artemisia tanacetifolia L. Обычны такие виды, как Geranium ",Pochved1911003Desyatkin.txt
profile:coordinate_first_label:b7b7f75f1663c6fa448e,site:pochvovedenie:Pochved1911003Desyatkin:text:raw:ru_abbr:dms:1,62.11666666666667,130.3,reported,pochvovedenie,pochvovedenie:Pochved1911003Desyatkin,ВЛИЯНИЕ УВЕЛИЧЕНИЯ ГЛУБИНЫ ДЕЯТЕЛЬНОГО СЛОЯ ПОЧВЫ,,2019,2,,,Podzol,WRB,,Explicit profile/pit label within 180 characters of an author-reported coordinate.,"{""spatial_linkage"": ""coordinate_local_explicit_profile_label"", ""coordinate_candidate_id"": ""pochvovedenie:Pochved1911003Desyatkin:text:raw:degree_decimal_minutes_cardinal:1"", ""label_distance_characters"": 258}
ации и ди- агностики почв Роcсии [14]. Почва подбур опод- золенный супесчаный (Entic Podzol (Arenic, Gelic)) с формулой морфологического строения профиля: О(0–1 см)–А(1–6 см)–BHFe(6–27 см)–BHF(27– 53 см)–C(53–150 см). Ниже залегает слабольди- стая мерзлота. Точка 2 – координаты: 62°07′ N, 130°18′ E. Ре- льеф ровный. Растительность – багульниково- брусничный лиственничник. Основная лесооб- разующая порода – Larix gmelinii L., сопутствует Betula platyphylla Sukacz. Сомкнутость крон 0.7, высота пород древесного яруса 15–20 м. Подле- сок развит слабо, состоит из Rosa acicularis Lindl., Spiraea flexuosa Fisch. В травяно-кустарничковом покрове (покрытие 60%, средняя высота 25–",Pochved1911003Desyatkin.txt
profile:coordinate_first_label:b8e2015b848da78b6c4b,site:pochvovedenie:Pochved1909002Chimitdorzhiev:text:raw:strict:l:0,52.53853,111.45755,reported,pochvovedenie,pochvovedenie:Pochved1909002Chimitdorzhiev,ПОЧВОВЕДЕНИЕ,,2019,1,,,,,,Explicit profile/pit label within 180 characters of an author-reported coordinate.,"{""spatial_linkage"": ""coordinate_local_explicit_profile_label"", ""coordinate_candidate_id"": ""pochvovedenie:Pochved1909002Chimitdorzhiev:text:raw:strict:l:0"", ""label_distance_characters"": 174}
о- доразделах. При наземном исследовании деформаций по- верхности рельефа выбраны экспериментальные площадки, на которых были заложены почвен- ные разрезы. Экспериментальная площадка 1 (ЭП1, рис. 4, А, 4, Б) Разр. Б1Р3. 52.53853° N, 111.45755° E, высота над ур. м. (H) 950 м. Вершина бугра пучения. Расти- тельный покров представлен полынно-разнотрав- но-лапчатковой ассоциацией. Доминантные виды: лапчатка скученная (Potentilla acervata Sojak), пы- рей ползучий (Elytrigia repens L. Nevski), вика мы- шин",Pochved1909002Chimitdorzhiev.txt
profile:coordinate_first_label:c46e9461819b790e39ae,site:pochvovedenie:Pochved1906012Taskaeva:text:raw:ru_abbr:dms:2,67.41666666666667,63.833333333333336,reported,pochvovedenie,pochvovedenie:Pochved1906012Taskaeva,ХАРАКТЕРИСТИКА СООБЩЕСТВ МИКРОАРТРОПОД,,2019,3,,,,,,Explicit profile/pit label within 180 characters of an author-reported coordinate.,"{""spatial_linkage"": ""coordinate_local_explicit_profile_label"", ""coordinate_candidate_id"": ""pochvovedenie:Pochved1906012Taskaeva:text:raw:ru_abbr:dms:2"", ""label_distance_characters"": 183}
сообществом формируется аллювиальная гумусовая глееватая постагрогенная почва (Gleyic Fluvisol (Arenic, Humic)).  ПОЧВОВЕДЕНИЕ   № 6   2019 ХАРАКТЕРИСТИКА СООБЩЕСТВ МИКРОАРТРОПОД 713 Участок 3. Мелкоерниковая кустарничково- моховая тундра (67°25′ N, 63°50′ E) находится в долине р. Воркута в пределах второй надпоймен- ной террасы, полого наклонной в сторону русла реки. Микрорельеф умеренно выражен, пред- ставлен, в основном, моховыми кочками вокруг кустов, местами встречаются пятна выморажива- ния. Кустарниковый ярус образуют Betula nana при участии Salix lanata и Salix ph",Pochved1906012Taskaeva.txt
profile:coordinate_first_label:d48d1717d7cf5217a058,site:pochvovedenie:Pochved1911003Desyatkin:text:raw:ru_abbr:dms:3,62.13333333333333,130.51666666666668,reported,pochvovedenie,pochvovedenie:Pochved1911003Desyatkin,ВЛИЯНИЕ УВЕЛИЧЕНИЯ ГЛУБИНЫ ДЕЯТЕЛЬНОГО СЛОЯ ПОЧВЫ,,2019,4,,,,,,Explicit profile/pit label within 180 characters of an author-reported coordinate.,"{""spatial_linkage"": ""coordinate_local_explicit_profile_label"", ""coordinate_candidate_id"": ""pochvovedenie:Pochved1911003Desyatkin:text:raw:ru_abbr:dms:3"", ""label_distance_characters"": 218}
 Achille amillefolium L. Почва палевая типичная среднесуглинистая (Haplic Cryosol (Loamic)) с формулой морфоло- гического строения профиля: АJ(1–5 см)– BPL(5–35 см)–ВСA(35–72 см), залегает на сла- больдистой мерзлоте. Точка 4 – координаты: 62°08′ N, 130°31′ E, 100 м южнее аласа Улахан Сыххан. Рельеф ровный, по- верхность почвы имеет полигонально-трещино- ватый нанорельеф. Диаметр полигонов до 70 см, высота 10–15 см, ширина трещин до 20 см. Расти- тельность: лиственничник багульниково-брус- ничный зеленомошно-ягельниковый. Первый ярус представлен Larix gmelinii Ledeb., сомк",Pochved1911003Desyatkin.txt
profile:coordinate_first_label:e6bc615c1199c3739058,site:pochvovedenie:Pochved1911003Desyatkin:text:raw:degree_decimal_minutes_cardinal:2,62.13333333333333,130.41666666666666,reported,pochvovedenie,pochvovedenie:Pochved1911003Desyatkin,ВЛИЯНИЕ УВЕЛИЧЕНИЯ ГЛУБИНЫ ДЕЯТЕЛЬНОГО СЛОЯ ПОЧВЫ,,2019,3,,,,,,Explicit profile/pit label within 180 characters of an author-reported coordinate.,"{""spatial_linkage"": ""coordinate_local_explicit_profile_label"", ""coordinate_candidate_id"": ""pochvovedenie:Pochved1911003Desyatkin:text:raw:degree_decimal_minutes:2"", ""label_distance_characters"": 258}
ит до 20. Почва пале- вая слабоосолоделая среднесуглинистая (Haplic Cryosol (Loamic, Ochric)) с формулой морфологи- ческого строения профиля: О1(0–2 см)–АJ(2– 9 см)–AJe(9–15 см)–BPL(15–43 см)–BCA(43– 68 см)–Сca(68–88 см), залегает на слабольдистой мерзлоте. Точка 3 – координаты: 62°08′ N, 130°25′ E. Ре- льеф ровный. Сомкнутость крон 0.6. Доминирует Betula platyphylla Sukacz., высота до 8–10 м. В под- леске обычны Salix bebbiana Sarg., Rosa acicularis Lindl., Ribes acidum Turcz. В травостое обильны Bromus ircutensis Kom., Poa pratensis L., Carex pedi- formis C.A. Mey, Sanguisorba officinalis L., Gallium verum L., Artemisia tanacetifolia L. Обычны такие виды, как Geranium ",Pochved1911003Desyatkin.txt
profile:coordinate_first_label:e9c35a6d498ab6626d1d,site:pochvovedenie:Pochved1911003Desyatkin:text:raw:ru_abbr:dms:3,62.13333333333333,130.51666666666668,reported,pochvovedenie,pochvovedenie:Pochved1911003Desyatkin,ВЛИЯНИЕ УВЕЛИЧЕНИЯ ГЛУБИНЫ ДЕЯТЕЛЬНОГО СЛОЯ ПОЧВЫ,,2019,4,,,Cryosol,WRB,,Explicit profile/pit label within 180 characters of an author-reported coordinate.,"{""spatial_linkage"": ""coordinate_local_explicit_profile_label"", ""coordinate_candidate_id"": ""pochvovedenie:Pochved1911003Desyatkin:text:raw:degree_decimal_minutes_cardinal:3"", ""label_distance_characters"": 258}
us humilis Fisch., Vicica amoena Fisch., Achille amillefolium L. Почва палевая типичная среднесуглинистая (Haplic Cryosol (Loamic)) с формулой морфоло- гического строения профиля: АJ(1–5 см)– BPL(5–35 см)–ВСA(35–72 см), залегает на сла- больдистой мерзлоте. Точка 4 – координаты: 62°08′ N, 130°31′ E, 100 м южнее аласа Улахан Сыххан. Рельеф ровный, по- верхность почвы имеет полигонально-трещино- ватый нанорельеф. Диаметр полигонов до 70 см, высота 10–15 см, ширина трещин до 20 см. Расти- тельность: лиственничник багульниково-брус- ничный зеленомошно-ягельниковый. Первый ярус представлен Larix gmelinii Ledeb., сомкну- тость крон 0.8–0.9, высота деревьев 8–10 м. На- почвенны",Pochved1911003Desyatkin.txt
profile:coordinate_first_label:fcc171fa5e382eb5fb0c,site:pochvovedenie:Pochved1911003Desyatkin:text:raw:ru_abbr:dms:4,62.15,130.63333333333333,reported,pochvovedenie,pochvovedenie:Pochved1911003Desyatkin,ВЛИЯНИЕ УВЕЛИЧЕНИЯ ГЛУБИНЫ ДЕЯТЕЛЬНОГО СЛОЯ ПОЧВЫ,,2019,5,,,,,,Explicit profile/pit label within 180 characters of an author-reported coordinate.,"{""spatial_linkage"": ""coordinate_local_explicit_profile_label"", ""coordinate_candidate_id"": ""pochvovedenie:Pochved1911003Desyatkin:text:raw:ru_abbr:dms:4"", ""label_distance_characters"": 218}
. Почва: палевая типичная легкосуглини- стая на покровных суглинках (Haplic Cryosol (Loamic, Ochric)) с формулой строения профиля: О(0–1 см)–АJ(1–6 см)–ВPL(6–34 см)–ВCA(34– 100 см), залегает на слабольдистой мерзлоте. Точка 5 – координаты: 62°09′ N, 130°38′ E, 70 м южнее аласа Ынах. Рельеф ровный, со слабым уклоном в сторону аласной котловины. Наноре- льеф: бугорковато-трещиноватый. Высота бугров до 7–10 см, диаметр – 70–100 см. Видимая шири- на заполненных опадом трещин до 20–30 см. Лиственничник травяно-брусничный, основная лесообразующая порода – Larixg melinii Ledeb. С",Pochved1911003Desyatkin.txt
profile:explicit_pit:0f55516c6c5991ea1331,site:pochvovedenie:Pochved1911003Desyatkin:text:raw:ru_abbr:dms:0,62.1,130.23333333333332,reported,pochvovedenie,pochvovedenie:Pochved1911003Desyatkin,ВЛИЯНИЕ УВЕЛИЧЕНИЯ ГЛУБИНЫ ДЕЯТЕЛЬНОГО СЛОЯ ПОЧВЫ,,2019,2,,,,,,Explicit pit label and author-reported coordinate in one source phrase.,"{""spatial_linkage"": ""explicit_labeled_pit_coordinate"", ""coordinate_candidate_id"": ""pochvovedenie:Pochved1911003Desyatkin:text:raw:ru_abbr:dms:0""}
Точка 2
Точка 3
Точка 3
Точка 4
Точка 4
Точка 5
Точка 5
ЯКУТСК

ПОЧВОВЕДЕНИЕ 
 № 11 
 2019
ВЛИЯНИЕ УВЕЛИЧЕНИЯ ГЛУБИНЫ ДЕЯТЕЛЬНОГО СЛОЯ ПОЧВЫ
1395
Описание растительности и почв района изучения
Точка 1 – координаты: 62°06′ N, 130°14′ E. Ре-
льеф ровный. Растите",Pochved1911003Desyatkin.txt
profile:explicit_pit:139cbf9dcd8ba8525fee,site:pochvovedenie:Pochved1911003Desyatkin:text:raw:ru_abbr:dms:0,62.1,130.23333333333332,reported,pochvovedenie,pochvovedenie:Pochved1911003Desyatkin,ВЛИЯНИЕ УВЕЛИЧЕНИЯ ГЛУБИНЫ ДЕЯТЕЛЬНОГО СЛОЯ ПОЧВЫ,,2019,5,,,,,,Explicit pit label and author-reported coordinate in one source phrase.,"{""spatial_linkage"": ""explicit_labeled_pit_coordinate"", ""coordinate_candidate_id"": ""pochvovedenie:Pochved1911003Desyatkin:text:raw:ru_abbr:dms:0""}
Точка 5
ЯКУТСК

ПОЧВОВЕДЕНИЕ 
 № 11 
 2019
ВЛИЯНИЕ УВЕЛИЧЕНИЯ ГЛУБИНЫ ДЕЯТЕЛЬНОГО СЛОЯ ПОЧВЫ
1395
Описание растительности и почв района изучения
Точка 1 – координаты: 62°06′ N, 130°14′ E. Ре-
льеф ровный. Растительность – толокнянковый
сосновый лес. Доминирует",Pochved1911003Desyatkin.txt
profile:explicit_pit:5313ebffe33a11d9dd17,site:pochvovedenie:Pochved1911003Desyatkin:text:raw:ru_abbr:dms:0,62.1,130.23333333333332,reported,pochvovedenie,pochvovedenie:Pochved1911003Desyatkin,ВЛИЯНИЕ УВЕЛИЧЕНИЯ ГЛУБИНЫ ДЕЯТЕЛЬНОГО СЛОЯ ПОЧВЫ,,2019,3,,,,,,Explicit pit label and author-reported coordinate in one source phrase.,"{""spatial_linkage"": ""explicit_labeled_pit_coordinate"", ""coordinate_candidate_id"": ""pochvovedenie:Pochved1911003Desyatkin:text:raw:ru_abbr:dms:0""}
Точка 3
Точка 4
Точка 4
Точка 5
Точка 5
ЯКУТСК

ПОЧВОВЕДЕНИЕ 
 № 11 
 2019
ВЛИЯНИЕ УВЕЛИЧЕНИЯ ГЛУБИНЫ ДЕЯТЕЛЬНОГО СЛОЯ ПОЧВЫ
1395
Описание растительности и почв района изучения
Точка 1 – координаты: 62°06′ N, 130°14′ E. Ре-
льеф ровный. Растительность – толокн",Pochved1911003Desyatkin.txt
profile:explicit_pit:77b105caec796b82d08d,site:pochvovedenie:Pochved1906012Taskaeva:text:raw:ru_abbr:dms:0,67.51666666666667,64.05,reported,pochvovedenie,pochvovedenie:Pochved1906012Taskaeva,ХАРАКТЕРИСТИКА СООБЩЕСТВ МИКРОАРТРОПОД,,2019,1,,,,,,Explicit pit label and author-reported coordinate in one source phrase.,"{""spatial_linkage"": ""explicit_labeled_pit_coordinate"", ""coordinate_candidate_id"": ""pochvovedenie:Pochved1906012Taskaeva:text:raw:ru_abbr:dms:0""}
Участок 1. Многолетний сеяный луг (67°31′ N,
64°03′ E), располагающийся на надпойменной
террасе, в настоящее время представляет собой
злаково-разнотравный луг с доминированием
мятлика лугового (Poa pratensis), лисохвоста луго-
вого (Alopecurus pratensis) и щуч",Pochved1906012Taskaeva.txt
profile:explicit_pit:97b993d5c94786e75f5b,site:pochvovedenie:Pochved1911003Desyatkin:text:raw:ru_abbr:dms:0,62.1,130.23333333333332,reported,pochvovedenie,pochvovedenie:Pochved1911003Desyatkin,ВЛИЯНИЕ УВЕЛИЧЕНИЯ ГЛУБИНЫ ДЕЯТЕЛЬНОГО СЛОЯ ПОЧВЫ,,2019,1,,,,,,Explicit pit label and author-reported coordinate in one source phrase.,"{""spatial_linkage"": ""explicit_labeled_pit_coordinate"", ""coordinate_candidate_id"": ""pochvovedenie:Pochved1911003Desyatkin:text:raw:ru_abbr:dms:0""}
Точка 1 – координаты: 62°06′ N, 130°14′ E. Ре-
льеф ровный. Растительность – толокнянковый
сосновый лес. Доминирует Pinus sylvestris L.,
очень малая примесь подроста Larix gmelinii L.
Сомкнутость крон 0.6, высота первого яруса 17–
18 м, второго яруса – 5–8 м. ",Pochved1911003Desyatkin.txt
profile:explicit_pit:bd3c00c2455c9d47c463,site:pochvovedenie:Pochved1911003Desyatkin:text:raw:ru_abbr:dms:0,62.1,130.23333333333332,reported,pochvovedenie,pochvovedenie:Pochved1911003Desyatkin,ВЛИЯНИЕ УВЕЛИЧЕНИЯ ГЛУБИНЫ ДЕЯТЕЛЬНОГО СЛОЯ ПОЧВЫ,,2019,4,,,,,,Explicit pit label and author-reported coordinate in one source phrase.,"{""spatial_linkage"": ""explicit_labeled_pit_coordinate"", ""coordinate_candidate_id"": ""pochvovedenie:Pochved1911003Desyatkin:text:raw:ru_abbr:dms:0""}
Точка 4
Точка 5
Точка 5
ЯКУТСК

ПОЧВОВЕДЕНИЕ 
 № 11 
 2019
ВЛИЯНИЕ УВЕЛИЧЕНИЯ ГЛУБИНЫ ДЕЯТЕЛЬНОГО СЛОЯ ПОЧВЫ
1395
Описание растительности и почв района изучения
Точка 1 – координаты: 62°06′ N, 130°14′ E. Ре-
льеф ровный. Растительность – толокнянковый
сосновый",Pochved1911003Desyatkin.txt
profile:prose:0206e21e7aad5c2a90ba,site:pochvovedenie:Pochved1911009Semendyaeva:text:raw:ru_abbr:decimal:0,55.080833,81.206667,reported,pochvovedenie,pochvovedenie:Pochved1911009Semendyaeva,ВТОРИЧНОЕ ЗАСОЛЕНИЕ ХИМИЧЕСКИ МЕЛИОРИРОВАННЫХ,,2019,,,,СОЛОНЦОВ,Russian/national term (unverified),,Prose profile descriptor linked at document level because this document contains one reported Russian coordinate; it is not a row-level or independently surveyed pit coordinate.,"{""profile_candidate_id"": ""pochvovedenie:Pochved1911009Semendyaeva:text:raw:p:soil:60"", ""spatial_linkage"": ""document_single_reported_coordinate""}
 – 40–60 0.88 0.22 0.66 – – – 8.80 – 60–80 1.19 0.42 0.77 – – – 9.00 – 80–100 1.58 0.64 0.94 – – – 9.30 –  ПОЧВОВЕДЕНИЕ   № 11   2019 ВТОРИЧНОЕ ЗАСОЛЕНИЕ ХИМИЧЕСКИ МЕЛИОРИРОВАННЫХ СОЛОНЦОВ 1379 Результаты исследований свидетельствуют (табл. 2), что весной в профиле почв происходило увеличе- ние содержания общего натрия, а к осени – уменьшение. На третий год после поднятия грун- товых вод общее содержание ",Pochved1911009Semendyaeva.txt
profile:prose:023256a3b29e2227a413,site:pochvovedenie:Pochved1912014Zhangurov:text:raw:dms:l:3,65.23216666666667,60.07622222222223,reported,pochvovedenie,pochvovedenie:Pochved1912014Zhangurov,МОРФОЛОГО-ГЕНЕТИЧЕСКИЕ ОСОБЕННОСТИ ПОЧВ,,2019,,,,торфянистым,Russian/national term (unverified),,Prose profile descriptor linked at document level because this document contains one reported Russian coordinate; it is not a row-level or independently surveyed pit coordinate.,"{""profile_candidate_id"": ""pochvovedenie:Pochved1912014Zhangurov:text:raw:p:soil:41"", ""spatial_linkage"": ""document_single_reported_coordinate""}
 см)–BCf–(4– 10 см)–BC(10–20 см)–C(20–30 см). В верхней ча- сти органогенных горизонтов представлен очес из мхов и лишайников, который сменяется сред- неразложившимся  подстилочно-торфянистым гор. О(F + Н) коричневато-бурой окраски мощ- ностью 3–4 см, в нижней части которой присут- ствует грубогумусированный материал (смесь раз- личных по степени разложения органических остатков с минеральными компонентами).",Pochved1912014Zhangurov.txt
profile:prose:0235a0e590457db231c6,site:pochvovedenie:Pochved1906012Taskaeva:text:raw:dms:l:0,67.43416666666667,63.82638888888889,reported,pochvovedenie,pochvovedenie:Pochved1906012Taskaeva,ХАРАКТЕРИСТИКА СООБЩЕСТВ МИКРОАРТРОПОД,,2019,,,,глееватая,Russian/national term (unverified),,Prose profile descriptor linked at document level because this document contains one reported Russian coordinate; it is not a row-level or independently surveyed pit coordinate.,"{""profile_candidate_id"": ""pochvovedenie:Pochved1906012Taskaeva:text:raw:p:soil:4"", ""spatial_linkage"": ""document_single_reported_coordinate""}
ссеянно (занимают до 30%), в ос- новном из родов Cetraria, Cladina и Cladonia. До 80% поверхности покрывают зеленые и сфагно- вые мхи. Почва – криометаморфическая грубогу- мусовая глееватая (Reductaquic Folic Cryosol). На каждом участке отобрано по 10 проб из ор- ганогенного горизонта для анализа абиотиче- ских почвенных параметров 31 августа 2016 г. и по 20 проб площадью 100 см2 до глубины 7 см для учета ",Pochved1906012Taskaeva.txt
profile:prose:02714a98e7b6d304e98c,site:pochvovedenie:Pochved1912014Zhangurov:text:raw:dms:l:3,65.23216666666667,60.07622222222223,reported,pochvovedenie,pochvovedenie:Pochved1912014Zhangurov,МОРФОЛОГО-ГЕНЕТИЧЕСКИЕ ОСОБЕННОСТИ ПОЧВ,,2019,,,,подзолистого,Russian/national term (unverified),,Prose profile descriptor linked at document level because this document contains one reported Russian coordinate; it is not a row-level or independently surveyed pit coordinate.,"{""profile_candidate_id"": ""pochvovedenie:Pochved1912014Zhangurov:text:raw:p:soil:29"", ""spatial_linkage"": ""document_single_reported_coordinate""}
в гор. Еhi) подтверждают диагностику данного почвенного разреза в типе подзолов ил- лювиально-железистых в рамках подтипа остаточ- но-карбонатных. Формирование четко выражен- ного подзолистого гор. Еhi (мощностью до 10 см) в значительной степени определяется неоднородно- стью почвообразующего субстрата, представлен- ного продуктами разрушения и переотложения карбонатных пород с примесью аллохтонного (более ки",Pochved1912014Zhangurov.txt
profile:prose:030ff839040acaeab0af,site:pochvovedenie:Pochved1902013Stavrova:text:raw:ru_abbr:dms:0,61.833333333333336,57.71666666666667,reported,pochvovedenie,pochvovedenie:Pochved1902013Stavrova,ДОЛГОВРЕМЕННЫЕ ПОСЛЕПОЖАРНЫЕ ИЗМЕНЕНИЯ,,2019,,,,подзолов,Russian/national term (unverified),,Prose profile descriptor linked at document level because this document contains one reported Russian coordinate; it is not a row-level or independently surveyed pit coordinate.,"{""profile_candidate_id"": ""pochvovedenie:Pochved1902013Stavrova:text:raw:p:soil:13"", ""spatial_linkage"": ""document_single_reported_coordinate""}
х сукцессии различается от 3.5 (Zn) до 6–7.5 (Fe и Mn) крат, а локальные различия со- ставляют от 6 (Zn) до 100 (Mn) крат. Анализ характеристик гор. E и BH иллювиаль- но-гумусовых подзолов, показывает, что на ми- неральной части профиля в отличие от органо- генного горизонта процессы послепожарного восстановления отражаются очень слабо. При этом концентрации изученных макро- и микро- элементов в минеральн",Pochved1902013Stavrova.txt
profile:prose:05aabca413e91034833e,site:pochvovedenie:Pochved1901010Maslov:text:raw:ru_abbr:dms:0,66.41666666666667,67.3,reported,pochvovedenie,pochvovedenie:Pochved1901010Maslov,МИКРОБИОЛОГИЧЕСКАЯ ТРАНСФОРМАЦИЯ,,2019,,,,торфянистый,Russian/national term (unverified),,Prose profile descriptor linked at document level because this document contains one reported Russian coordinate; it is not a row-level or independently surveyed pit coordinate.,"{""profile_candidate_id"": ""pochvovedenie:Pochved1901010Maslov:text:raw:p:soil:7"", ""spatial_linkage"": ""document_single_reported_coordinate""}
 13 для данных, полученных для поверхностного слоя. РЕЗУЛЬТАТЫ И ОБСУЖДЕНИЕ Содержание лабильного и микробного углерода в почвах при разных способах рекультивации. Поверх- ностный торфянистый горизонт фоновой почвы характеризуется высоким содержанием экстраги- руемого углерода (1405 ± 157 мг/кг). Концентрация Сэкстр в верхнем слое почв и ТПО при разных вари- антах рекультивации значительно ниже фонового уров",Pochved1901010Maslov.txt
profile:prose:05df094a359fdb63a2df,site:pochvovedenie:Pochved1908007Efremova:text:raw:dms:l:4,54.965,89.30222222222221,reported,pochvovedenie,pochvovedenie:Pochved1908007Efremova,ФОРМАЛИЗОВАННЫЙ АНАЛИЗ ГУМУСНОГО СОСТОЯНИЯ,,2019,,,,торфяных,Russian/national term (unverified),,Prose profile descriptor linked at document level because this document contains one reported Russian coordinate; it is not a row-level or independently surveyed pit coordinate.,"{""profile_candidate_id"": ""pochvovedenie:Pochved1908007Efremova:text:raw:p:soil:40"", ""spatial_linkage"": ""document_single_reported_coordinate""}
utric Histosols. Все почвы слагаются торфами моховой группы. Как следует из рис. 2В, по степени разложения (<25%) верхние горизонты Рис. 1. Карта-схема местонахождения исследуемых торфяных массивов восточного макросклона Куз- нецкого Алатау: 1 – Арарат, 2 – Пихтерек, 3 – Бюря, 4 – Тунгужуль, 5 – Печище. 55 N 54 N 89 E 90 E 91 E Белогорск Шира Новоселово Ужур W E S N Сорск ЧЕРНОГОРСК Административная ",Pochved1908007Efremova.txt
profile:prose:06db76ca7691170fee66,site:pochvovedenie:Pochved1901011Pampura:text:raw:ru_abbr:dms:0,49.0,44.18333333333333,reported,pochvovedenie,pochvovedenie:Pochved1901011Pampura,ПОГРЕБЕННЫЕ ПАЛЕОПОЧВЫ КАК ФОНОВЫЕ ОБЪЕКТЫ,,2019,,,,каштановой,Russian/national term (unverified),,Prose profile descriptor linked at document level because this document contains one reported Russian coordinate; it is not a row-level or independently surveyed pit coordinate.,"{""profile_candidate_id"": ""pochvovedenie:Pochved1901011Pampura:text:raw:p:soil:3"", ""spatial_linkage"": ""document_single_reported_coordinate""}
нным археологами Волгоградского университета к катакомбной куль- туре середины 3 тысячелетия до н. э. [5]. Высота кургана составляет около двух метров (рис. 1). Разрез современной каштановой почвы (Kasta- nozems) расположен в 30 м к югу от края кургана. Территория курганного могильника удалена от дорог и других индустриальных объектов. Рас- стояние до ближайшего крупного города (Волго- град) — 108 км в ЮВ н",Pochved1901011Pampura.txt
profile:prose:09ec350f19472eab2153,site:pochvovedenie:Pochved1904008Gyninova:text:raw:dms:l:0,52.12975,106.90983333333334,reported,pochvovedenie,pochvovedenie:Pochved1904008Gyninova,ПОСЛЕПОЖАРНАЯ ЭВОЛЮЦИЯ ПЕСЧАНЫХ ПОЧВ,,2019,,,,,,лесных,Prose profile descriptor linked at document level because this document contains one reported Russian coordinate; it is not a row-level or independently surveyed pit coordinate.,"{""profile_candidate_id"": ""pochvovedenie:Pochved1904008Gyninova:text:raw:p:land:17"", ""spatial_linkage"": ""document_single_reported_coordinate""}
длительно сохраняющиеся пирогенные горизонты отмечены индексом pir, обозначающим по [21] наличие остаточных продуктов горения торфа. Использование индекса pir для постпиро- генных лесных почв и выделение на уровне подти- пов актуально в связи с длительным периодом по- слепожарного восстановления почв. В WRB выде- ление подобных постпирогенных квалификаторов не предусмотрено. Специфика развития почвы по-",Pochved1904008Gyninova.txt
profile:prose:173c91801034bc9caa09,site:pochvovedenie:Pochved1911009Semendyaeva:text:raw:ru_abbr:decimal:0,55.080833,81.206667,reported,pochvovedenie,pochvovedenie:Pochved1911009Semendyaeva,ВТОРИЧНОЕ ЗАСОЛЕНИЕ ХИМИЧЕСКИ МЕЛИОРИРОВАННЫХ,,2019,,,,солонцеватой,Russian/national term (unverified),,Prose profile descriptor linked at document level because this document contains one reported Russian coordinate; it is not a row-level or independently surveyed pit coordinate.,"{""profile_candidate_id"": ""pochvovedenie:Pochved1911009Semendyaeva:text:raw:p:soil:72"", ""spatial_linkage"": ""document_single_reported_coordinate""}
 нижние горизонты и да- лее – в грунтовые воды. Профиль солонцов, ме- лиорированных полной и повышенной дозами гипса, приблизился по своим свойствам к профи- лю черноземно-луговой солонцеватой почвы. Установлено, что, если в ППК гор. В засолен- ных почв обменного натрия <3 смоль(экв)/кг, то столбчатая структура в нем не формируется, а свы- ше данного количества – начинает образовывать- ся типичный для условий",Pochved1911009Semendyaeva.txt
profile:prose:17a54d3a9afb9b526704,site:pochvovedenie:Pochved1902013Stavrova:text:raw:ru_abbr:dms:0,61.833333333333336,57.71666666666667,reported,pochvovedenie,pochvovedenie:Pochved1902013Stavrova,ДОЛГОВРЕМЕННЫЕ ПОСЛЕПОЖАРНЫЕ ИЗМЕНЕНИЯ,,2019,,,,,,лесной,Prose profile descriptor linked at document level because this document contains one reported Russian coordinate; it is not a row-level or independently surveyed pit coordinate.,"{""profile_candidate_id"": ""pochvovedenie:Pochved1902013Stavrova:text:raw:p:land:20"", ""spatial_linkage"": ""document_single_reported_coordinate""}
0 лет после пожара) и три основных периода послепожарной динамики характеристик верхних горизонтов почв. Установлено, что на рубеже около 80 лет после пожара уменьшается зольность лесной подстилки и концентрация Fe. Через 160–200 лет после пожара мощность лесной подстилки восстанавливается в среднем до 9.7 см (8.3–10.4 см); снижается величина pH, концентрации Ca, K и Mn. Сделан вывод о существенном изме",Pochved1902013Stavrova.txt
profile:prose:2575021212b2ccebf452,site:pochvovedenie:Pochved1904008Gyninova:text:raw:dms:l:0,52.12975,106.90983333333334,reported,pochvovedenie,pochvovedenie:Pochved1904008Gyninova,ПОСЛЕПОЖАРНАЯ ЭВОЛЮЦИЯ ПЕСЧАНЫХ ПОЧВ,,2019,,,,,,Лесная,Prose profile descriptor linked at document level because this document contains one reported Russian coordinate; it is not a row-level or independently surveyed pit coordinate.,"{""profile_candidate_id"": ""pochvovedenie:Pochved1904008Gyninova:text:raw:p:land:2"", ""spatial_linkage"": ""document_single_reported_coordinate""}
ах восточной части Селенгинского дельтового района, как минимум 100 лет, пожа- ров не было. Профиль почвы включает горизонты: О(0–4)– Wе(4–9)–C˙˙f(9–33)–С1˙˙f(33–70)–С2˙˙(70–110). Лесная подстилка состоит в основном из остат- ков хвои, степень разложения которой в верхней части слабая и увеличивается к нижней. Гор. Wе песчаный, буровато-светло-серый (10YR 5/2), в нижней части – прерывистая освет- леннна",Pochved1904008Gyninova.txt
profile:prose:27dcaaea55150761bb8a,site:pochvovedenie:Pochved1912014Zhangurov:text:raw:dms:l:3,65.23216666666667,60.07622222222223,reported,pochvovedenie,pochvovedenie:Pochved1912014Zhangurov,МОРФОЛОГО-ГЕНЕТИЧЕСКИЕ ОСОБЕННОСТИ ПОЧВ,,2019,,,,подзолистого,Russian/national term (unverified),,Prose profile descriptor linked at document level because this document contains one reported Russian coordinate; it is not a row-level or independently surveyed pit coordinate.,"{""profile_candidate_id"": ""pochvovedenie:Pochved1912014Zhangurov:text:raw:p:soil:43"", ""spatial_linkage"": ""document_single_reported_coordinate""}
ению с почвообразу- ющей породой. Для разр. 83-2012, сформированно- го на элювии карбонатных пород, образование чет- ко выраженного (по морфологии и физико-хими- ческим свойствам) подзолистого горизонта в значительной степени определяется наличием кис- лого аллохтонного ледникового материала морены. Таким образом, перечисленные выше морфологи- ческие и аналитические признаки в полной мере свидетельствуют о пр",Pochved1912014Zhangurov.txt
profile:prose:2cc6c120543d65631b7b,site:pochvovedenie:Pochved1911009Semendyaeva:text:raw:ru_abbr:decimal:0,55.080833,81.206667,reported,pochvovedenie,pochvovedenie:Pochved1911009Semendyaeva,ВТОРИЧНОЕ ЗАСОЛЕНИЕ ХИМИЧЕСКИ МЕЛИОРИРОВАННЫХ,,2019,,,,,,залежь,Prose profile descriptor linked at document level because this document contains one reported Russian coordinate; it is not a row-level or independently surveyed pit coordinate.,"{""profile_candidate_id"": ""pochvovedenie:Pochved1911009Semendyaeva:text:raw:p:land:111"", ""spatial_linkage"": ""document_single_reported_coordinate""}
- ние всех лет наблюдений содержание обменного Na было более 3 смоль(экв)/кг, что способствова- ло восстановлению столбчатого горизонта после перевода экспериментального участка в залежь. Резкий подъем минерализованных грунтовых вод вызвал вторичное засоление солонцов. В кон- троле и варианте с дозой гипса 11 т/га содержание Na+ увеличилось по всему метровому профилю. В слое 0–20 см количество натрия во",Pochved1911009Semendyaeva.txt
profile:prose:2dfd47fceb9c0e3bbb6c,site:pochvovedenie:Pochved1912014Zhangurov:text:raw:dms:l:3,65.23216666666667,60.07622222222223,reported,pochvovedenie,pochvovedenie:Pochved1912014Zhangurov,МОРФОЛОГО-ГЕНЕТИЧЕСКИЕ ОСОБЕННОСТИ ПОЧВ,,2019,,,,подзолистый,Russian/national term (unverified),,Prose profile descriptor linked at document level because this document contains one reported Russian coordinate; it is not a row-level or independently surveyed pit coordinate.,"{""profile_candidate_id"": ""pochvovedenie:Pochved1912014Zhangurov:text:raw:p:soil:23"", ""spatial_linkage"": ""document_single_reported_coordinate""}
15 см)–BНFса(15– 20 см)–BCса (20–40 см)–Cса (40–60 см). Под среднеразложившейся оторфованной подстил- кой O(F + H), pyr с включениями остатков после- пожарных  углей  формируется  подзолистый гор. Еhi с мощностью до 10 см – в верхней части сероватой окраски (10YR 4/1) пропитан потеч- ным гумусом, в средней части горизонта серова- то-белесой окраски (10YR 5/6–6/1), легкий/сред- ний суглинок. Иллювиально-гумус",Pochved1912014Zhangurov.txt
profile:prose:31d8ab991e57c69b5696,site:pochvovedenie:Pochved1911009Semendyaeva:text:raw:ru_abbr:decimal:0,55.080833,81.206667,reported,pochvovedenie,pochvovedenie:Pochved1911009Semendyaeva,ВТОРИЧНОЕ ЗАСОЛЕНИЕ ХИМИЧЕСКИ МЕЛИОРИРОВАННЫХ,,2019,,,,солонцы,Russian/national term (unverified),,Prose profile descriptor linked at document level because this document contains one reported Russian coordinate; it is not a row-level or independently surveyed pit coordinate.,"{""profile_candidate_id"": ""pochvovedenie:Pochved1911009Semendyaeva:text:raw:p:soil:26"", ""spatial_linkage"": ""document_single_reported_coordinate""}
н- ской равнины в АО “Кабинетное” Чулымского района Новосибирской области. Эксперимен- тальные площадки расположены 55.080833° N, 81.206667° E. Почвы – химически мелиорирован- ные солонцы корковые гидроморфные чернозем- но-луговые высокосолончаковатые сульфатно- содовые слабо- и среднезасоленные глубококар- бонатные с высоким содержанием натрия в ил- лювиальном (солонцовом) горизонте в целинном состоянии",Pochved1911009Semendyaeva.txt
profile:prose:354fae17922ec4a50bdd,site:pochvovedenie:Pochved1911009Semendyaeva:text:raw:ru_abbr:decimal:0,55.080833,81.206667,reported,pochvovedenie,pochvovedenie:Pochved1911009Semendyaeva,ВТОРИЧНОЕ ЗАСОЛЕНИЕ ХИМИЧЕСКИ МЕЛИОРИРОВАННЫХ,,2019,,,,солонцового,Russian/national term (unverified),,Prose profile descriptor linked at document level because this document contains one reported Russian coordinate; it is not a row-level or independently surveyed pit coordinate.,"{""profile_candidate_id"": ""pochvovedenie:Pochved1911009Semendyaeva:text:raw:p:soil:34"", ""spatial_linkage"": ""document_single_reported_coordinate""}
ировался именно корковый солонец. Внесение 0.25 нормы по Гедройцу (11 т/га гип- са) обеспечило лишь мелиорирование слоя в 7 см. Глубже начали формироваться фрагменты столб- чатого солонцового горизонта. Полные дозы гип- са (45 и 56 т/га) создали пахотный горизонт рых- лый комковато-зернистой структуры. Эффект длительного действия гипса проявился и в ниж- них горизонтах профиля. Чем выше доза гипса, тем выше ",Pochved1911009Semendyaeva.txt
profile:prose:35e24065fc6533ee6d92,site:pochvovedenie:Pochved1912014Zhangurov:text:raw:dms:l:3,65.23216666666667,60.07622222222223,reported,pochvovedenie,pochvovedenie:Pochved1912014Zhangurov,МОРФОЛОГО-ГЕНЕТИЧЕСКИЕ ОСОБЕННОСТИ ПОЧВ,,2019,,,,торфянистость,Russian/national term (unverified),,Prose profile descriptor linked at document level because this document contains one reported Russian coordinate; it is not a row-level or independently surveyed pit coordinate.,"{""profile_candidate_id"": ""pochvovedenie:Pochved1912014Zhangurov:text:raw:p:soil:5"", ""spatial_linkage"": ""document_single_reported_coordinate""}
-тундровых ландшафтах. Установлено, что поверхност- ное, преимущественно напочвенное поступление растительного опада, медленная его минерализа- ция обусловливают грубогумусность и торфянистость верхних горизонтов с широким молекуляр- ным отношением C : N. Ключевые слова: диагностические горизонты, лиственница сибирская, почвообразующие породы, классификация почв DOI: 10.1134/S0032180X19120141 ВВЕДЕНИЕ Изучение",Pochved1912014Zhangurov.txt
profile:prose:3a666fba6e501c725fd7,site:pochvovedenie:Pochved1911009Semendyaeva:text:raw:ru_abbr:decimal:0,55.080833,81.206667,reported,pochvovedenie,pochvovedenie:Pochved1911009Semendyaeva,ВТОРИЧНОЕ ЗАСОЛЕНИЕ ХИМИЧЕСКИ МЕЛИОРИРОВАННЫХ,,2019,,,,солонцов,Russian/national term (unverified),,Prose profile descriptor linked at document level because this document contains one reported Russian coordinate; it is not a row-level or independently surveyed pit coordinate.,"{""profile_candidate_id"": ""pochvovedenie:Pochved1911009Semendyaeva:text:raw:p:soil:12"", ""spatial_linkage"": ""document_single_reported_coordinate""}
рации на солонцах с близким залеганием минерализованных грунтовых вод. УДК 631.445.53 МЕЛИОРАЦИЯ ПОЧВ  1374 ПОЧВОВЕДЕНИЕ   № 11   2019 СЕМЕНДЯЕВА и др. Установлено, что гипсование солонцов вызва- ло вытеснение Na+ и Mg2+ из ППК гор. А и В1 и замещение их кальцием гипса. Продукты обмена в виде солей (Na2SO4) из верхних горизонтов уда- лялись в нижние, вплоть до грунтовых вод (при среднегодовом количестве о",Pochved1911009Semendyaeva.txt
profile:prose:3bec49a5dbed7e88d0b9,site:pochvovedenie:Pochved1911007Nikitin:text:raw:dms:l:0,56.133805555555554,37.802027777777774,reported,pochvovedenie,pochvovedenie:Pochved1911007Nikitin,СЕЗОННАЯ ДИНАМИКА БИОМАССЫ МИКРООРГАНИЗМОВ,,2019,,,,дерново-подзолистой,Russian/national term (unverified),,Prose profile descriptor linked at document level because this document contains one reported Russian coordinate; it is not a row-level or independently surveyed pit coordinate.,"{""profile_candidate_id"": ""pochvovedenie:Pochved1911007Nikitin:text:raw:p:soil:19"", ""spatial_linkage"": ""document_single_reported_coordinate""}
уры почвенного горизонта на показатели биомассы (табл. 2). ЗАКЛЮЧЕНИЕ Показатели биомассы микроорганизмов значи- тельно изменяются в течение года во всех генети- ческих горизонтах дерново-подзолистой почвы. Наиболее значимые сезонные изменения микроб- ной биомассы отмечены для верхнего гор. P. В гор. BEL и BT2 сезонная динамика микробного сообщества более сглажена. Минимальную чис- ленность и биомассу всех групп мик",Pochved1911007Nikitin.txt
profile:prose:49f7bb0a0e6eb235c2d0,site:pochvovedenie:Pochved1901003Golubtsov:text:raw:ru_abbr:dms:0,52.85,103.33333333333333,reported,pochvovedenie,pochvovedenie:Pochved1901003Golubtsov,КАРБОНАТНЫЕ РИЗОЛИТЫ В ДЮННЫХ ПЕСКАХ,,2019,,,,Fluvisol,WRB,,Prose profile descriptor linked at document level because this document contains one reported Russian coordinate; it is not a row-level or independently surveyed pit coordinate.,"{""profile_candidate_id"": ""pochvovedenie:Pochved1901003Golubtsov:text:raw:p:soil:2"", ""spatial_linkage"": ""document_single_reported_coordinate""}
е пески (пачки IV и V) [4]. Выделяется несколько уровней почвообразо- вания. Почва V характеризуется профилем [AY]– AYC–C~~ и относится к типу аллювиальных гуму- совых (дерновых) (Fluvisol (Humic)). Гор. [AY] обогащен пылеватыми и илистой фракциями, со- держание которых уменьшается вниз по профилю. В перекрывающих и подстилающих гумусовый го- ризонт отложениях отмечается максимальное в разрезе содержание ",Pochved1901003Golubtsov.txt
profile:prose:4cfb900c54cba7af8819,site:pochvovedenie:Pochved1901010Maslov:text:raw:ru_abbr:dms:0,66.41666666666667,67.3,reported,pochvovedenie,pochvovedenie:Pochved1901010Maslov,МИКРОБИОЛОГИЧЕСКАЯ ТРАНСФОРМАЦИЯ,,2019,,,,торфянистого,Russian/national term (unverified),,Prose profile descriptor linked at document level because this document contains one reported Russian coordinate; it is not a row-level or independently surveyed pit coordinate.,"{""profile_candidate_id"": ""pochvovedenie:Pochved1901010Maslov:text:raw:p:soil:6"", ""spatial_linkage"": ""document_single_reported_coordinate""}
ношение минеральных и органи- ческих форм в экстрагируемом пуле азота в целом характерно для тундровых почв [11]. Проведенные рекультивационные мероприятия, связанные с нарушением торфянистого горизонта и внесением азотных удобрений, привели к изменению экс- Таблица 1. Общая характеристика объектов исследования № Вариант рекультивации Почва/ТПО Рекультивационные работы Примечание 1.1 Очистка почвы на уста- но",Pochved1901010Maslov.txt
profile:prose:4dca660f1eabc6701d99,site:pochvovedenie:Pochved1911007Nikitin:text:raw:dms:l:0,56.133805555555554,37.802027777777774,reported,pochvovedenie,pochvovedenie:Pochved1911007Nikitin,СЕЗОННАЯ ДИНАМИКА БИОМАССЫ МИКРООРГАНИЗМОВ,,2019,,,,,,forest,Prose profile descriptor linked at document level because this document contains one reported Russian coordinate; it is not a row-level or independently surveyed pit coordinate.,"{""profile_candidate_id"": ""pochvovedenie:Pochved1911007Nikitin:text:raw:p:land:38"", ""spatial_linkage"": ""document_single_reported_coordinate""}
 фонда, проект № 17-16-01057. Список ЛИТЕРАТУРЫ 1. Agnelli A., Ascher J., Corti G., Ceccherini M.T., Nannip- ieri P., Pietramellara G. Distribution of microbial com- munities in a forest soil profile investigated by microbial biomass, soil respiration and DGGE of total and extra- cellular DNA // Soil Biol. Biochem. 2004. V. 36. № 5. P. 859–868.  https://doi.org/10.1016/j.soilbio.2004.02.004 2. Ананьева ",Pochved1911007Nikitin.txt
profile:prose:4ee73378a8d62f07de3c,site:pochvovedenie:Pochved1911009Semendyaeva:text:raw:ru_abbr:decimal:0,55.080833,81.206667,reported,pochvovedenie,pochvovedenie:Pochved1911009Semendyaeva,ВТОРИЧНОЕ ЗАСОЛЕНИЕ ХИМИЧЕСКИ МЕЛИОРИРОВАННЫХ,,2019,,,,солонцах,Russian/national term (unverified),,Prose profile descriptor linked at document level because this document contains one reported Russian coordinate; it is not a row-level or independently surveyed pit coordinate.,"{""profile_candidate_id"": ""pochvovedenie:Pochved1911009Semendyaeva:text:raw:p:soil:75"", ""spatial_linkage"": ""document_single_reported_coordinate""}
енно. В нижних горизонтах оно значительно превысило за- фиксированное при закладке опыта – до 14–16 в контроле и до 10–17 смоль(экв)/кг в варианте 11 т/га гипса. В мелиорированных солонцах с полной и повышенной дозами гипса содержание натрия в профиле также возросло, но меньше, чем в кон- троле. В последующие годы (2014–2017) при сни- жении УГВ профили солонцов постепенно рассо- лялись, как в контрольных ",Pochved1911009Semendyaeva.txt
profile:prose:4fe4a4fc45b9eeabfdc2,site:pochvovedenie:Pochved1901011Pampura:text:raw:ru_abbr:dms:0,49.0,44.18333333333333,reported,pochvovedenie,pochvovedenie:Pochved1901011Pampura,ПОГРЕБЕННЫЕ ПАЛЕОПОЧВЫ КАК ФОНОВЫЕ ОБЪЕКТЫ,,2019,,,,торфяники,Russian/national term (unverified),,Prose profile descriptor linked at document level because this document contains one reported Russian coordinate; it is not a row-level or independently surveyed pit coordinate.,"{""profile_candidate_id"": ""pochvovedenie:Pochved1901011Pampura:text:raw:p:soil:31"", ""spatial_linkage"": ""document_single_reported_coordinate""}
ом нами районе? К сожалению, историческая реконструкция атмосферных выпадений в степной зоне затруд- нительна в связи с отсутствием таких природных архивов, как ледники и верховые торфяники. Од- нако мы можем оценить превышение современ- ных выпадений в Перекопке по отношению к до- антропогенному фону, используя наши недавние исследования датированного торфяного разреза верхового болота на СЗ европейской ч",Pochved1901011Pampura.txt
profile:prose:574ca9a629d70970b798,site:pochvovedenie:Pochved1911009Semendyaeva:text:raw:ru_abbr:decimal:0,55.080833,81.206667,reported,pochvovedenie,pochvovedenie:Pochved1911009Semendyaeva,ВТОРИЧНОЕ ЗАСОЛЕНИЕ ХИМИЧЕСКИ МЕЛИОРИРОВАННЫХ,,2019,,,,солонцового,Russian/national term (unverified),,Prose profile descriptor linked at document level because this document contains one reported Russian coordinate; it is not a row-level or independently surveyed pit coordinate.,"{""profile_candidate_id"": ""pochvovedenie:Pochved1911009Semendyaeva:text:raw:p:soil:48"", ""spatial_linkage"": ""document_single_reported_coordinate""}
ово-чернозем- ных, черноземно-луговых и луговых) является критическое содержание натрия в профиле почв в количестве 2.5–3.0 смоль(экв)/кг. В дальнейшем формирование иллювиального (солонцового) го- ризонта может происходить экспоненциально под воздействием природных факторов. Отмечено, что в течение всего срока наблю- дений ни в одном слое изучаемых солонцов в контроле содержание натрия не было меньше 3.0 смо",Pochved1911009Semendyaeva.txt
profile:prose:584365202511eb9e76f3,site:pochvovedenie:Pochved1912014Zhangurov:text:raw:dms:l:3,65.23216666666667,60.07622222222223,reported,pochvovedenie,pochvovedenie:Pochved1912014Zhangurov,МОРФОЛОГО-ГЕНЕТИЧЕСКИЕ ОСОБЕННОСТИ ПОЧВ,,2019,,,,подзолов,Russian/national term (unverified),,Prose profile descriptor linked at document level because this document contains one reported Russian coordinate; it is not a row-level or independently surveyed pit coordinate.,"{""profile_candidate_id"": ""pochvovedenie:Pochved1912014Zhangurov:text:raw:p:soil:44"", ""spatial_linkage"": ""document_single_reported_coordinate""}
Таким образом, перечисленные выше морфологи- ческие и аналитические признаки в полной мере свидетельствуют о правомерности отнесения дан- ных почв к подтипу иллювиально-железистых подзолов. Необходимо отметить, что в субстантив- но-генетической классификации почв России подзолы с насыщенностью 80% и близким к ней- тральному рН описаны и охарактеризованы на примере единичных разрезов [6]. В этой связи, в с",Pochved1912014Zhangurov.txt
profile:prose:59ca2a3ac84b2c7a9b23,site:pochvovedenie:Pochved1901011Pampura:text:raw:ru_abbr:dms:0,49.0,44.18333333333333,reported,pochvovedenie,pochvovedenie:Pochved1901011Pampura,ПОГРЕБЕННЫЕ ПАЛЕОПОЧВЫ КАК ФОНОВЫЕ ОБЪЕКТЫ,,2019,,,,каштановой,Russian/national term (unverified),,Prose profile descriptor linked at document level because this document contains one reported Russian coordinate; it is not a row-level or independently surveyed pit coordinate.,"{""profile_candidate_id"": ""pochvovedenie:Pochved1901011Pampura:text:raw:p:soil:11"", ""spatial_linkage"": ""document_single_reported_coordinate""}
%. В нашем случае вытяжка была одиночной и не являлась ступенью в серии последовательных экстракций, как в приведен- Рис. 2. Разрезы: А – насыпи кургана Перекопка 5 и подкурганной каштановой солонцеватой солончаковатой палео- почвы, Б – современной удаленной темно-каштановой почвы. А Б A1k 0−25 C1k 25−75 C2k 75−176 A1 176−189 Dfe 80−130 Dca 52−80 Aпах  6−33 Aд  0−6 BCca 33−52 B1 189−203 B2ca 203−215 BCca 21",Pochved1901011Pampura.txt
profile:prose:5e15a1e59b66bc703d54,site:pochvovedenie:Pochved1901011Pampura:text:raw:ru_abbr:dms:0,49.0,44.18333333333333,reported,pochvovedenie,pochvovedenie:Pochved1901011Pampura,ПОГРЕБЕННЫЕ ПАЛЕОПОЧВЫ КАК ФОНОВЫЕ ОБЪЕКТЫ,,2019,,,,каштановая,Russian/national term (unverified),,Prose profile descriptor linked at document level because this document contains one reported Russian coordinate; it is not a row-level or independently surveyed pit coordinate.,"{""profile_candidate_id"": ""pochvovedenie:Pochved1901011Pampura:text:raw:p:soil:26"", ""spatial_linkage"": ""document_single_reported_coordinate""}
еристикам и относят- ся к разным подтипам каштановой почвы. Совре- менная темно-каштановая незасоленная почва, по-видимому, формировалась в более влажных условиях, чем погребенная каштановая солонце- ватая солончаковатая палеопочва [5]. Это могло способствовать большей подвижности свинца в профиле современной почвы, выносу его наибо- лее подвижных форм из верхнего горизонта и пе- рераспределению по профилю,",Pochved1901011Pampura.txt
profile:prose:5e46ceda8d37f71b743b,site:pochvovedenie:Pochved1905005Koshovskii:text:raw:russian_decimal_degrees:lon_first:0,53.63,37.16,reported,pochvovedenie,pochvovedenie:Pochved1905005Koshovskii,"ДИАГНОСТИКА, ГЕНЕЗИС И ЛОКАЛИЗАЦИЯ ПЕДОСЕДИМЕНТОВ",,2019,,,,,,залежи,Prose profile descriptor linked at document level because this document contains one reported Russian coordinate; it is not a row-level or independently surveyed pit coordinate.,"{""profile_candidate_id"": ""pochvovedenie:Pochved1905005Koshovskii:text:raw:p:land:44"", ""spatial_linkage"": ""document_single_reported_coordinate""}
олько по повы- шенной мощности гумусового профиля – мощ- ные – описаны в 58% разрезов ПДС. Они распро- странены на задернованных нераспахиваемых бортах, а также на пологом участке залежи, рас- положенном в вершине балки. Педоседименты, выделенные по сочетанию повышенной мощно- сти и по наличию светлых (отмытых) прослоев – мощные перемытые – составляют 19% от описан- ных ПДС, в основном они приурочены к ",Pochved1905005Koshovskii.txt
profile:prose:5e95acdf36b8f469dba7,site:pochvovedenie:Pochved1904008Gyninova:text:raw:dms:l:0,52.12975,106.90983333333334,reported,pochvovedenie,pochvovedenie:Pochved1904008Gyninova,ПОСЛЕПОЖАРНАЯ ЭВОЛЮЦИЯ ПЕСЧАНЫХ ПОЧВ,,2019,,,,,,лесной,Prose profile descriptor linked at document level because this document contains one reported Russian coordinate; it is not a row-level or independently surveyed pit coordinate.,"{""profile_candidate_id"": ""pochvovedenie:Pochved1904008Gyninova:text:raw:p:land:11"", ""spatial_linkage"": ""document_single_reported_coordinate""}
ию почв под воздействием огня и ветра. Реакция среды в почве под негорелым лесом и после верхового пожара кислая (табл. 2), что объ- ясняется спецификой разложения и гумифика- ции лесной подстилки, состоящей в основном из хвои сосны и остатков лишайника. После низо- вого пожара в пирогенных горизонтах реакция среды слабокислая. Причина снижения кислот- ности заключается, очевидно, в образовании уг- лист",Pochved1904008Gyninova.txt
profile:prose:62780d53a3b728d7bd54,site:pochvovedenie:Pochved1901011Pampura:text:raw:ru_abbr:dms:0,49.0,44.18333333333333,reported,pochvovedenie,pochvovedenie:Pochved1901011Pampura,ПОГРЕБЕННЫЕ ПАЛЕОПОЧВЫ КАК ФОНОВЫЕ ОБЪЕКТЫ,,2019,,,,солонце,Russian/national term (unverified),,Prose profile descriptor linked at document level because this document contains one reported Russian coordinate; it is not a row-level or independently surveyed pit coordinate.,"{""profile_candidate_id"": ""pochvovedenie:Pochved1901011Pampura:text:raw:p:soil:27"", ""spatial_linkage"": ""document_single_reported_coordinate""}
 относят- ся к разным подтипам каштановой почвы. Совре- менная темно-каштановая незасоленная почва, по-видимому, формировалась в более влажных условиях, чем погребенная каштановая солонце- ватая солончаковатая палеопочва [5]. Это могло способствовать большей подвижности свинца в профиле современной почвы, выносу его наибо- лее подвижных форм из верхнего горизонта и пе- рераспределению по профилю, несколь",Pochved1901011Pampura.txt
profile:prose:68ca2e8a826447518ebd,site:pochvovedenie:Pochved1901011Pampura:text:raw:ru_abbr:dms:0,49.0,44.18333333333333,reported,pochvovedenie,pochvovedenie:Pochved1901011Pampura,ПОГРЕБЕННЫЕ ПАЛЕОПОЧВЫ КАК ФОНОВЫЕ ОБЪЕКТЫ,,2019,,,,,,forest,Prose profile descriptor linked at document level because this document contains one reported Russian coordinate; it is not a row-level or independently surveyed pit coordinate.,"{""profile_candidate_id"": ""pochvovedenie:Pochved1901011Pampura:text:raw:p:land:44"", ""spatial_linkage"": ""document_single_reported_coordinate""}
590 с. 7. Allèrge C.J. Isotope Geology. Cambridge: University Press, 2005. 512 p. 8. Billet M.F., Fitzpatrick E.A., Cresser M.S. Long-term changes in the Cu, Pb, and Zn content of forest soil or- ganic horizon from North-East Scotland // Water Air Soil Pollut. 1991. V. 59. P. 179–191. 9. Bindler R., Brännval M-L., Renberg I. Natural lead con- centrations in pristine boreal forest soils and past pollu- t",Pochved1901011Pampura.txt
profile:prose:6a636f03a54f3f32fe17,site:pochvovedenie:Pochved1901011Pampura:text:raw:ru_abbr:dms:0,49.0,44.18333333333333,reported,pochvovedenie,pochvovedenie:Pochved1901011Pampura,ПОГРЕБЕННЫЕ ПАЛЕОПОЧВЫ КАК ФОНОВЫЕ ОБЪЕКТЫ,,2019,,,,каштановая,Russian/national term (unverified),,Prose profile descriptor linked at document level because this document contains one reported Russian coordinate; it is not a row-level or independently surveyed pit coordinate.,"{""profile_candidate_id"": ""pochvovedenie:Pochved1901011Pampura:text:raw:p:soil:4"", ""spatial_linkage"": ""document_single_reported_coordinate""}
онструкции. Разрезы кургана, погребенной и современной удаленной почв представлены на рис. 2. Характеристики почв представлены в табл. 1 и 2. Погребенная почва диагностирована как каштановая (Kastanozems) солонцеватая со- лончаковатая. Удаленная современная почва от- носится к темно-каштановой (Kastanozems) неза- соленной маломощной среднесуглинистой на песчаных отложениях. Подробное описание раз- резов пре",Pochved1901011Pampura.txt
profile:prose:6ad21752fb6afabbc9cd,site:pochvovedenie:Pochved1902013Stavrova:text:raw:ru_abbr:dms:0,61.833333333333336,57.71666666666667,reported,pochvovedenie,pochvovedenie:Pochved1902013Stavrova,ДОЛГОВРЕМЕННЫЕ ПОСЛЕПОЖАРНЫЕ ИЗМЕНЕНИЯ,,2019,,,,,,forest,Prose profile descriptor linked at document level because this document contains one reported Russian coordinate; it is not a row-level or independently surveyed pit coordinate.,"{""profile_candidate_id"": ""pochvovedenie:Pochved1902013Stavrova:text:raw:p:land:71"", ""spatial_linkage"": ""document_single_reported_coordinate""}
 established. In about 80 years after fire, the ash content and Fe concentration in the litter horizon are re- duced. At the turn of 160–200 years after fire, the thickness of the forest litter is restored and stabilized at the level of about 9.7 (8.3–10.4) cm; the pH value and concentrations of Ca, K, and Mn in the litter horizon be- come lower. A conclusion is made about a significant change in soil c",Pochved1902013Stavrova.txt
profile:prose:6af9a97d2a6807307365,site:pochvovedenie:Pochved1911009Semendyaeva:text:raw:ru_abbr:decimal:0,55.080833,81.206667,reported,pochvovedenie,pochvovedenie:Pochved1911009Semendyaeva,ВТОРИЧНОЕ ЗАСОЛЕНИЕ ХИМИЧЕСКИ МЕЛИОРИРОВАННЫХ,,2019,,,,солонцеоб,Russian/national term (unverified),,Prose profile descriptor linked at document level because this document contains one reported Russian coordinate; it is not a row-level or independently surveyed pit coordinate.,"{""profile_candidate_id"": ""pochvovedenie:Pochved1911009Semendyaeva:text:raw:p:soil:54"", ""spatial_linkage"": ""document_single_reported_coordinate""}
внению с контролем. Отсутствие увеличения количества натрия в слое 20–40 см свидетельствует о дли- тельном действии гипса. Однако этой дозы недо- статочно для прекращения процесса солонцеоб- разования, о чем свидетельствует восстановление столбчатой структуры в профиле почв данного варианта [22]. Действие полной (45 т/га) и повышенной (56 т/га) доз гипса выразилось в усиленном вытес- нении натрия из ППК по",Pochved1911009Semendyaeva.txt
profile:prose:707c47d26902e918e498,site:pochvovedenie:Pochved1901011Pampura:text:raw:ru_abbr:dms:0,49.0,44.18333333333333,reported,pochvovedenie,pochvovedenie:Pochved1901011Pampura,ПОГРЕБЕННЫЕ ПАЛЕОПОЧВЫ КАК ФОНОВЫЕ ОБЪЕКТЫ,,2019,,,,,,лесной,Prose profile descriptor linked at document level because this document contains one reported Russian coordinate; it is not a row-level or independently surveyed pit coordinate.,"{""profile_candidate_id"": ""pochvovedenie:Pochved1901011Pampura:text:raw:p:land:41"", ""spatial_linkage"": ""document_single_reported_coordinate""}
ерекопке по отношению к до- антропогенному фону, используя наши недавние исследования датированного торфяного разреза верхового болота на СЗ европейской части Рос- сии (Центрально-лесной государственный при- родный биосферный заповедник, Тверская обл.)  56 ПОЧВОВЕДЕНИЕ   № 1   2019 ПАМПУРА и др. [50]. Полученные результаты хорошо согласу- ются с зарубежными европейскими данными и свидетельствуют о том, ",Pochved1901011Pampura.txt
profile:prose:74cf025b20e65ab058ca,site:pochvovedenie:Pochved1901011Pampura:text:raw:ru_abbr:dms:0,49.0,44.18333333333333,reported,pochvovedenie,pochvovedenie:Pochved1901011Pampura,ПОГРЕБЕННЫЕ ПАЛЕОПОЧВЫ КАК ФОНОВЫЕ ОБЪЕКТЫ,,2019,,,,солончаковатая,Russian/national term (unverified),,Prose profile descriptor linked at document level because this document contains one reported Russian coordinate; it is not a row-level or independently surveyed pit coordinate.,"{""profile_candidate_id"": ""pochvovedenie:Pochved1901011Pampura:text:raw:p:soil:28"", ""spatial_linkage"": ""document_single_reported_coordinate""}
разным подтипам каштановой почвы. Совре- менная темно-каштановая незасоленная почва, по-видимому, формировалась в более влажных условиях, чем погребенная каштановая солонце- ватая солончаковатая палеопочва [5]. Это могло способствовать большей подвижности свинца в профиле современной почвы, выносу его наибо- лее подвижных форм из верхнего горизонта и пе- рераспределению по профилю, несколько сгла- живая увеличе",Pochved1901011Pampura.txt
profile:prose:77663e072950768f4c8e,site:pochvovedenie:Pochved1912014Zhangurov:text:raw:dms:l:3,65.23216666666667,60.07622222222223,reported,pochvovedenie,pochvovedenie:Pochved1912014Zhangurov,МОРФОЛОГО-ГЕНЕТИЧЕСКИЕ ОСОБЕННОСТИ ПОЧВ,,2019,,,,Podzol,WRB,,Prose profile descriptor linked at document level because this document contains one reported Russian coordinate; it is not a row-level or independently surveyed pit coordinate.,"{""profile_candidate_id"": ""pochvovedenie:Pochved1912014Zhangurov:text:raw:p:soil:17"", ""spatial_linkage"": ""document_single_reported_coordinate""}
ой близости (5–10 мм) от карбонатных пород. Почва по [32] классифицируется как светлозем иллюви- ально-железистый  глинисто-иллювиированный остаточно карбонатный пирогенный; Albic Podzol (Skeletic) [53]. В обоих разрезах отчетливая морфологическая дифференциация на генетические горизонты, от- сутствие морфохроматических признаков оглее- ния вполне соответствует диагностике централь- ного типа светлоземо",Pochved1912014Zhangurov.txt
profile:prose:77ca14aeac28789c9a37,site:pochvovedenie:Pochved1912014Zhangurov:text:raw:dms:l:3,65.23216666666667,60.07622222222223,reported,pochvovedenie,pochvovedenie:Pochved1912014Zhangurov,МОРФОЛОГО-ГЕНЕТИЧЕСКИЕ ОСОБЕННОСТИ ПОЧВ,,2019,,,,подзолов,Russian/national term (unverified),,Prose profile descriptor linked at document level because this document contains one reported Russian coordinate; it is not a row-level or independently surveyed pit coordinate.,"{""profile_candidate_id"": ""pochvovedenie:Pochved1912014Zhangurov:text:raw:p:soil:24"", ""spatial_linkage"": ""document_single_reported_coordinate""}
одами встречаются обломки массивно-кристаллических пород (базальты), а также окатанной гальки и валунов. Согласно [32], морфологическая диагностика горизонтов соот- ветствует типу подзолов иллювиально-гумусово- железистых остаточно-карбонатных (пироген- ных) или Albic Podzol (Skeletic) по [53]. Сильная щебнистость подзолов и закономерное увеличение вниз по профилю скелетно-грубообло- мочной части фракции ",Pochved1912014Zhangurov.txt
profile:prose:7d1a0bfe3ad7a1d6cc7b,site:pochvovedenie:Pochved1901011Pampura:text:raw:ru_abbr:dms:0,49.0,44.18333333333333,reported,pochvovedenie,pochvovedenie:Pochved1901011Pampura,ПОГРЕБЕННЫЕ ПАЛЕОПОЧВЫ КАК ФОНОВЫЕ ОБЪЕКТЫ,,2019,,,,торфяного,Russian/national term (unverified),,Prose profile descriptor linked at document level because this document contains one reported Russian coordinate; it is not a row-level or independently surveyed pit coordinate.,"{""profile_candidate_id"": ""pochvovedenie:Pochved1901011Pampura:text:raw:p:soil:32"", ""spatial_linkage"": ""document_single_reported_coordinate""}
овые торфяники. Од- нако мы можем оценить превышение современ- ных выпадений в Перекопке по отношению к до- антропогенному фону, используя наши недавние исследования датированного торфяного разреза верхового болота на СЗ европейской части Рос- сии (Центрально-лесной государственный при- родный биосферный заповедник, Тверская обл.)  56 ПОЧВОВЕДЕНИЕ   № 1   2019 ПАМПУРА и др. [50]. Полученные результаты хоро",Pochved1901011Pampura.txt
profile:prose:817b203a9b23c72d82e8,site:pochvovedenie:Pochved1906006Ivanov:text:raw:degree_decimal_minutes:1,52.6329,59.60098333333333,reported,pochvovedenie,pochvovedenie:Pochved1906006Ivanov,СИНЛИТОГЕННАЯ ЭВОЛЮЦИЯ ПОЙМЕННЫХ ПОЧВ,,2019,,,,аллювиальные,Russian/national term (unverified),,Prose profile descriptor linked at document level because this document contains one reported Russian coordinate; it is not a row-level or independently surveyed pit coordinate.,"{""profile_candidate_id"": ""pochvovedenie:Pochved1906006Ivanov:text:raw:p:soil:4"", ""spatial_linkage"": ""document_single_reported_coordinate""}
овления почв, замедления прироста гумусового горизонта и аллювия в целом. Сред- няя доля гумусированных слоев составляет 26% от общей мощности содержащего аллювия. Ключевые слова: аллювиальные почвы, скорость седиментации, хроноряды, климатические циклы, палинологические исследования DOI: 10.1134/S0032180X19060066 ВВЕДЕНИЕ Почвообразование в поймах степных рек происходит одновременно с осадконакоплени- ем, по",Pochved1906006Ivanov.txt
profile:prose:827250f29cae50139fdb,site:pochvovedenie:Pochved1906012Taskaeva:text:raw:dms:l:0,67.43416666666667,63.82638888888889,reported,pochvovedenie,pochvovedenie:Pochved1906012Taskaeva,ХАРАКТЕРИСТИКА СООБЩЕСТВ МИКРОАРТРОПОД,,2019,,,,Cryosol,WRB,,Prose profile descriptor linked at document level because this document contains one reported Russian coordinate; it is not a row-level or independently surveyed pit coordinate.,"{""profile_candidate_id"": ""pochvovedenie:Pochved1906012Taskaeva:text:raw:p:soil:5"", ""spatial_linkage"": ""document_single_reported_coordinate""}
ос- новном из родов Cetraria, Cladina и Cladonia. До 80% поверхности покрывают зеленые и сфагно- вые мхи. Почва – криометаморфическая грубогу- мусовая глееватая (Reductaquic Folic Cryosol). На каждом участке отобрано по 10 проб из ор- ганогенного горизонта для анализа абиотиче- ских почвенных параметров 31 августа 2016 г. и по 20 проб площадью 100 см2 до глубины 7 см для учета почвенных микроартропод 7 и",Pochved1906012Taskaeva.txt
profile:prose:89e86ac48e9a8a34e462,site:pochvovedenie:Pochved1912014Zhangurov:text:raw:dms:l:3,65.23216666666667,60.07622222222223,reported,pochvovedenie,pochvovedenie:Pochved1912014Zhangurov,МОРФОЛОГО-ГЕНЕТИЧЕСКИЕ ОСОБЕННОСТИ ПОЧВ,,2019,,,,подзолов,Russian/national term (unverified),,Prose profile descriptor linked at document level because this document contains one reported Russian coordinate; it is not a row-level or independently surveyed pit coordinate.,"{""profile_candidate_id"": ""pochvovedenie:Pochved1912014Zhangurov:text:raw:p:soil:28"", ""spatial_linkage"": ""document_single_reported_coordinate""}
или- стой фракции почвенного мелкозема, а также ва- ловых форм Fe2O3, Al2O3, относительное накопле- ние SiO2 в гор. Еhi) подтверждают диагностику данного почвенного разреза в типе подзолов ил- лювиально-железистых в рамках подтипа остаточ- но-карбонатных. Формирование четко выражен- ного подзолистого гор. Еhi (мощностью до 10 см) в значительной степени определяется неоднородно- стью почвообразующего субст",Pochved1912014Zhangurov.txt
profile:prose:8fbe865521dd2ca507ab,site:pochvovedenie:Pochved1905005Koshovskii:text:raw:russian_decimal_degrees:lon_first:0,53.63,37.16,reported,pochvovedenie,pochvovedenie:Pochved1905005Koshovskii,"ДИАГНОСТИКА, ГЕНЕЗИС И ЛОКАЛИЗАЦИЯ ПЕДОСЕДИМЕНТОВ",,2019,,,,,,залежной,Prose profile descriptor linked at document level because this document contains one reported Russian coordinate; it is not a row-level or independently surveyed pit coordinate.,"{""profile_candidate_id"": ""pochvovedenie:Pochved1905005Koshovskii:text:raw:p:land:24"", ""spatial_linkage"": ""document_single_reported_coordinate""}
личной мощностью гумусовых горизонтов (рис. 2). Выявлено одномодальное распределение мощностей гумусовых горизонтов для пахотной части водосбора, и полимодальное распределение для залежной и целинной частей. Для всего водосбора наблюдается преобладаю- щий колоколообразный пик для почв со стан- дартными мощностями и меньший по размеру второй пик с почвами повышенных мощностей. Глубина, на которой происходи",Pochved1905005Koshovskii.txt
profile:prose:904a076c9303e6453f4f,site:pochvovedenie:Pochved1911007Nikitin:text:raw:dms:l:0,56.133805555555554,37.802027777777774,reported,pochvovedenie,pochvovedenie:Pochved1911007Nikitin,СЕЗОННАЯ ДИНАМИКА БИОМАССЫ МИКРООРГАНИЗМОВ,,2019,,,,дерново-подзолистой,Russian/national term (unverified),,Prose profile descriptor linked at document level because this document contains one reported Russian coordinate; it is not a row-level or independently surveyed pit coordinate.,"{""profile_candidate_id"": ""pochvovedenie:Pochved1911007Nikitin:text:raw:p:soil:12"", ""spatial_linkage"": ""document_single_reported_coordinate""}
еобходимо иссле- довать ее сезонные изменения в полном профиле почвы. Цель исследования– анализ сезонной динами- ки биомассы бактерий, грибов и актиномицетов в горизонтах залежной дерново-подзолистой почвы и ее связи с изменениями почвенных условий. ОБЪЕКТЫ И МЕТОДЫ Объектами исследования являлись почвы за- лежи, находящейся на территории стационара “Ельдигино” (Зеленоградский опорный пункт Почвенного института им. ",Pochved1911007Nikitin.txt
profile:prose:92c4b7300b46a5faca8f,site:pochvovedenie:Pochved1901010Maslov:text:raw:ru_abbr:dms:0,66.41666666666667,67.3,reported,pochvovedenie,pochvovedenie:Pochved1901010Maslov,МИКРОБИОЛОГИЧЕСКАЯ ТРАНСФОРМАЦИЯ,,2019,,,,торфянистым,Russian/national term (unverified),,Prose profile descriptor linked at document level because this document contains one reported Russian coordinate; it is not a row-level or independently surveyed pit coordinate.,"{""profile_candidate_id"": ""pochvovedenie:Pochved1901010Maslov:text:raw:p:soil:4"", ""spatial_linkage"": ""document_single_reported_coordinate""}
х образований (ТПО) на рекультивированных участках даны в соответ- ствии с классификацией Почвенного института имени В.В. Докучаева. Поверхностный слой фоновой почвы пред- ставлен торфянистым горизонтом с высоким со- держанием общего углерода (42.0 ± 2.4%), по- верхностные слои почв и ТПО на разных участках рекультивации также характеризуются достаточ- но высоким содержанием Собщ (5–20%). Распре- деление Соб",Pochved1901010Maslov.txt
profile:prose:93f8d2437b35e931d658,site:pochvovedenie:Pochved1902013Stavrova:text:raw:ru_abbr:dms:0,61.833333333333336,57.71666666666667,reported,pochvovedenie,pochvovedenie:Pochved1902013Stavrova,ДОЛГОВРЕМЕННЫЕ ПОСЛЕПОЖАРНЫЕ ИЗМЕНЕНИЯ,,2019,,,,,,лесная,Prose profile descriptor linked at document level because this document contains one reported Russian coordinate; it is not a row-level or independently surveyed pit coordinate.,"{""profile_candidate_id"": ""pochvovedenie:Pochved1902013Stavrova:text:raw:p:land:35"", ""spatial_linkage"": ""document_single_reported_coordinate""}
 ; ), 86 ( 0 x y e R  250 ПОЧВОВЕДЕНИЕ   № 2   2019 СТАВРОВА и др. Анализ характеристик верхних горизонтов почв в лесах, имеющих разную давность пожара, показал следующее. Гор. O (лесная подстилка). В сообществах вос- становительного ряда северотаежных ельников кустарничково-зеленомошных величина pH ор- ганогенного горизонта составила от 2.9 до 4.2 ед. (табл. 2). Зольность подстилок и концентрация макро",Pochved1902013Stavrova.txt
profile:prose:95f50741fefa318b3675,site:pochvovedenie:Pochved1911009Semendyaeva:text:raw:ru_abbr:decimal:0,55.080833,81.206667,reported,pochvovedenie,pochvovedenie:Pochved1911009Semendyaeva,ВТОРИЧНОЕ ЗАСОЛЕНИЕ ХИМИЧЕСКИ МЕЛИОРИРОВАННЫХ,,2019,,,,солонцах,Russian/national term (unverified),,Prose profile descriptor linked at document level because this document contains one reported Russian coordinate; it is not a row-level or independently surveyed pit coordinate.,"{""profile_candidate_id"": ""pochvovedenie:Pochved1911009Semendyaeva:text:raw:p:soil:1"", ""spatial_linkage"": ""document_single_reported_coordinate""}
-mail: semendyeva@ngs.ru Поступила в редакцию 17.01.2019 г. После доработки 29.03.2019 г. Принята к публикации 24.04.2019 г. В полевом стационарном опыте, заложенном в 1986 г., на солонцах корковых гидроморфных Бара- бинской равнины во влажном 2013 г. при резком поднятии уровня грунтовых вод с 250 до 50 см за- фиксировано вторичное засоление. В профиле почв установлено увеличение содержания легкорас- твор",Pochved1911009Semendyaeva.txt
profile:prose:965856a30522d0794694,site:pochvovedenie:Pochved1911007Nikitin:text:raw:dms:l:0,56.133805555555554,37.802027777777774,reported,pochvovedenie,pochvovedenie:Pochved1911007Nikitin,СЕЗОННАЯ ДИНАМИКА БИОМАССЫ МИКРООРГАНИЗМОВ,,2019,,,,Chernozem,WRB,,Prose profile descriptor linked at document level because this document contains one reported Russian coordinate; it is not a row-level or independently surveyed pit coordinate.,"{""profile_candidate_id"": ""pochvovedenie:Pochved1911007Nikitin:text:raw:p:soil:26"", ""spatial_linkage"": ""document_single_reported_coordinate""}
data.2018.56 33. Semenov M.V., Chernov T.V., Tkhakakhova A.K., Zhelezova A.D., Ivanova E.A., Kolganova T.V., Kutova- ya O.V. Distribution of prokaryotic communities throughout the Chernozem profiles under different land uses for over a century // Apll. Soil Ecol. 2018. V. 127. P. 8–18.  https://doi.org/10.1016/j.apsoil.2018.03.002 34. Strickland M.S., Rousk J. Considering fungal: Bacterial dominance in soi",Pochved1911007Nikitin.txt
profile:prose:9960fac93512c4e8038c,site:pochvovedenie:Pochved1905005Koshovskii:text:raw:russian_decimal_degrees:lon_first:0,53.63,37.16,reported,pochvovedenie,pochvovedenie:Pochved1905005Koshovskii,"ДИАГНОСТИКА, ГЕНЕЗИС И ЛОКАЛИЗАЦИЯ ПЕДОСЕДИМЕНТОВ",,2019,,,,,,пашни,Prose profile descriptor linked at document level because this document contains one reported Russian coordinate; it is not a row-level or independently surveyed pit coordinate.,"{""profile_candidate_id"": ""pochvovedenie:Pochved1905005Koshovskii:text:raw:p:land:11"", ""spatial_linkage"": ""document_single_reported_coordinate""}
ными (Luvic Cher- nic Phaeozems (Loamic, Aric, Pachic), 15%), агрозе- Рис. 1. Карта-схема фактического материала. Обозначения: 1 – почвенные разрезы и буровые колонки, 2 – граница пашни до 1990-х гг.; 3 – современная граница пашни с наличием напаши; 4 – луговая растительность на целинных участках, 5 – луговая растительность на залежных участках, 6 – современная пашня; геоморфологические элементы: 7 – л",Pochved1905005Koshovskii.txt
profile:prose:9d5f5bb2ab93fe9e0234,site:pochvovedenie:Pochved1906006Ivanov:text:raw:degree_decimal_minutes:1,52.6329,59.60098333333333,reported,pochvovedenie,pochvovedenie:Pochved1906006Ivanov,СИНЛИТОГЕННАЯ ЭВОЛЮЦИЯ ПОЙМЕННЫХ ПОЧВ,,2019,,,,аллювиальная,Russian/national term (unverified),,Prose profile descriptor linked at document level because this document contains one reported Russian coordinate; it is not a row-level or independently surveyed pit coordinate.,"{""profile_candidate_id"": ""pochvovedenie:Pochved1906006Ivanov:text:raw:p:soil:66"", ""spatial_linkage"": ""document_single_reported_coordinate""}
ли в ис- ходном состоянии 15–20% Сорг. В них сочетались средняя карбонатность, значительное оглеение, опесчаненность и щебнистость почвообразующих пород. В скв. 210 почва дерновая аллювиальная светлогумусовая  размытая  среднекарбонатная слабооглеенная среднесуглинистая щебнистая. В двух разрезах – почвы перегнойные глеевые, в од- ном – размытая дерновая, все они огленные, прак- тически без ожелезнения, мало-",Pochved1906006Ivanov.txt
profile:prose:9d65668d8d73b25e3625,site:pochvovedenie:Pochved1911007Nikitin:text:raw:dms:l:0,56.133805555555554,37.802027777777774,reported,pochvovedenie,pochvovedenie:Pochved1911007Nikitin,СЕЗОННАЯ ДИНАМИКА БИОМАССЫ МИКРООРГАНИЗМОВ,,2019,,,,,,лесной,Prose profile descriptor linked at document level because this document contains one reported Russian coordinate; it is not a row-level or independently surveyed pit coordinate.,"{""profile_candidate_id"": ""pochvovedenie:Pochved1911007Nikitin:text:raw:p:land:34"", ""spatial_linkage"": ""document_single_reported_coordinate""}
всему почвенному профилю невелика (до 6–32%) [10, 17], она увеличивается от органогенных горизонтов к минеральным [4]. Снижение биомассы бактерий с увеличением глу- бины почвы под лесной и травянистой раститель- ностью более выражено, чем уменьшение биомас- сы грибов; в почве под пашней наблюдается более равномерное распределение микробной биомассы по профилю почвы [31]. В зонах средней и южной тайги, г",Pochved1911007Nikitin.txt
profile:prose:a295653eb0d9d58eb10c,site:pochvovedenie:Pochved1908007Efremova:text:raw:dms:l:4,54.965,89.30222222222221,reported,pochvovedenie,pochvovedenie:Pochved1908007Efremova,ФОРМАЛИЗОВАННЫЙ АНАЛИЗ ГУМУСНОГО СОСТОЯНИЯ,,2019,,,,торфяника,Russian/national term (unverified),,Prose profile descriptor linked at document level because this document contains one reported Russian coordinate; it is not a row-level or independently surveyed pit coordinate.,"{""profile_candidate_id"": ""pochvovedenie:Pochved1908007Efremova:text:raw:p:soil:26"", ""spatial_linkage"": ""document_single_reported_coordinate""}
гическим типам болот. Он залегает на склоне горы Столовая (аб- солютная высота 1460 м) в естественном чашеоб- разном углублении (кресловине) с многолетним снежником. Общая площадь торфяника 1.8 га. Географические координаты отбора почвенных образцов: 54°41′04″ N, 88°39′58″ E. Торфяной массив Пихтерек (0.83 тыс. га) с горизонтами се- зонной мерзлоты и перелеток расположен в забо- лоченной долине р. Пихтерек",Pochved1908007Efremova.txt
profile:prose:a554a774b4ea6d3a1858,site:pochvovedenie:Pochved1911009Semendyaeva:text:raw:ru_abbr:decimal:0,55.080833,81.206667,reported,pochvovedenie,pochvovedenie:Pochved1911009Semendyaeva,ВТОРИЧНОЕ ЗАСОЛЕНИЕ ХИМИЧЕСКИ МЕЛИОРИРОВАННЫХ,,2019,,,,солонцовом,Russian/national term (unverified),,Prose profile descriptor linked at document level because this document contains one reported Russian coordinate; it is not a row-level or independently surveyed pit coordinate.,"{""profile_candidate_id"": ""pochvovedenie:Pochved1911009Semendyaeva:text:raw:p:soil:28"", ""spatial_linkage"": ""document_single_reported_coordinate""}
цы корковые гидроморфные чернозем- но-луговые высокосолончаковатые сульфатно- содовые слабо- и среднезасоленные глубококар- бонатные с высоким содержанием натрия в ил- лювиальном (солонцовом) горизонте в целинном состоянии. Опыт заложен в 1986 г. Р.Ф. Галеевым на плос- ком межгривном пространстве с ярко выражен- ным микрорельефом в виде мелких блюдцеобраз- ных понижений [2]. УГВ подвержен сезонной и многоле",Pochved1911009Semendyaeva.txt
profile:prose:a7754aa8fc449c038887,site:pochvovedenie:Pochved1912014Zhangurov:text:raw:dms:l:3,65.23216666666667,60.07622222222223,reported,pochvovedenie,pochvovedenie:Pochved1912014Zhangurov,МОРФОЛОГО-ГЕНЕТИЧЕСКИЕ ОСОБЕННОСТИ ПОЧВ,,2019,,,,Podzol,WRB,,Prose profile descriptor linked at document level because this document contains one reported Russian coordinate; it is not a row-level or independently surveyed pit coordinate.,"{""profile_candidate_id"": ""pochvovedenie:Pochved1912014Zhangurov:text:raw:p:soil:25"", ""spatial_linkage"": ""document_single_reported_coordinate""}
льки и валунов. Согласно [32], морфологическая диагностика горизонтов соот- ветствует типу подзолов иллювиально-гумусово- железистых остаточно-карбонатных (пироген- ных) или Albic Podzol (Skeletic) по [53]. Сильная щебнистость подзолов и закономерное увеличение вниз по профилю скелетно-грубообло- мочной части фракции обеспечивает высокую во- допроницаемость и свободный внутрипочвенный дренаж, предотвращ",Pochved1912014Zhangurov.txt
profile:prose:a8927bdcbf64c1142221,site:pochvovedenie:Pochved1906006Ivanov:text:raw:degree_decimal_minutes:1,52.6329,59.60098333333333,reported,pochvovedenie,pochvovedenie:Pochved1906006Ivanov,СИНЛИТОГЕННАЯ ЭВОЛЮЦИЯ ПОЙМЕННЫХ ПОЧВ,,2019,,,,глеевая,Russian/national term (unverified),,Prose profile descriptor linked at document level because this document contains one reported Russian coordinate; it is not a row-level or independently surveyed pit coordinate.,"{""profile_candidate_id"": ""pochvovedenie:Pochved1906006Ivanov:text:raw:p:soil:72"", ""spatial_linkage"": ""document_single_reported_coordinate""}
, слабо- и среднекарбонатные) с сильносолонцеватой почвой (на осушенном бо- лоте), и засоленной в ложбине (разр. Л-С); в од- ном случае – дерновая светлогумусовая бескар- бонатная глеевая почва. Все почвы глинистые и, кроме одной (скв. 210), без щебня. Четыре почвы имеют гумусовые горизонты А и АВ мощностью по 40 см и, следовательно, для их формирования требовалось от 700 лет до 1 тыс. л., то есть до пол",Pochved1906006Ivanov.txt
profile:prose:a8e409eb5c7b942d856f,site:pochvovedenie:Pochved1911007Nikitin:text:raw:dms:l:0,56.133805555555554,37.802027777777774,reported,pochvovedenie,pochvovedenie:Pochved1911007Nikitin,СЕЗОННАЯ ДИНАМИКА БИОМАССЫ МИКРООРГАНИЗМОВ,,2019,,,,дерново-подзолистые,Russian/national term (unverified),,Prose profile descriptor linked at document level because this document contains one reported Russian coordinate; it is not a row-level or independently surveyed pit coordinate.,"{""profile_candidate_id"": ""pochvovedenie:Pochved1911007Nikitin:text:raw:p:soil:9"", ""spatial_linkage"": ""document_single_reported_coordinate""}
ние биомас- сы грибов; в почве под пашней наблюдается более равномерное распределение микробной биомассы по профилю почвы [31]. В зонах средней и южной тайги, где распро- странены дерново-подзолистые почвы, сезонные изменения температуры, влажности и других факторов хорошо выражены, следовательно, чис- ленность микроорганизмов в почве может суще- ственно меняться в течение года. Согласно ранее полученным данным, в п",Pochved1911007Nikitin.txt
profile:prose:a8e88352c686e2580327,site:pochvovedenie:Pochved1911009Semendyaeva:text:raw:ru_abbr:decimal:0,55.080833,81.206667,reported,pochvovedenie,pochvovedenie:Pochved1911009Semendyaeva,ВТОРИЧНОЕ ЗАСОЛЕНИЕ ХИМИЧЕСКИ МЕЛИОРИРОВАННЫХ,,2019,,,,солонцовый,Russian/national term (unverified),,Prose profile descriptor linked at document level because this document contains one reported Russian coordinate; it is not a row-level or independently surveyed pit coordinate.,"{""profile_candidate_id"": ""pochvovedenie:Pochved1911009Semendyaeva:text:raw:p:soil:73"", ""spatial_linkage"": ""document_single_reported_coordinate""}
натрия <3 смоль(экв)/кг, то столбчатая структура в нем не формируется, а свы- ше данного количества – начинает образовывать- ся типичный для условий Барабинской равнины столбчатый солонцовый гор. В. В контроле в тече- ние всех лет наблюдений содержание обменного Na было более 3 смоль(экв)/кг, что способствова- ло восстановлению столбчатого горизонта после перевода экспериментального участка в залежь. Резкий",Pochved1911009Semendyaeva.txt
profile:prose:ac2e41638335eeede0f3,site:pochvovedenie:Pochved1901011Pampura:text:raw:ru_abbr:dms:0,49.0,44.18333333333333,reported,pochvovedenie,pochvovedenie:Pochved1901011Pampura,ПОГРЕБЕННЫЕ ПАЛЕОПОЧВЫ КАК ФОНОВЫЕ ОБЪЕКТЫ,,2019,,,,каштановые,Russian/national term (unverified),,Prose profile descriptor linked at document level because this document contains one reported Russian coordinate; it is not a row-level or independently surveyed pit coordinate.,"{""profile_candidate_id"": ""pochvovedenie:Pochved1901011Pampura:text:raw:p:soil:33"", ""spatial_linkage"": ""document_single_reported_coordinate""}
ного состава в атмосферных выпадениях немедленно отражается на содержа- нии и изотопном составе свинца органических горизонтов лесных почв. По сравнению с ними, исследованные нами каштановые почвы бедны органическим веществом (табл. 2), доля мине- ральной составляющей и “естественного” свин- ца, унаследованного от исходной почвообразую- щей породы, в них значительно выше. На этом фоне добавка свинца из антр",Pochved1901011Pampura.txt
profile:prose:ac8e535f20131344b7e6,site:pochvovedenie:Pochved1901011Pampura:text:raw:ru_abbr:dms:0,49.0,44.18333333333333,reported,pochvovedenie,pochvovedenie:Pochved1901011Pampura,ПОГРЕБЕННЫЕ ПАЛЕОПОЧВЫ КАК ФОНОВЫЕ ОБЪЕКТЫ,,2019,,,,солончаковатой,Russian/national term (unverified),,Prose profile descriptor linked at document level because this document contains one reported Russian coordinate; it is not a row-level or independently surveyed pit coordinate.,"{""profile_candidate_id"": ""pochvovedenie:Pochved1901011Pampura:text:raw:p:soil:13"", ""spatial_linkage"": ""document_single_reported_coordinate""}
а была одиночной и не являлась ступенью в серии последовательных экстракций, как в приведен- Рис. 2. Разрезы: А – насыпи кургана Перекопка 5 и подкурганной каштановой солонцеватой солончаковатой палео- почвы, Б – современной удаленной темно-каштановой почвы. А Б A1k 0−25 C1k 25−75 C2k 75−176 A1 176−189 Dfe 80−130 Dca 52−80 Aпах  6−33 Aд  0−6 BCca 33−52 B1 189−203 B2ca 203−215 BCca 215−240 Ds,g 240−300  48 ПОЧВО",Pochved1901011Pampura.txt
profile:prose:acc19390411a578dbd94,site:pochvovedenie:Pochved1911009Semendyaeva:text:raw:ru_abbr:decimal:0,55.080833,81.206667,reported,pochvovedenie,pochvovedenie:Pochved1911009Semendyaeva,ВТОРИЧНОЕ ЗАСОЛЕНИЕ ХИМИЧЕСКИ МЕЛИОРИРОВАННЫХ,,2019,,,,солонцов,Russian/national term (unverified),,Prose profile descriptor linked at document level because this document contains one reported Russian coordinate; it is not a row-level or independently surveyed pit coordinate.,"{""profile_candidate_id"": ""pochvovedenie:Pochved1911009Semendyaeva:text:raw:p:soil:30"", ""spatial_linkage"": ""document_single_reported_coordinate""}
ыли де- лянки и выкопали почвенные разрезы на глубину 100 см и более. На них в предыдущие годы вели де- тальные наблюдения, позволяющие в настоящее время выявить изменения свойств солонцов. Изучение вскрытых морфологических профи- лей солонцов показало, что в контроле пахотный горизонт представлял собой смесь горизонтов А0, А1 и В1 со значительным преобладанием солон- цового. Он имел глыбисто-столбчатую с",Pochved1911009Semendyaeva.txt
profile:prose:ae0f302546cbf3bc037c,site:pochvovedenie:Pochved1901011Pampura:text:raw:ru_abbr:dms:0,49.0,44.18333333333333,reported,pochvovedenie,pochvovedenie:Pochved1901011Pampura,ПОГРЕБЕННЫЕ ПАЛЕОПОЧВЫ КАК ФОНОВЫЕ ОБЪЕКТЫ,,2019,,,,каштановой,Russian/national term (unverified),,Prose profile descriptor linked at document level because this document contains one reported Russian coordinate; it is not a row-level or independently surveyed pit coordinate.,"{""profile_candidate_id"": ""pochvovedenie:Pochved1901011Pampura:text:raw:p:soil:30"", ""spatial_linkage"": ""document_single_reported_coordinate""}
упающего в почву, напри- мер, из автомобильного этилированного бензина. Было показано, что скорость миграции 210Pb-ex по профилю непостоянна. В верхней части профи- ля современной каштановой почвы (в надкарбо- натных горизонтах) она составляла порядка 0.8 см/год. 210Pb-ex накапливался в карбонатных горизонтах и не обнаруживался под ними [48]. В более глубоких слоях почвы оценить скорость миграции этим метод",Pochved1901011Pampura.txt
profile:prose:ae1c72834a01caddb3bc,site:pochvovedenie:Pochved1905005Koshovskii:text:raw:russian_decimal_degrees:lon_first:0,53.63,37.16,reported,pochvovedenie,pochvovedenie:Pochved1905005Koshovskii,"ДИАГНОСТИКА, ГЕНЕЗИС И ЛОКАЛИЗАЦИЯ ПЕДОСЕДИМЕНТОВ",,2019,,,,,,Пашня,Prose profile descriptor linked at document level because this document contains one reported Russian coordinate; it is not a row-level or independently surveyed pit coordinate.,"{""profile_candidate_id"": ""pochvovedenie:Pochved1905005Koshovskii:text:raw:p:land:64"", ""spatial_linkage"": ""document_single_reported_coordinate""}
дименты, вы- Таблица 4. Доля педоседиментов в общей структуре водосбора Тип землепользования Площадь, занятая  ПДС, га/% Средняя мощность  гумусовых горизонтов  А/А + АВ, см Почвы Пашня 1.07/1.3 78/104 Азги,   АСтгу Залежь склоны 0.78/21 87/103 ложбины 0.10/82 80/110 Сз–[Ст], Сз–[Стг] днище 0.46/100 108/109 Сз, Сз–[Гг] итого 1.34/31 90/106 Целина склоны 4.85/75 88/105 Сз–[Чги], Сз–[Ст], Сз–[С], Сз–[Абг",Pochved1905005Koshovskii.txt
profile:prose:ae2e4e8e98349f24644c,site:pochvovedenie:Pochved1911009Semendyaeva:text:raw:ru_abbr:decimal:0,55.080833,81.206667,reported,pochvovedenie,pochvovedenie:Pochved1911009Semendyaeva,ВТОРИЧНОЕ ЗАСОЛЕНИЕ ХИМИЧЕСКИ МЕЛИОРИРОВАННЫХ,,2019,,,,чернозем,Russian/national term (unverified),,Prose profile descriptor linked at document level because this document contains one reported Russian coordinate; it is not a row-level or independently surveyed pit coordinate.,"{""profile_candidate_id"": ""pochvovedenie:Pochved1911009Semendyaeva:text:raw:p:soil:27"", ""spatial_linkage"": ""document_single_reported_coordinate""}
ое” Чулымского района Новосибирской области. Эксперимен- тальные площадки расположены 55.080833° N, 81.206667° E. Почвы – химически мелиорирован- ные солонцы корковые гидроморфные чернозем- но-луговые высокосолончаковатые сульфатно- содовые слабо- и среднезасоленные глубококар- бонатные с высоким содержанием натрия в ил- лювиальном (солонцовом) горизонте в целинном состоянии. Опыт заложен в 1986 г. Р.Ф. Г",Pochved1911009Semendyaeva.txt
profile:prose:b1a237ed8dd5671f0c79,site:pochvovedenie:Pochved1911009Semendyaeva:text:raw:ru_abbr:decimal:0,55.080833,81.206667,reported,pochvovedenie,pochvovedenie:Pochved1911009Semendyaeva,ВТОРИЧНОЕ ЗАСОЛЕНИЕ ХИМИЧЕСКИ МЕЛИОРИРОВАННЫХ,,2019,,,,черноземно,Russian/national term (unverified),,Prose profile descriptor linked at document level because this document contains one reported Russian coordinate; it is not a row-level or independently surveyed pit coordinate.,"{""profile_candidate_id"": ""pochvovedenie:Pochved1911009Semendyaeva:text:raw:p:soil:47"", ""spatial_linkage"": ""document_single_reported_coordinate""}
е содержания натрия до исходного состояния. Ранее установлено [21], что решающим факто- ром начала формирования профиля солонцов в почвах гидроморфного ряда (лугово-чернозем- ных, черноземно-луговых и луговых) является критическое содержание натрия в профиле почв в количестве 2.5–3.0 смоль(экв)/кг. В дальнейшем формирование иллювиального (солонцового) го- ризонта может происходить экспоненциально под воздей",Pochved1911009Semendyaeva.txt
profile:prose:b3edac01bad5715efd8c,site:pochvovedenie:Pochved1911009Semendyaeva:text:raw:ru_abbr:decimal:0,55.080833,81.206667,reported,pochvovedenie,pochvovedenie:Pochved1911009Semendyaeva,ВТОРИЧНОЕ ЗАСОЛЕНИЕ ХИМИЧЕСКИ МЕЛИОРИРОВАННЫХ,,2019,,,,солонцов,Russian/national term (unverified),,Prose profile descriptor linked at document level because this document contains one reported Russian coordinate; it is not a row-level or independently surveyed pit coordinate.,"{""profile_candidate_id"": ""pochvovedenie:Pochved1911009Semendyaeva:text:raw:p:soil:45"", ""spatial_linkage"": ""document_single_reported_coordinate""}
/кг, то есть в залежи происходит постепенное восстановле- ние содержания натрия до исходного состояния. Ранее установлено [21], что решающим факто- ром начала формирования профиля солонцов в почвах гидроморфного ряда (лугово-чернозем- ных, черноземно-луговых и луговых) является критическое содержание натрия в профиле почв в количестве 2.5–3.0 смоль(экв)/кг. В дальнейшем формирование иллювиального (солонцо",Pochved1911009Semendyaeva.txt
profile:prose:b5a6cf2bb8e095be389b,site:pochvovedenie:Pochved1911007Nikitin:text:raw:dms:l:0,56.133805555555554,37.802027777777774,reported,pochvovedenie,pochvovedenie:Pochved1911007Nikitin,СЕЗОННАЯ ДИНАМИКА БИОМАССЫ МИКРООРГАНИЗМОВ,,2019,,,,,,залежной,Prose profile descriptor linked at document level because this document contains one reported Russian coordinate; it is not a row-level or independently surveyed pit coordinate.,"{""profile_candidate_id"": ""pochvovedenie:Pochved1911007Nikitin:text:raw:p:land:35"", ""spatial_linkage"": ""document_single_reported_coordinate""}
 почвах необходимо иссле- довать ее сезонные изменения в полном профиле почвы. Цель исследования– анализ сезонной динами- ки биомассы бактерий, грибов и актиномицетов в горизонтах залежной дерново-подзолистой почвы и ее связи с изменениями почвенных условий. ОБЪЕКТЫ И МЕТОДЫ Объектами исследования являлись почвы за- лежи, находящейся на территории стационара “Ельдигино” (Зеленоградский опорный пункт Почве",Pochved1911007Nikitin.txt
profile:prose:b7a97e1eb29db163c18c,site:pochvovedenie:Pochved1906006Ivanov:text:raw:degree_decimal_minutes:1,52.6329,59.60098333333333,reported,pochvovedenie,pochvovedenie:Pochved1906006Ivanov,СИНЛИТОГЕННАЯ ЭВОЛЮЦИЯ ПОЙМЕННЫХ ПОЧВ,,2019,,,,солончак,Russian/national term (unverified),,Prose profile descriptor linked at document level because this document contains one reported Russian coordinate; it is not a row-level or independently surveyed pit coordinate.,"{""profile_candidate_id"": ""pochvovedenie:Pochved1906006Ivanov:text:raw:p:soil:42"", ""spatial_linkage"": ""document_single_reported_coordinate""}
м; ПП 2   31–37 см;   37– 50 см; ПП 3   50–110 cм;   110–115 см;  115–130 см;   115–130 см; слой 4   130–177 cм. Разрез вскрыл сложное образование из четы- рех слоев. Верхний 1а – солончак сульфатно-на- триевый в пачке из 20 чередующихся тонких тем- ных и светлых коричневых прослоек; залегает на ПП 1 – солонце-солончаке бескарбонатном из пятислойного тяжелого суглинка; он залегает на ПП 2 – дерновой серог",Pochved1906006Ivanov.txt
profile:prose:c11fb105086d51ccce79,site:pochvovedenie:Pochved1912014Zhangurov:text:raw:dms:l:3,65.23216666666667,60.07622222222223,reported,pochvovedenie,pochvovedenie:Pochved1912014Zhangurov,МОРФОЛОГО-ГЕНЕТИЧЕСКИЕ ОСОБЕННОСТИ ПОЧВ,,2019,,,,подзолы,Russian/national term (unverified),,Prose profile descriptor linked at document level because this document contains one reported Russian coordinate; it is not a row-level or independently surveyed pit coordinate.,"{""profile_candidate_id"": ""pochvovedenie:Pochved1912014Zhangurov:text:raw:p:soil:20"", ""spatial_linkage"": ""document_single_reported_coordinate""}
р. м.) в усло- виях приречных скальных склонов, сложенных толщей карбонатных пород и прикрытых сверху тонким плащом четвертичных отложений водно- ледникового генезиса, формируются подзолы ил-  1420 ПОЧВОВЕДЕНИЕ   № 12   2019 ЖАНГУРОВ и др. Таблица 2. Физико-химические свойства исследуемых почв Горизонт Глубина,  см рН Hг Обменные  основания V Cобщ Nобщ Fe2O3d Fe2O3о Al2O3о Са2+ Mg2+ H2O KCl смоль(экв)/кг",Pochved1912014Zhangurov.txt
profile:prose:c2e1325c91fdc26de8db,site:pochvovedenie:Pochved1911007Nikitin:text:raw:dms:l:0,56.133805555555554,37.802027777777774,reported,pochvovedenie,pochvovedenie:Pochved1911007Nikitin,СЕЗОННАЯ ДИНАМИКА БИОМАССЫ МИКРООРГАНИЗМОВ,,2019,,,,дерново-подзолистых,Russian/national term (unverified),,Prose profile descriptor linked at document level because this document contains one reported Russian coordinate; it is not a row-level or independently surveyed pit coordinate.,"{""profile_candidate_id"": ""pochvovedenie:Pochved1911007Nikitin:text:raw:p:soil:11"", ""spatial_linkage"": ""document_single_reported_coordinate""}
органо-минеральных и минеральных гори- зонтах, где ее доля может составлять до 35–50% [1, 6, 13, 33]. Таким образом, для более полной ха- рактеристики запасов микробной биомассы в дерново-подзолистых почвах необходимо иссле- довать ее сезонные изменения в полном профиле почвы. Цель исследования– анализ сезонной динами- ки биомассы бактерий, грибов и актиномицетов в горизонтах залежной дерново-подзолистой почвы и ее ",Pochved1911007Nikitin.txt
profile:prose:c5a584ae60ed5e058b2e,site:pochvovedenie:Pochved1905005Koshovskii:text:raw:russian_decimal_degrees:lon_first:0,53.63,37.16,reported,pochvovedenie,pochvovedenie:Pochved1905005Koshovskii,"ДИАГНОСТИКА, ГЕНЕЗИС И ЛОКАЛИЗАЦИЯ ПЕДОСЕДИМЕНТОВ",,2019,,,,,,Залежь,Prose profile descriptor linked at document level because this document contains one reported Russian coordinate; it is not a row-level or independently surveyed pit coordinate.,"{""profile_candidate_id"": ""pochvovedenie:Pochved1905005Koshovskii:text:raw:p:land:65"", ""spatial_linkage"": ""document_single_reported_coordinate""}
иментов в общей структуре водосбора Тип землепользования Площадь, занятая  ПДС, га/% Средняя мощность  гумусовых горизонтов  А/А + АВ, см Почвы Пашня 1.07/1.3 78/104 Азги,   АСтгу Залежь склоны 0.78/21 87/103 ложбины 0.10/82 80/110 Сз–[Ст], Сз–[Стг] днище 0.46/100 108/109 Сз, Сз–[Гг] итого 1.34/31 90/106 Целина склоны 4.85/75 88/105 Сз–[Чги], Сз–[Ст], Сз–[С], Сз–[Абги] ложбины 0.35/92 88/120  Сз–[Ст] дн",Pochved1905005Koshovskii.txt
profile:prose:c69e0b0acc81e4c90e20,site:pochvovedenie:Pochved1911009Semendyaeva:text:raw:ru_abbr:decimal:0,55.080833,81.206667,reported,pochvovedenie,pochvovedenie:Pochved1911009Semendyaeva,ВТОРИЧНОЕ ЗАСОЛЕНИЕ ХИМИЧЕСКИ МЕЛИОРИРОВАННЫХ,,2019,,,,солонцах,Russian/national term (unverified),,Prose profile descriptor linked at document level because this document contains one reported Russian coordinate; it is not a row-level or independently surveyed pit coordinate.,"{""profile_candidate_id"": ""pochvovedenie:Pochved1911009Semendyaeva:text:raw:p:soil:69"", ""spatial_linkage"": ""document_single_reported_coordinate""}
ванных солонцов. В первые годы действия гипса в профиле со- лонцов активно протекали обменные реакции между натрием ППК и катионами кальция мели- оранта. Поэтому в мелиорированных солонцах увеличивалось содержание легкорастворимых со- лей – продуктов обмена, которые в дальнейшем постепенно удалялись в нижние горизонты и да- лее – в грунтовые воды. Профиль солонцов, ме- лиорированных полной и повышенной до",Pochved1911009Semendyaeva.txt
profile:prose:c7d21c2fe7e7b5760bb8,site:pochvovedenie:Pochved1911007Nikitin:text:raw:dms:l:0,56.133805555555554,37.802027777777774,reported,pochvovedenie,pochvovedenie:Pochved1911007Nikitin,СЕЗОННАЯ ДИНАМИКА БИОМАССЫ МИКРООРГАНИЗМОВ,,2019,,,,подзолистая,Russian/national term (unverified),,Prose profile descriptor linked at document level because this document contains one reported Russian coordinate; it is not a row-level or independently surveyed pit coordinate.,"{""profile_candidate_id"": ""pochvovedenie:Pochved1911007Nikitin:text:raw:p:soil:16"", ""spatial_linkage"": ""document_single_reported_coordinate""}
 площадке (P – старопахотный – 0–32 см, BEL – субэлювиальный – 32–40 см, BT1 – тек- стурный – 40–50 см, BT2 – текстурный – 50–67 см, BC – 67–130 см). Почва определена как дерново- подзолистая, названия горизонтов приведены со- гласно Классификации почв России 2004 [8]. До приготовления препаратов для микроскопирова- ния образцы хранили в холодильнике при 4°С. Абсолютную влажность почвы определяли тер- мостат",Pochved1911007Nikitin.txt
profile:prose:c99306f89c8b19f111db,site:pochvovedenie:Pochved1904008Gyninova:text:raw:dms:l:0,52.12975,106.90983333333334,reported,pochvovedenie,pochvovedenie:Pochved1904008Gyninova,ПОСЛЕПОЖАРНАЯ ЭВОЛЮЦИЯ ПЕСЧАНЫХ ПОЧВ,,2019,,,,,,лесная,Prose profile descriptor linked at document level because this document contains one reported Russian coordinate; it is not a row-level or independently surveyed pit coordinate.,"{""profile_candidate_id"": ""pochvovedenie:Pochved1904008Gyninova:text:raw:p:land:8"", ""spatial_linkage"": ""document_single_reported_coordinate""}
азр. 13Д-11, на участке, где 15 лет  454 ПОЧВОВЕДЕНИЕ   № 4   2019 ГЫНИНОВА и др. назад относительно времени закладки разреза в результате верхового пожара растительный по- кров и лесная подстилка полностью выгорели. Возобновление древесной растительности сла- бое, представлено редким подростом сосны вы- сотой до 2 м и единично осины. В напочвенном покрове: брусника обыкновенная куртинами, прострел Турч",Pochved1904008Gyninova.txt
profile:prose:cfd7a9450c4db0271b51,site:pochvovedenie:Pochved1908007Efremova:text:raw:dms:l:4,54.965,89.30222222222221,reported,pochvovedenie,pochvovedenie:Pochved1908007Efremova,ФОРМАЛИЗОВАННЫЙ АНАЛИЗ ГУМУСНОГО СОСТОЯНИЯ,,2019,,,,Торфяной,Russian/national term (unverified),,Prose profile descriptor linked at document level because this document contains one reported Russian coordinate; it is not a row-level or independently surveyed pit coordinate.,"{""profile_candidate_id"": ""pochvovedenie:Pochved1908007Efremova:text:raw:p:soil:27"", ""spatial_linkage"": ""document_single_reported_coordinate""}
нном чашеоб- разном углублении (кресловине) с многолетним снежником. Общая площадь торфяника 1.8 га. Географические координаты отбора почвенных образцов: 54°41′04″ N, 88°39′58″ E. Торфяной массив Пихтерек (0.83 тыс. га) с горизонтами се- зонной мерзлоты и перелеток расположен в забо- лоченной долине р. Пихтерек на высоте 1087 м и  ПОЧВОВЕДЕНИЕ   № 8   2019 ФОРМАЛИЗОВАННЫЙ АНАЛИЗ ГУМУСНОГО СОСТОЯНИЯ 925 от",Pochved1908007Efremova.txt
profile:prose:d227d74da728be97c868,site:pochvovedenie:Pochved1901011Pampura:text:raw:ru_abbr:dms:0,49.0,44.18333333333333,reported,pochvovedenie,pochvovedenie:Pochved1901011Pampura,ПОГРЕБЕННЫЕ ПАЛЕОПОЧВЫ КАК ФОНОВЫЕ ОБЪЕКТЫ,,2019,,,,,,лесных,Prose profile descriptor linked at document level because this document contains one reported Russian coordinate; it is not a row-level or independently surveyed pit coordinate.,"{""profile_candidate_id"": ""pochvovedenie:Pochved1901011Pampura:text:raw:p:land:37"", ""spatial_linkage"": ""document_single_reported_coordinate""}
чно, а результаты исследований противоречивы и вызывают горя- чую дискуссию в научной литературе [51, 52, 63]. Значительное, иногда тысячекратное, загрязне- ние верхних горизонтов лесных почв антропоген- ным свинцом за счет дальнего атмосферного пе- реноса было зафиксировано во многих удален- ных от цивилизации регионах [8, 9, 11, 20, 27, 28, 34, 45, 55, 61, 67, 69]. Однако результаты картогра- фировани",Pochved1901011Pampura.txt
profile:prose:d27e57e5dd6552ca9af0,site:pochvovedenie:Pochved1905005Koshovskii:text:raw:russian_decimal_degrees:lon_first:0,53.63,37.16,reported,pochvovedenie,pochvovedenie:Pochved1905005Koshovskii,"ДИАГНОСТИКА, ГЕНЕЗИС И ЛОКАЛИЗАЦИЯ ПЕДОСЕДИМЕНТОВ",,2019,,,,,,пашни,Prose profile descriptor linked at document level because this document contains one reported Russian coordinate; it is not a row-level or independently surveyed pit coordinate.,"{""profile_candidate_id"": ""pochvovedenie:Pochved1905005Koshovskii:text:raw:p:land:35"", ""spatial_linkage"": ""document_single_reported_coordinate""}
паши является педоседиментом меха- ногенно-водно-аккумулятивного происхожде- ния, формирующимся у нижней границы распа- ханного склона за счет не только аккумуляции поступающего с пашни материала, но и механи- ческого наваливания грунта при отвальной вспашке. Вследствие этого для ПДС напашей редко характерна горизонтальная слоистость и светлые прослои. Мощность гумусированного слоя в них высокая, на ис",Pochved1905005Koshovskii.txt
profile:prose:d2bf88916c3d265a9c77,site:pochvovedenie:Pochved1908007Efremova:text:raw:dms:l:4,54.965,89.30222222222221,reported,pochvovedenie,pochvovedenie:Pochved1908007Efremova,ФОРМАЛИЗОВАННЫЙ АНАЛИЗ ГУМУСНОГО СОСТОЯНИЯ,,2019,,,,торфяными,Russian/national term (unverified),,Prose profile descriptor linked at document level because this document contains one reported Russian coordinate; it is not a row-level or independently surveyed pit coordinate.,"{""profile_candidate_id"": ""pochvovedenie:Pochved1908007Efremova:text:raw:p:soil:24"", ""spatial_linkage"": ""document_single_reported_coordinate""}
ривершин- ных и боковых гребнях высокогорий формируются снежники, которые обычно находятся в эрозион- ных врезах на карнизах, уступах, карах и у подно- жий склонов, которые заняты торфяными болота- ми с горизонтами сезонной мерзлоты и мерзлот- ных перелеток. В напочвенном покрове болот доминируют представители родов Sphagnum, To- menthypnum, Aulacomnium, Helodium, Cаlliergon, Polytrichum, Dicranum, Tuidium",Pochved1908007Efremova.txt
profile:prose:d8b2d11f531701d9907f,site:pochvovedenie:Pochved1901003Golubtsov:text:raw:ru_abbr:dms:0,52.85,103.33333333333333,reported,pochvovedenie,pochvovedenie:Pochved1901003Golubtsov,КАРБОНАТНЫЕ РИЗОЛИТЫ В ДЮННЫХ ПЕСКАХ,,2019,,,,Arenosol,WRB,,Prose profile descriptor linked at document level because this document contains one reported Russian coordinate; it is not a row-level or independently surveyed pit coordinate.,"{""profile_candidate_id"": ""pochvovedenie:Pochved1901003Golubtsov:text:raw:p:soil:5"", ""spatial_linkage"": ""document_single_reported_coordinate""}
зования (поч- вы III–I), датируемых 8.9 тыс. кал. л. н., 180 л. н. и современностью (рис. 2). Почвы имеют профили типа [W]–Cf–C и относятся к псаммоземам гуму- совым ожелезненным (Arenosol (Humic)). В под- гумусовой части профиля описываемых почв сформирован маломощный горизонт Сf, свиде- тельствующий об иллювиировании органо-желе- зистых соединений. В гумусовых горизонтах почв отмечаются многочисленные у",Pochved1901003Golubtsov.txt
profile:prose:e404d3599fe86318e205,site:pochvovedenie:Pochved1902013Stavrova:text:raw:ru_abbr:dms:0,61.833333333333336,57.71666666666667,reported,pochvovedenie,pochvovedenie:Pochved1902013Stavrova,ДОЛГОВРЕМЕННЫЕ ПОСЛЕПОЖАРНЫЕ ИЗМЕНЕНИЯ,,2019,,,,,,лесной,Prose profile descriptor linked at document level because this document contains one reported Russian coordinate; it is not a row-level or independently surveyed pit coordinate.,"{""profile_candidate_id"": ""pochvovedenie:Pochved1902013Stavrova:text:raw:p:land:46"", ""spatial_linkage"": ""document_single_reported_coordinate""}
жара зольность подстилки уменьшается на 65%, кон- центрация Fe – на 70%. На рубеже 160–200 лет после пожара восстанавливается и стабилизиру- ется на среднем уровне 9.7 см мощность лесной подстилки; величина pH подстилки и минераль- ных горизонтов снижается на 13–14%, концен- трация Ca и K в органогенном горизонте умень- шается на 35–40%, Mn – на 55%. В минеральной части профиля значимого изменения содер",Pochved1902013Stavrova.txt
profile:prose:e680507dfe1137dcd738,site:pochvovedenie:Pochved1908007Efremova:text:raw:dms:l:4,54.965,89.30222222222221,reported,pochvovedenie,pochvovedenie:Pochved1908007Efremova,ФОРМАЛИЗОВАННЫЙ АНАЛИЗ ГУМУСНОГО СОСТОЯНИЯ,,2019,,,,торфяных,Russian/national term (unverified),,Prose profile descriptor linked at document level because this document contains one reported Russian coordinate; it is not a row-level or independently surveyed pit coordinate.,"{""profile_candidate_id"": ""pochvovedenie:Pochved1908007Efremova:text:raw:p:soil:72"", ""spatial_linkage"": ""document_single_reported_coordinate""}
чна для органогенно-ак- кумулятивного почвообразования [7]. В составе фульвокислот ведущая роль по-прежнему принад- лежит первой фракции (рис. 5Г). Кластер мезо-эутрофных подтипов торфяных почв горно-таежного пояса. Гумусовый профиль почв, занятых ельниками, отличается выраженной дифференциацией благодаря последовательно возрастающей степени гумификации с глубиной (рис. 4Д). Отношение СГК/СФК характеризуе",Pochved1908007Efremova.txt
profile:prose:e88584e410d8648aadbe,site:pochvovedenie:Pochved1902013Stavrova:text:raw:ru_abbr:dms:0,61.833333333333336,57.71666666666667,reported,pochvovedenie,pochvovedenie:Pochved1902013Stavrova,ДОЛГОВРЕМЕННЫЕ ПОСЛЕПОЖАРНЫЕ ИЗМЕНЕНИЯ,,2019,,,,,,лесных,Prose profile descriptor linked at document level because this document contains one reported Russian coordinate; it is not a row-level or independently surveyed pit coordinate.,"{""profile_candidate_id"": ""pochvovedenie:Pochved1902013Stavrova:text:raw:p:land:19"", ""spatial_linkage"": ""document_single_reported_coordinate""}
*e-mail: nstavrova@gmail.com Поступила в редакцию 27.12.2017 г. После доработки 21.03.2018 г. Принята к публикации 26.09.2018 г. Оценены изменения характеристик верхних горизонтов лесных почв в процессе послепожарного восстановления темнохвойных лесов. Исследования проведены в северотаежных лесах с давностью пожара от 8 до 400 лет на территории Кольского полуострова и в среднетаежных лесах с давностью п",Pochved1902013Stavrova.txt
profile:prose:eda603a5b7cb9f6126a5,site:pochvovedenie:Pochved1911009Semendyaeva:text:raw:ru_abbr:decimal:0,55.080833,81.206667,reported,pochvovedenie,pochvovedenie:Pochved1911009Semendyaeva,ВТОРИЧНОЕ ЗАСОЛЕНИЕ ХИМИЧЕСКИ МЕЛИОРИРОВАННЫХ,,2019,,,,солонце,Russian/national term (unverified),,Prose profile descriptor linked at document level because this document contains one reported Russian coordinate; it is not a row-level or independently surveyed pit coordinate.,"{""profile_candidate_id"": ""pochvovedenie:Pochved1911009Semendyaeva:text:raw:p:soil:58"", ""spatial_linkage"": ""document_single_reported_coordinate""}
 условий и УГВ, количество натрия в профиле почв постепенно снижалось. Таблица 2. Содержание общего, водорастворимого, обменного натрия и величины pH в длительно мелиориро- ванном солонце многонатриевом (весна–осень 2016 г.), смоль(экв)/кг Примечание. n = 3; p = 0.05. Глубина,  см Весна Осень рН весна осень Naобщ Naвр Naобм Naобщ Naвр Naобм Контроль (без гипса) 0–20 7.26 2.18 5.08 4.61 2.50 2.11 9.60 8.3",Pochved1911009Semendyaeva.txt
profile:prose:efe7a1c32d29c1b8c5a6,site:pochvovedenie:Pochved1901011Pampura:text:raw:ru_abbr:dms:0,49.0,44.18333333333333,reported,pochvovedenie,pochvovedenie:Pochved1901011Pampura,ПОГРЕБЕННЫЕ ПАЛЕОПОЧВЫ КАК ФОНОВЫЕ ОБЪЕКТЫ,,2019,,,,солонцеватой,Russian/national term (unverified),,Prose profile descriptor linked at document level because this document contains one reported Russian coordinate; it is not a row-level or independently surveyed pit coordinate.,"{""profile_candidate_id"": ""pochvovedenie:Pochved1901011Pampura:text:raw:p:soil:12"", ""spatial_linkage"": ""document_single_reported_coordinate""}
случае вытяжка была одиночной и не являлась ступенью в серии последовательных экстракций, как в приведен- Рис. 2. Разрезы: А – насыпи кургана Перекопка 5 и подкурганной каштановой солонцеватой солончаковатой палео- почвы, Б – современной удаленной темно-каштановой почвы. А Б A1k 0−25 C1k 25−75 C2k 75−176 A1 176−189 Dfe 80−130 Dca 52−80 Aпах  6−33 Aд  0−6 BCca 33−52 B1 189−203 B2ca 203−215 BCca 215−240 Ds,g 24",Pochved1901011Pampura.txt
profile:prose:f5d72232ad5c97dd2944,site:pochvovedenie:Pochved1904008Gyninova:text:raw:dms:l:0,52.12975,106.90983333333334,reported,pochvovedenie,pochvovedenie:Pochved1904008Gyninova,ПОСЛЕПОЖАРНАЯ ЭВОЛЮЦИЯ ПЕСЧАНЫХ ПОЧВ,,2019,,,,,,лесной,Prose profile descriptor linked at document level because this document contains one reported Russian coordinate; it is not a row-level or independently surveyed pit coordinate.,"{""profile_candidate_id"": ""pochvovedenie:Pochved1904008Gyninova:text:raw:p:land:16"", ""spatial_linkage"": ""document_single_reported_coordinate""}
ве. В определении классификационного положе- ния исследованных почв возникает затруднение в связи с наличием в профиле фоновых почв – псаммоземов гумусовых оподзоленных, горизонта лесной подстилки. В Международной системе классификации (WRB) [42] эти почвы соответ- ствуют реферативной почвенной группе Arenosols c квалификаторами Eutric и Ochric. После низово- го пожара длительно сохраняющиеся пирогенные",Pochved1904008Gyninova.txt
profile:prose:f9622712b564dce8b184,site:pochvovedenie:Pochved1911009Semendyaeva:text:raw:ru_abbr:decimal:0,55.080833,81.206667,reported,pochvovedenie,pochvovedenie:Pochved1911009Semendyaeva,ВТОРИЧНОЕ ЗАСОЛЕНИЕ ХИМИЧЕСКИ МЕЛИОРИРОВАННЫХ,,2019,,,,чернозем,Russian/national term (unverified),,Prose profile descriptor linked at document level because this document contains one reported Russian coordinate; it is not a row-level or independently surveyed pit coordinate.,"{""profile_candidate_id"": ""pochvovedenie:Pochved1911009Semendyaeva:text:raw:p:soil:46"", ""spatial_linkage"": ""document_single_reported_coordinate""}
восстановле- ние содержания натрия до исходного состояния. Ранее установлено [21], что решающим факто- ром начала формирования профиля солонцов в почвах гидроморфного ряда (лугово-чернозем- ных, черноземно-луговых и луговых) является критическое содержание натрия в профиле почв в количестве 2.5–3.0 смоль(экв)/кг. В дальнейшем формирование иллювиального (солонцового) го- ризонта может происходить экспоненц",Pochved1911009Semendyaeva.txt
profile:prose:fd5139d7871fa2ba4567,site:pochvovedenie:Pochved1912014Zhangurov:text:raw:dms:l:3,65.23216666666667,60.07622222222223,reported,pochvovedenie,pochvovedenie:Pochved1912014Zhangurov,МОРФОЛОГО-ГЕНЕТИЧЕСКИЕ ОСОБЕННОСТИ ПОЧВ,,2019,,,,подзолы,Russian/national term (unverified),,Prose profile descriptor linked at document level because this document contains one reported Russian coordinate; it is not a row-level or independently surveyed pit coordinate.,"{""profile_candidate_id"": ""pochvovedenie:Pochved1912014Zhangurov:text:raw:p:soil:45"", ""spatial_linkage"": ""document_single_reported_coordinate""}
свидетельствуют о правомерности отнесения дан- ных почв к подтипу иллювиально-железистых подзолов. Необходимо отметить, что в субстантив- но-генетической классификации почв России подзолы с насыщенностью 80% и близким к ней- тральному рН описаны и охарактеризованы на примере единичных разрезов [6]. В этой связи, в свете развития и дальнейшего совершенствования “Классификации и диагностики почв России” по",Pochved1912014Zhangurov.txt
profile:prose:fe6f5a659425b29fbada,site:pochvovedenie:Pochved1906006Ivanov:text:raw:degree_decimal_minutes:1,52.6329,59.60098333333333,reported,pochvovedenie,pochvovedenie:Pochved1906006Ivanov,СИНЛИТОГЕННАЯ ЭВОЛЮЦИЯ ПОЙМЕННЫХ ПОЧВ,,2019,,,,глеевые,Russian/national term (unverified),,Prose profile descriptor linked at document level because this document contains one reported Russian coordinate; it is not a row-level or independently surveyed pit coordinate.,"{""profile_candidate_id"": ""pochvovedenie:Pochved1906006Ivanov:text:raw:p:soil:67"", ""spatial_linkage"": ""document_single_reported_coordinate""}
разующих пород. В скв. 210 почва дерновая аллювиальная светлогумусовая  размытая  среднекарбонатная слабооглеенная среднесуглинистая щебнистая. В двух разрезах – почвы перегнойные глеевые, в од- ном – размытая дерновая, все они огленные, прак- тически без ожелезнения, мало- и среднекарбо- натные. Считается, что аллеред был эпохой потепле- ния позднеледниковья, которую сменил более холодный дриас-3. Имеющ",Pochved1906006Ivanov.txt
profile:coordinate_first_label:2f68e900d6bbed349442,site:pochvovedenie:Pochved2006008Mikhailov:text:raw:dms:l:1,78.30305555555556,103.08083333333333,reported,pochvovedenie,pochvovedenie:Pochved2006008Mikhailov,ИЗМЕНЕНИЕ ПОЧВЕННО-РАСТИТЕЛЬНОГО ПОКРОВА,,2020,38,,,,,,Explicit profile/pit label within 180 characters of an author-reported coordinate.,"{""spatial_linkage"": ""coordinate_local_explicit_profile_label"", ""coordinate_candidate_id"": ""pochvovedenie:Pochved2006008Mikhailov:text:raw:dms:l:1"", ""label_distance_characters"": 208}
амерзании происходят процессы пучения, и середина полигона становится выпуклой. Зимой вершины полигонов подвергаются снежной кор- разии. В этих условиях формируются мозаичные почвенно-растительные комплексы. Разрез 38М (78°18′11″ N, 103°04′51″ E). Юж- ная часть древнеозерной котловины в верховьях р. Шумная о. Большевик. Плоская равнина, сло- женная моренными суглинками. Микрорельеф полигональный. Растительность образует бордю- ры по периферии полигонов. Под растительными бордюрами формируются почвенн",Pochved2006008Mikhailov.txt
profile:coordinate_first_label:3cf25b3082e7561d2052,site:pochvovedenie:Pochved2005010Okoneshnikova:text:raw:dms:l:3,65.70555555555556,130.16666666666666,reported,pochvovedenie,pochvovedenie:Pochved2005010Okoneshnikova,ПОЧВЫ ВЕРХОЯНСКОГО ХРЕБТА В ПРЕДЕЛАХ АРКАЧАНСКОГО ПЛАТО,,2020,Р-4,"литозем грубогумусированный, глинисто-иллювиированный (Dystric Skeletic Leptosol (Loamic))",Оао(0–5см)– АС(5–19см)–Сi(19–32см),,,,Explicit profile/pit label within 180 characters of an author-reported coordinate.,"{""spatial_linkage"": ""coordinate_local_explicit_profile_label"", ""coordinate_candidate_id"": ""pochvovedenie:Pochved2005010Okoneshnikova:text:raw:dms:l:3"", ""label_distance_characters"": 170}
вро- литов под теми же ерниково-моховыми листвен- ничными рединами описан литозем грубогумуси- рованный,  глинисто-иллювиированный  (Dystric Skeletic Leptosol (Loamic)) (разрез Р-4, высота 915 м над ур. м.). Координаты: 65°42′20″ N, 130°10′00″ E. Морфологический профиль почвы: Оао(0–5 см)– АС(5–19 см)–Сi(19–32см)–R. В нижней части подстилочно-торфяного  горизонта  находится слой темного грубогумусового материала (7.5YR 2/2) с мощностью недостаточной для выделения полноценного горизонта АО. Переход в ",Pochved2005010Okoneshnikova.txt
profile:coordinate_first_label:5b2559ee0c448ff94301,site:pochvovedenie:Pochved2003008Suleimanov:text:raw:dms:l:1,54.87,56.22944444444445,reported,pochvovedenie,pochvovedenie:Pochved2003008Suleimanov,ПОЧВЕННО-АРХЕОЛОГИЧЕСКОЕ ИССЛЕДОВАНИЕ,,2020,1-2017,,,,,,Explicit profile/pit label within 180 characters of an author-reported coordinate.,"{""spatial_linkage"": ""coordinate_local_explicit_profile_label"", ""coordinate_candidate_id"": ""pochvovedenie:Pochved2003008Suleimanov:text:raw:dms:l:1"", ""label_distance_characters"": 184}
– разрез 1-2017; 2 – разрез 2-2017. 0 200 400 600 м Уфа Черкассы 1 2 Вотикеево Вотикеево-2, Городище Вотикеево-1, Селище Уфа Москва Уфа  282 ПОЧВОВЕДЕНИЕ   № 3   2020 СУЛЕЙМАНОВ и др. Разрез 1-2017 (Вотикеево-1, селище; 54°52′12″ N, 56°13′46″ E). Правый коренной берег р. Уфа, ши- роколиственный лес (дуб, клен, липа, осина), верхняя часть покатого склона северо-западной экспозиции, высота 151 м над ур. м. (рис. 1, 2). AY, 0–51 см. Темно-серый, влажноватый, пы- леватый суглинок, мелкоореховатый, переп",Pochved2003008Suleimanov.txt
profile:coordinate_first_label:8de9bbfd37b88ce85d1f,site:pochvovedenie:Pochved2005010Okoneshnikova:text:raw:dms:l:0,65.71111111111111,130.16944444444442,reported,pochvovedenie,pochvovedenie:Pochved2005010Okoneshnikova,ПОЧВЫ ВЕРХОЯНСКОГО ХРЕБТА В ПРЕДЕЛАХ АРКАЧАНСКОГО ПЛАТО,,2020,Р-1,,,,,,Explicit profile/pit label within 180 characters of an author-reported coordinate.,"{""spatial_linkage"": ""coordinate_local_explicit_profile_label"", ""coordinate_candidate_id"": ""pochvovedenie:Pochved2005010Okoneshnikova:text:raw:dms:l:0"", ""label_distance_characters"": 169}
)) на су- песчано-щебнистом элювии плотных пород. Профиль такой почвы был описан под лишайни- ковой тундрой на вершине горы, расположенной слева от устья р. Мангазейки (разрез Р-1, высота над ур. м. 1137 м). Координаты: 65°42′40″ N, 130°10′10″ E. Формула морфологического про- филя почвы: AO(0–6 см)–AOh(6–11 см)– Chi(11–25 см)–C(25–31 см)–R. Грубогумусовый Рис. 2. Вертикальная поясность растительности по профилю долины р. Федор-Юрэгэ вблизи устья р. Мангазейки и места заложения почвенных разрезов. ДК ",Pochved2005010Okoneshnikova.txt
profile:coordinate_first_label:a3549a983b823352369d,site:pochvovedenie:Pochved2006008Mikhailov:text:raw:dms:l:3,75.49805555555555,144.795,reported,pochvovedenie,pochvovedenie:Pochved2006008Mikhailov,ИЗМЕНЕНИЕ ПОЧВЕННО-РАСТИТЕЛЬНОГО ПОКРОВА,,2020,65,,,,,,Explicit profile/pit label within 180 characters of an author-reported coordinate.,"{""spatial_linkage"": ""coordinate_local_explicit_profile_label"", ""coordinate_candidate_id"": ""pochvovedenie:Pochved2006008Mikhailov:text:raw:dms:l:3"", ""label_distance_characters"": 208}
и цветковых рас- тений преобладают нордосмия Nordosmia frigida, кисличник Oxyria digyna, лютик Ranunculus pig- maeus, драбы Draba sp., ива полярная Salix polaris и др. Почвы валиков имеют следующее строение: Разрез 65М (75°29′53″ N, 144°47′42″ E), о. Фаддевский. Пойма р. Улахан Юрях тетраго- нальный микрорельеф. Разрез заложен на грани- це ледяной жилы и заболоченнонго тетрагона. Растительность – мохово-злаково-разнотравная. О, 0–3 см. Хорошо выраженная оторфованная подстилка. А, 3–8 см. Бурый, сугли",Pochved2006008Mikhailov.txt
profile:coordinate_first_label:c33ea9ee6d2b12a89ec8,site:pochvovedenie:Pochved2003008Suleimanov:text:raw:dms:l:2,54.874722222222225,56.245555555555555,reported,pochvovedenie,pochvovedenie:Pochved2003008Suleimanov,ПОЧВЕННО-АРХЕОЛОГИЧЕСКОЕ ИССЛЕДОВАНИЕ,,2020,2-2017,,,,,,Explicit profile/pit label within 180 characters of an author-reported coordinate.,"{""spatial_linkage"": ""coordinate_local_explicit_profile_label"", ""coordinate_candidate_id"": ""pochvovedenie:Pochved2003008Suleimanov:text:raw:dms:l:2"", ""label_distance_characters"": 179}
пенный. С, 77–90 см. Бурый, сырой, бесструктурный, вязкий, делювиальная пылеватая глина. Почва – темно-серая (Phaeozems) с включения- ми материала, перемещенного человеком (НТМ). Разрез  2-2017  (Вотикеево-2,  городище; 54°52′29″ N, 56°14′44″ E). Правый коренной бе- рег р. Уфа, широколиственный лес (клен, ольха), поверхность покрыта ветками, травянистая рас- тительность практически отсутствует, нижняя часть сильно покатого склона западной экспози- ции, высота 192 м над ур. м. AY, 0–20 см. Темно-серы",Pochved2003008Suleimanov.txt
profile:coordinate_first_label:cc4525a597797f73e4ce,site:pochvovedenie:Pochved2005010Okoneshnikova:text:raw:dms:l:7,65.65027777777779,130.16777777777776,reported,pochvovedenie,pochvovedenie:Pochved2005010Okoneshnikova,ПОЧВЫ ВЕРХОЯНСКОГО ХРЕБТА В ПРЕДЕЛАХ АРКАЧАНСКОГО ПЛАТО,,2020,Р-15,,,,,,Explicit profile/pit label within 180 characters of an author-reported coordinate.,"{""spatial_linkage"": ""coordinate_local_explicit_profile_label"", ""coordinate_candidate_id"": ""pochvovedenie:Pochved2005010Okoneshnikova:text:raw:dms:l:7"", ""label_distance_characters"": 109}
рных рек под закустарен- ными пойменными лугами на каменистом аллювии развиты маломощные аллювиальные почвы. Разрез Р-15 был заложен в пойме р. Сирилэн- дьэ, в 700 м от устья в северо-западном направ- лении. Координаты: 65°39′01″ N, 130°10′04″ E. Морфологический профиль почвы: О(0–1 см)– AY(1–15 см)–С~~/R(15 см –…). Полное название: маломощная аллювиальная серогумусовая почва (Skeletic Leptosol). Между небольшой мохово- травянистой подстилкой и аллювием, состоящим из окатанных обломков плотной породы",Pochved2005010Okoneshnikova.txt
profile:coordinate_first_label:dc34c04eb4686e952c92,site:pochvovedenie:Pochved2006008Mikhailov:text:raw:dms:l:1,78.30305555555556,103.08083333333333,reported,pochvovedenie,pochvovedenie:Pochved2006008Mikhailov,ИЗМЕНЕНИЕ ПОЧВЕННО-РАСТИТЕЛЬНОГО ПОКРОВА,,2020,38М,,,,,,Explicit profile/pit label within 180 characters of an author-reported coordinate.,"{""spatial_linkage"": ""coordinate_local_explicit_profile_label"", ""coordinate_candidate_id"": ""pochvovedenie:Pochved2006008Mikhailov:text:raw:dms:l:1"", ""label_distance_characters"": 208}
амерзании происходят процессы пучения, и середина полигона становится выпуклой. Зимой вершины полигонов подвергаются снежной кор- разии. В этих условиях формируются мозаичные почвенно-растительные комплексы. Разрез 38М (78°18′11″ N, 103°04′51″ E). Юж- ная часть древнеозерной котловины в верховьях р. Шумная о. Большевик. Плоская равнина, сло- женная моренными суглинками. Микрорельеф полигональный. Растительность образует бордю- ры по периферии полигонов. Под растительными бордюрами формируются почвенн",Pochved2006008Mikhailov.txt
profile:coordinate_first_label:e2e03ebc963a34b412d4,site:pochvovedenie:Pochved2006008Mikhailov:text:raw:dms:l:3,75.49805555555555,144.795,reported,pochvovedenie,pochvovedenie:Pochved2006008Mikhailov,ИЗМЕНЕНИЕ ПОЧВЕННО-РАСТИТЕЛЬНОГО ПОКРОВА,,2020,65М,,,,,,Explicit profile/pit label within 180 characters of an author-reported coordinate.,"{""spatial_linkage"": ""coordinate_local_explicit_profile_label"", ""coordinate_candidate_id"": ""pochvovedenie:Pochved2006008Mikhailov:text:raw:dms:l:3"", ""label_distance_characters"": 208}
и цветковых рас- тений преобладают нордосмия Nordosmia frigida, кисличник Oxyria digyna, лютик Ranunculus pig- maeus, драбы Draba sp., ива полярная Salix polaris и др. Почвы валиков имеют следующее строение: Разрез 65М (75°29′53″ N, 144°47′42″ E), о. Фаддевский. Пойма р. Улахан Юрях тетраго- нальный микрорельеф. Разрез заложен на грани- це ледяной жилы и заболоченнонго тетрагона. Растительность – мохово-злаково-разнотравная. О, 0–3 см. Хорошо выраженная оторфованная подстилка. А, 3–8 см. Бурый, сугли",Pochved2006008Mikhailov.txt
profile:coordinate_first_label:eef27c598d3017e83401,site:pochvovedenie:Pochved2005010Okoneshnikova:text:raw:dms:l:5,65.65,130.16666666666666,reported,pochvovedenie,pochvovedenie:Pochved2005010Okoneshnikova,ПОЧВЫ ВЕРХОЯНСКОГО ХРЕБТА В ПРЕДЕЛАХ АРКАЧАНСКОГО ПЛАТО,,2020,Р-12,,,Cryosol; аллювиальным; глееватый,Russian/national term (unverified); WRB,,Explicit profile/pit label within 180 characters of an author-reported coordinate.,"{""spatial_linkage"": ""coordinate_local_explicit_profile_label"", ""coordinate_candidate_id"": ""pochvovedenie:Pochved2005010Okoneshnikova:text:raw:dms:l:5"", ""label_distance_characters"": 169}
рниковом листвен- ничном редколесье на небольшом бугорке был вскрыт криозем глееватый (Turbic Cryosol (Loamic, Humic)) с маломощным аллювиальным наносом на поверхности (разрез Р-12, высота 891 м над ур. м.). Координаты: 65°39′00″ N, 130°10′00″ E. Морфоло- гический  профиль  почвы:  О(0–7(9)  см)– АС~~(7(9)–9(12)  см)–[О](9(12)–14(16)  см)–  516 ПОЧВОВЕДЕНИЕ   № 5   2020 ОКОНЕШНИКОВА и др. СRg┴(14(16)–30 см). Относительно мощный по- верхностный подстилочно-торфяный горизонт, состоящий из слаборазложен",Pochved2005010Okoneshnikova.txt
profile:direct:31a69bee2712fd8cd3b9,site:pochvovedenie:Pochved2004011Nikitin:text:raw:dms:l:10,80.71758333333334,47.895916666666665,reported,pochvovedenie,pochvovedenie:Pochved2004011Nikitin,"МИКРОБНАЯ БИОМАССА, ЗАПАСЫ УГЛЕРОДА И ЭМИССИЯ СО2",,2020,ZFI-AX-12,,,Cryosol; глееватом; мерзлотных,Russian/national term (unverified); WRB,,Direct profile-label-to-coordinate link in one source fragment.,"{""spatial_linkage"": ""direct_profile_coordinate_label"", ""profile_candidate_ids"": [""pochvovedenie:Pochved2004011Nikitin:text:raw:p:soil:43"", ""pochvovedenie:Pochved2004011Nikitin:text:raw:p:soil:58"", ""pochvovedenie:Pochved2004011Nikitin:text:raw:p:soil:59""]}
тная/Oxyaquic Cryosol (Loamic, Humic); М – о. Земля Александры, мыс Мелехова, разрез ZFI-AX-12, 80°43′03.3″ N, 47°53′45.3″ E, пелозем перегнойный криотурбированный/Oxyaquic Turbic Cryosol (Loamic, Humic). о. Земля Александры о. Хейса о. Гукера о. Алджер о. Ферсман 81 81 80 45 50 55 60 65 А Б В Г Д Е Ж З И К Л М смана), ZFI-F-03 (псаммозем криотурбирован- ный мерзлотный, о. Ферсмана), ZFI-H-04 (пс
---
 того, наблюдаются зако- номерности в латеральном распределении угле- рода характерные для тундр в связи с комплекс- ностью их почвенного покрова (повышенное накопление углерода в мерзлотных трещинах). Содержание углерода между полигоном и тре- щиной может отличаться на порядок, например, в пелоземе перегнойном криотурбированном в высокоарктической тундре на о. Земля Алексан- дры (разрез ZFI-AX-12) или на д
---
 отличаться на порядок, например, в пелоземе перегнойном криотурбированном в высокоарктической тундре на о. Земля Алексан- дры (разрез ZFI-AX-12) или на два порядка – в псаммоземе глееватом в высокоарктической пу- стоши на о. Алджер (разрез ZFI-A-01). Абсолютные значения содержания азота не- высокие, но соотношение C/N за редким исклю- чением (разрез ZFI-H-06, о. Хейса) остается в уз- ком интервале: <25 − ",Pochved2004011Nikitin.txt
profile:direct:3242f5b29c3ee275f88d,site:pochvovedenie:Pochved2004011Nikitin:text:raw:dms:l:7,80.33847222222222,52.78594444444444,reported,pochvovedenie,pochvovedenie:Pochved2004011Nikitin,"МИКРОБНАЯ БИОМАССА, ЗАПАСЫ УГЛЕРОДА И ЭМИССИЯ СО2",,2020,ZFI-HK-09,,,Leptosol,WRB,,Direct profile-label-to-coordinate link in one source fragment.,"{""spatial_linkage"": ""direct_profile_coordinate_label"", ""profile_candidate_ids"": [""pochvovedenie:Pochved2004011Nikitin:text:raw:p:soil:38""]}
″ N, 52°47′07.9″ E, литозем грубогумусированный/Eutric Leptosol (Loamic, Humic); И – о. Гукера, Бухта Тихая, разрез ZFI-HK-09, 80°20′18.5″ N, 52°47′09.4″ E, серогумусовая/Skeletic Leptosol (Loamic, Humic); К – о. Земля Александры, мыс Мелехо- ва, разрез ZFI-AX-10, 80°42′59.9″ N, 47°53′33.8″ E, литозем грубогумусовый мерзлотный/Skeletic Oxyaquic Cryosol (Loamic, Humic); Л – о. Земля Александры, мыс Мелехов",Pochved2004011Nikitin.txt
profile:direct:96e27edf00bb313bfbeb,site:pochvovedenie:Pochved2004011Nikitin:text:raw:dms:l:6,80.33836111111111,52.78552777777777,reported,pochvovedenie,pochvovedenie:Pochved2004011Nikitin,"МИКРОБНАЯ БИОМАССА, ЗАПАСЫ УГЛЕРОДА И ЭМИССИЯ СО2",,2020,ZFI-HK-08,,,Leptosol,WRB,,Direct profile-label-to-coordinate link in one source fragment.,"{""spatial_linkage"": ""direct_profile_coordinate_label"", ""profile_candidate_ids"": [""pochvovedenie:Pochved2004011Nikitin:text:raw:p:soil:37""]}
 псаммозем мерзлотный (брю- нифицированный)/Haplic Cryosol (Arenic); З – о. Гукера, Бухта Тихая, разрез ZFI-HK-08, 80°20′18.1″ N, 52°47′07.9″ E, литозем грубогумусированный/Eutric Leptosol (Loamic, Humic); И – о. Гукера, Бухта Тихая, разрез ZFI-HK-09, 80°20′18.5″ N, 52°47′09.4″ E, серогумусовая/Skeletic Leptosol (Loamic, Humic); К – о. Земля Александры, мыс Мелехо- ва, разрез ZFI-AX-10, 80°42′59.9″ N, 47°",Pochved2004011Nikitin.txt
profile:direct_author:6a4e17060ae39de3f6302c4d,site:pochvovedenie:Pochved2005010Okoneshnikova:text:raw:dms:l:2,65.70277777777778,130.16666666666666,reported,pochvovedenie,pochvovedenie:Pochved2005010Okoneshnikova,ПОЧВЫ ВЕРХОЯНСКОГО ХРЕБТА В ПРЕДЕЛАХ АРКАЧАНСКОГО ПЛАТО,,2020,Р-3,"торфяно-литозем, перегнойно-торфяный (Cryic Epirockic Histosol)",О(0–4 см)–Т(4–22 см)–Тh(22–35 см)–R,,,,Direct audited coordinate-label-type-formula statement from primary text.,"{""spatial_linkage"": ""direct_coordinate_label_type_formula"", ""coordinate_candidate_id"": ""pochvovedenie:Pochved2005010Okoneshnikova:text:raw:dms:l:2""}
В моховых лиственничных рединах на делювиально-коллювиальном субстрате формируется торфяно-литозем, перегнойно-торфяный (Cryic Epirockic Histosol) (разрез Р-3). Координаты: 65°42′10″ N, 130°10′00″ E. Морфологический профиль почвы: О(0–4 см)–Т(4–22 см)–Тh(22–35 см)–R.",Pochved2005010Okoneshnikova.txt
profile:explicit_pit:3e64c18491fa86b8dcb6,site:pochvovedenie:Pochved2005010Okoneshnikova:text:raw:dms:l:7,65.65027777777779,130.16777777777776,reported,pochvovedenie,pochvovedenie:Pochved2005010Okoneshnikova,ПОЧВЫ ВЕРХОЯНСКОГО ХРЕБТА В ПРЕДЕЛАХ АРКАЧАНСКОГО ПЛАТО,,2020,Р-13,,,,,,Explicit pit label and author-reported coordinate in one source phrase.,"{""spatial_linkage"": ""explicit_labeled_pit_coordinate"", ""coordinate_candidate_id"": ""pochvovedenie:Pochved2005010Okoneshnikova:text:raw:dms:l:7""}
разрез Р-13, высота 882 м над ур. м.).
Координаты: 65°39′01″ N, 130°10′04″ E. Морфоло-
гический профиль почвы: ТЕ(0–14 см)–Т(14–
21 см)–G/R┴(21–34 см). Верхняя часть включает
эутрофно-торфяный и торфяный горизонты об-
щей мощностью до 21 см. Они сменяются сизо",Pochved2005010Okoneshnikova.txt
profile:explicit_pit:3f83feb62082fa3a5673,site:pochvovedenie:Pochved2003008Suleimanov:text:raw:dms:l:1,54.87,56.22944444444445,reported,pochvovedenie,pochvovedenie:Pochved2003008Suleimanov,ПОЧВЕННО-АРХЕОЛОГИЧЕСКОЕ ИССЛЕДОВАНИЕ,,2020,2-2017,,,,,,Explicit pit label and author-reported coordinate in one source phrase.,"{""spatial_linkage"": ""explicit_labeled_pit_coordinate"", ""coordinate_candidate_id"": ""pochvovedenie:Pochved2003008Suleimanov:text:raw:dms:l:1""}
разрез 2-2017.
0
200
400
600 м
Уфа
Черкассы
1
2
Вотикеево
Вотикеево-2, Городище
Вотикеево-1, Селище
Уфа
Москва
Уфа

282
ПОЧВОВЕДЕНИЕ 
 № 3 
 2020
СУЛЕЙМАНОВ и др.
Разрез 1-2017 (Вотикеево-1, селище; 54°52′12″ N,
56°13′46″ E). Правый коренной берег р. Уфа, ши-
",Pochved2003008Suleimanov.txt
profile:explicit_pit:8de9bbfd37b88ce85d1f,site:pochvovedenie:Pochved2005010Okoneshnikova:text:raw:dms:l:0,65.71111111111111,130.16944444444442,reported,pochvovedenie,pochvovedenie:Pochved2005010Okoneshnikova,ПОЧВЫ ВЕРХОЯНСКОГО ХРЕБТА В ПРЕДЕЛАХ АРКАЧАНСКОГО ПЛАТО,,2020,Р-1,"литоземы перегнойно-грубогумусовые, иллювиально-гумусированные",AO(0–6 см)–AOh(6–11 см)– Chi(11–25 см)–C(25–31 см),,,,Explicit pit label and author-reported coordinate in one source phrase.,"{""spatial_linkage"": ""explicit_labeled_pit_coordinate"", ""coordinate_candidate_id"": ""pochvovedenie:Pochved2005010Okoneshnikova:text:raw:dms:l:0""}
разрез Р-1, высота
над ур. м. 1137 м). Координаты: 65°42′40″ N,
130°10′10″ E. Формула морфологического про-
филя почвы: AO(0–6 см)–AOh(6–11 см)–
Chi(11–25 см)–C(25–31 см)–R. Грубогумусовый
Рис. 2. Вертикальная поясность растительности по профилю долины р. Федо",Pochved2005010Okoneshnikova.txt
profile:explicit_pit:b512626f6113cbc64dfe,site:pochvovedenie:Pochved2005010Okoneshnikova:text:raw:dms:l:3,65.70555555555556,130.16666666666666,reported,pochvovedenie,pochvovedenie:Pochved2005010Okoneshnikova,ПОЧВЫ ВЕРХОЯНСКОГО ХРЕБТА В ПРЕДЕЛАХ АРКАЧАНСКОГО ПЛАТО,,2020,Р-2,,,,,,Explicit pit label and author-reported coordinate in one source phrase.,"{""spatial_linkage"": ""explicit_labeled_pit_coordinate"", ""coordinate_candidate_id"": ""pochvovedenie:Pochved2005010Okoneshnikova:text:raw:dms:l:3""}
разрез Р-2)
со строением профиля: О(0–2 см)–Н(2–14(18) см)–
АСhi(14(18)–25(29) см)–Сhi(25(29)–52 см)–R.
Координаты: 65°42′20″ N, 130°10′00″ E. Данная
почва характеризуется наличием сырого пере-
гнойного горизонта средней мощности темно-бу-
рой окраски (5YR 3/2",Pochved2005010Okoneshnikova.txt
profile:prose:06354e3e7ebf115756d3,site:pochvovedenie:Pochved2007014Skvortsova:text:raw:variant:leading_dms:0,56.098333333333336,37.82416666666667,reported,pochvovedenie,pochvovedenie:Pochved2007014Skvortsova,ФОРМИРОВАНИЕ ПУЗЫРЬКОВЫХ ПОР В АГРЕГАТАХ,,2020,,,,Retisol,WRB,,Prose profile descriptor linked at document level because this document contains one reported Russian coordinate; it is not a row-level or independently surveyed pit coordinate.,"{""profile_candidate_id"": ""pochvovedenie:Pochved2007014Skvortsova:text:raw:p:soil:8"", ""spatial_linkage"": ""document_single_reported_coordinate""}
м исследования послужили агрегаты d = 3 мм из горизонта EL лесной дерново-подзо- листой почвы на покровных суглинках (по клас- сификации WRB 2014 г. (версия 2015 г.) Albic Glossic Retisol (Lomic, Cutanic)). Разрез был за- Рис. 1. Трехмерная компьютерная модель порового пространства в микромонолите из гор. EL дерново- подзолистой почвы. Сканирование на микротомо- графе Bruker Sky Scan 1172 с энергией пучк",Pochved2007014Skvortsova.txt
profile:prose:099049b0e598f2fc3813,site:pochvovedenie:Pochved2001006Chevychelov:text:raw:dms:l:0,58.66780555555555,126.23505555555556,reported,pochvovedenie,pochvovedenie:Pochved2001006Chevychelov,"СОДЕРЖАНИЕ, РАСПРЕДЕЛЕНИЕ И ФОРМЫ МИГРАЦИИ 238U",,2020,,,,аллювиальных,Russian/national term (unverified),,Prose profile descriptor linked at document level because this document contains one reported Russian coordinate; it is not a row-level or independently surveyed pit coordinate.,"{""profile_candidate_id"": ""pochvovedenie:Pochved2001006Chevychelov:text:raw:p:soil:23"", ""spatial_linkage"": ""document_single_reported_coordinate""}
фициента отно- сительного превышения над фоновым уровнем (Kпр) составляют 6–47. При гидрогенно-техно- генном загрязнении отмечается сложное внутри- профильное распределение 238U в аллювиальных почвах. Так, в аллювиальной темногумусовой поч- ве разреза 2ЭГ-06 выявляется два равнозначных максимума распределения 238U на глубине 4–14 и 42–52 см, в аналогичной почве разреза 5ЭГ-02 – также два, но убывающих по вели",Pochved2001006Chevychelov.txt
profile:prose:0b31d83ea87568f8fcc4,site:pochvovedenie:Pochved2001006Chevychelov:text:raw:dms:l:0,58.66780555555555,126.23505555555556,reported,pochvovedenie,pochvovedenie:Pochved2001006Chevychelov,"СОДЕРЖАНИЕ, РАСПРЕДЕЛЕНИЕ И ФОРМЫ МИГРАЦИИ 238U",,2020,3Д-06,,,аллювиальных,Russian/national term (unverified),,Prose profile descriptor linked at document level because this document contains one reported Russian coordinate; it is not a row-level or independently surveyed pit coordinate.,"{""profile_candidate_id"": ""pochvovedenie:Pochved2001006Chevychelov:text:raw:p:soil:40"", ""spatial_linkage"": ""document_single_reported_coordinate""}
ется значительно и составляет в среднем 25.4–40.8%. Содержание обменной, кислоторас- творимой, как и общее содержание миграцион- носпособных форм урана в техногенно-загряз- ненных аллювиальных почвах, больше, чем в ал- лювиальной темногумусовой почве природного ландшафта (разрез 3Д-06). Следовательно, как при воздушном, так и водном рассеивании урана в техногенных ландшафтах ЭУРР наблюдается уве- личение подв",Pochved2001006Chevychelov.txt
profile:prose:174637b9c93052d1bd2c,site:pochvovedenie:Pochved2007014Skvortsova:text:raw:variant:leading_dms:0,56.098333333333336,37.82416666666667,reported,pochvovedenie,pochvovedenie:Pochved2007014Skvortsova,ФОРМИРОВАНИЕ ПУЗЫРЬКОВЫХ ПОР В АГРЕГАТАХ,,2020,,,,подзолистом,Russian/national term (unverified),,Prose profile descriptor linked at document level because this document contains one reported Russian coordinate; it is not a row-level or independently surveyed pit coordinate.,"{""profile_candidate_id"": ""pochvovedenie:Pochved2007014Skvortsova:text:raw:p:soil:3"", ""spatial_linkage"": ""document_single_reported_coordinate""}
ГРЕГАТАХ 841 толще численность пузырьков может достигать 17% от общего количества пор, видимых на томо- граммах при разрешении 8.6 мкм [7]. Проблема формирования пузырьковых пор в подзолистом горизонте имеет различные физи- ческие и генетические аспекты. Почему пузырь- ковые поры локализованы в элювиальном и сла- бо представлены в гумусово-аккумулятивном, а также практически отсутствуют в текстурном го- ризо",Pochved2007014Skvortsova.txt
profile:prose:1e0aed564c73066ebb52,site:pochvovedenie:Pochved2001006Chevychelov:text:raw:dms:l:0,58.66780555555555,126.23505555555556,reported,pochvovedenie,pochvovedenie:Pochved2001006Chevychelov,"СОДЕРЖАНИЕ, РАСПРЕДЕЛЕНИЕ И ФОРМЫ МИГРАЦИИ 238U",,2020,2ЭГ-06,,,Аллювиальная,Russian/national term (unverified),,Prose profile descriptor linked at document level because this document contains one reported Russian coordinate; it is not a row-level or independently surveyed pit coordinate.,"{""profile_candidate_id"": ""pochvovedenie:Pochved2001006Chevychelov:text:raw:p:soil:46"", ""spatial_linkage"": ""document_single_reported_coordinate""}
ювиальная темногумусовая, разрез 2ЭГ-06 А0А1 А1 ВС ВС [АВ] 0–4 4–14 18–28 32–42 42–52 0.1 0.01 0.04 0.07 0.03 6.5 5.0 14.6 23.0 5.4 10.0 5.5 17.7 26.6 7.6 83.4 89.5 67.7 50.3 87.0 Аллювиальная темногумусовая, разрез 5ЭГ-02 А0 А0А1 А1 В С [АС] 0–1 1–2 2–18 18–24 30–40 47–57 0.7 0.3 0.2 0.2 0.3 0.3 6.3 19.2 22.1 15.7 15.0 32.0 3.3 13.5 12.4 15.8 31.0 25.7 89.7 67.0 65.3 68.3 53.7 42.0 Аллювиальная слоистая, раз",Pochved2001006Chevychelov.txt
profile:prose:1e0c2e8b6ea3d0ce3b85,site:pochvovedenie:Pochved2009017Sycheva:text:raw:dms:l:0,51.52444444444444,36.29555555555555,reported,pochvovedenie,pochvovedenie:Pochved2009017Sycheva,ТРАНСФОРМАЦИЯ БРЯНСКОЙ ПАЛЕОПОЧВЫ В ЗАПАДИНАХ,,2020,,,,черноземные,Russian/national term (unverified),,Prose profile descriptor linked at document level because this document contains one reported Russian coordinate; it is not a row-level or independently surveyed pit coordinate.,"{""profile_candidate_id"": ""pochvovedenie:Pochved2009017Sycheva:text:raw:p:soil:1"", ""spatial_linkage"": ""document_single_reported_coordinate""}
зии и просадки лёссов. На микроводоразделе развиваются ти- пичные черноземы (Haplic Chernozems), на склоне западины – черноземы выщелоченные (Livic Chernozems), а в днище – лугово-черноземные почвы (Luvic Chernozems (Stagnic)). Верхние гумусо- вые горизонты голоценовых почв аналогичны во всех секторах катены. На склонах и в нижней части западины подгоризонт Ah2 заменяется горизонтом AE, а горизонт Bk станови",Pochved2009017Sycheva.txt
profile:prose:26b5dd9f7f190fb6fe18,site:pochvovedenie:Pochved2002008Ovchinnikov:text:raw:dms:l:0,50.157624999999996,48.52605833333333,reported,pochvovedenie,pochvovedenie:Pochved2002008Ovchinnikov,ПОЧВЕННО-ЭКОЛОГИЧЕСКИЕ УСЛОВИЯ,,2020,,,,каштановыми,Russian/national term (unverified),,Prose profile descriptor linked at document level because this document contains one reported Russian coordinate; it is not a row-level or independently surveyed pit coordinate.,"{""profile_candidate_id"": ""pochvovedenie:Pochved2002008Ovchinnikov:text:raw:p:soil:2"", ""spatial_linkage"": ""document_single_reported_coordinate""}
з 3-2017) располагался в об- нажении обрывистого берега реки, в 30 м от раско- па был заложен фоновый разрез (разрез 4-2017). Современные почвы двух разрезов представ- лены светло-каштановыми карбонатными (Eutric Cambisol (Loamic, Protocalcic, Ochric)), а в архео- Рис. 1. Общий вид ландшафта и естественного обна- жения. Стрелками-курсорами показаны: археологи- ческий раскоп поселения “Орошаемое” и фоновый ра",Pochved2002008Ovchinnikov.txt
profile:prose:29e0928ba14be913658a,site:pochvovedenie:Pochved2007014Skvortsova:text:raw:variant:leading_dms:0,56.098333333333336,37.82416666666667,reported,pochvovedenie,pochvovedenie:Pochved2007014Skvortsova,ФОРМИРОВАНИЕ ПУЗЫРЬКОВЫХ ПОР В АГРЕГАТАХ,,2020,,,,Retisol,WRB,,Prose profile descriptor linked at document level because this document contains one reported Russian coordinate; it is not a row-level or independently surveyed pit coordinate.,"{""profile_candidate_id"": ""pochvovedenie:Pochved2007014Skvortsova:text:raw:p:soil:17"", ""spatial_linkage"": ""document_single_reported_coordinate""}
ement // Soil Use Manage. 2009. V. 25. P. 293–302.  https://doi.org/10.1111/j.1475-2743.2009.00225.x Formation of Vesicular Pores in Aggregates of Eluvial Horizon of Albic Glossic Retisol in Freeze-Thaw Cycles E. B. Skvortsova1, *, E. V. Shein1, 2, K. A. Romanenko1, and K. N. Abrosimov1 1Dokuchaev Soil Science Institute, Moscow, 119017 Russia 2Lomonosov Moscow State University, Moscow, 119991 Russia *e-m",Pochved2007014Skvortsova.txt
profile:prose:2a89c2f1b86cb654bba3,site:pochvovedenie:Pochved2009017Sycheva:text:raw:dms:l:0,51.52444444444444,36.29555555555555,reported,pochvovedenie,pochvovedenie:Pochved2009017Sycheva,ТРАНСФОРМАЦИЯ БРЯНСКОЙ ПАЛЕОПОЧВЫ В ЗАПАДИНАХ,,2020,,,,черноземной,Russian/national term (unverified),,Prose profile descriptor linked at document level because this document contains one reported Russian coordinate; it is not a row-level or independently surveyed pit coordinate.,"{""profile_candidate_id"": ""pochvovedenie:Pochved2009017Sycheva:text:raw:p:soil:30"", ""spatial_linkage"": ""document_single_reported_coordinate""}
являются зоны, свобод- ные от карбонатов. В днище западины карбонат- ный горизонт брянской почвы полностью отмыт от карбонатов. Иллювиально-глинистый гори- зонт голоценовой лугово-черноземной почвы на- ложен на весь профиль брянской почвы. Текстура становится более плотной, а структура также ме- няется. Педы брянской почвы приобретают оре- ховатые формы и их покрывают глинистые кута- ны, что для этой почвы н",Pochved2009017Sycheva.txt
profile:prose:35bd4d0e5cf87c6664b0,site:pochvovedenie:Pochved2007014Skvortsova:text:raw:variant:leading_dms:0,56.098333333333336,37.82416666666667,reported,pochvovedenie,pochvovedenie:Pochved2007014Skvortsova,ФОРМИРОВАНИЕ ПУЗЫРЬКОВЫХ ПОР В АГРЕГАТАХ,,2020,,,,,,лесной,Prose profile descriptor linked at document level because this document contains one reported Russian coordinate; it is not a row-level or independently surveyed pit coordinate.,"{""profile_candidate_id"": ""pochvovedenie:Pochved2007014Skvortsova:text:raw:p:land:18"", ""spatial_linkage"": ""document_single_reported_coordinate""}
ярного увлажнения и 5–20-кратного замораживания–оттаивания в зарождении и развитии внут- риагрегатных пузырьковых микро- и мезопор в обособленном агрегате d = 3 мм из горизонта EL лесной дерново-подзолистой почвы. Показано, что основные томографически видимые изменения порового пространства приурочены к стадиям капиллярного увлажнения и первым четырем цик- лам замораживания-оттаивания. Капиллярное увлаж",Pochved2007014Skvortsova.txt
profile:prose:3764bc2b5981972a0bfe,site:pochvovedenie:Pochved2001006Chevychelov:text:raw:dms:l:0,58.66780555555555,126.23505555555556,reported,pochvovedenie,pochvovedenie:Pochved2001006Chevychelov,"СОДЕРЖАНИЕ, РАСПРЕДЕЛЕНИЕ И ФОРМЫ МИГРАЦИИ 238U",,2020,,,,Аллювиальная,Russian/national term (unverified),,Prose profile descriptor linked at document level because this document contains one reported Russian coordinate; it is not a row-level or independently surveyed pit coordinate.,"{""profile_candidate_id"": ""pochvovedenie:Pochved2001006Chevychelov:text:raw:p:soil:43"", ""spatial_linkage"": ""document_single_reported_coordinate""}
е содержание миграционноспособных форм 238U в ра- * Значение коэффициента относительного превышения над фоновым уровнем. ** Средневзвешенное значение для почвенного профиля. 3Д-06 Аллювиальная темногумусовая А1 0–4 9.3 3.1 AB 4–14 8.8 2.9 BC 15–25 7.5 2.5 C 25–35 7.1 2.4 Среднее 8.0 2.7 № разреза Почва Горизонт Глубина, см 238U, мг/кг Kпр* Таблица 3.   Окончание  ПОЧВОВЕДЕНИЕ   № 1   2020 СОДЕРЖАНИЕ, РАСПРЕДЕ",Pochved2001006Chevychelov.txt
profile:prose:3a70429606831fabf6c2,site:pochvovedenie:Pochved2001006Chevychelov:text:raw:dms:l:0,58.66780555555555,126.23505555555556,reported,pochvovedenie,pochvovedenie:Pochved2001006Chevychelov,"СОДЕРЖАНИЕ, РАСПРЕДЕЛЕНИЕ И ФОРМЫ МИГРАЦИИ 238U",,2020,1Г-05,,,Аллювиальная,Russian/national term (unverified),,Prose profile descriptor linked at document level because this document contains one reported Russian coordinate; it is not a row-level or independently surveyed pit coordinate.,"{""profile_candidate_id"": ""pochvovedenie:Pochved2001006Chevychelov:text:raw:p:soil:13"", ""spatial_linkage"": ""document_single_reported_coordinate""}
, разрез 1Г-05 А0А1 0–4 3.9 2.9 37.1* 6.8 2.6 25.0 – – А1А2 4–7 3.9 3.1 7.8 1.6 0.5 7.2 3.2 9.9 ВС 15–25 5.2 4.0 1.0 2.6 1.6 1.0 8.9 33.7 СD 35–45 5.5 4.1 0.6 3.5 2.1 0.4 9.9 32.7 Аллювиальная темногумусовая почва, разрез 2ЭГ-06 А0А1 0–4 5.8 5.0 60.5* 60.9 13.8 1.7 – – A1 4–14 5.9 5.0 12.7 18.6 4.3 1.1 5.8 17.2 BC 18–28 6.4 5.4 3.7 5.2 2.5 0.1 3.4 11.2 BC 32–42 6.1 5.2 5.1 6.3 2.1 0.2 3.3 11.5 [АВ] 42–52 6.0 ",Pochved2001006Chevychelov.txt
profile:prose:3d1726cee283b058356e,site:pochvovedenie:Pochved2007014Skvortsova:text:raw:variant:leading_dms:0,56.098333333333336,37.82416666666667,reported,pochvovedenie,pochvovedenie:Pochved2007014Skvortsova,ФОРМИРОВАНИЕ ПУЗЫРЬКОВЫХ ПОР В АГРЕГАТАХ,,2020,,,,дерново-подзолистой,Russian/national term (unverified),,Prose profile descriptor linked at document level because this document contains one reported Russian coordinate; it is not a row-level or independently surveyed pit coordinate.,"{""profile_candidate_id"": ""pochvovedenie:Pochved2007014Skvortsova:text:raw:p:soil:11"", ""spatial_linkage"": ""document_single_reported_coordinate""}
5 0.9 5.5 40.8 9.4 10.8 32.6 47.2 52.8 6 ВT2 70–80 2.81 0.9 6.8 32.7 10.5 12.7 35.4 41.4 58.6 7 С 150–155 2.71 6.0 16.4 24.2 9.7 14.6 29.0 46.7 53.3 Таблица 2. Химические свойства дерново-подзолистой почвы [8] № п/п Горизонт Глубина  образца, см Гумус, % рН Caобм Mgобм Fe2O3, % Н2О KCl смоль(экв)/кг по Тамму по Мера– Джексону 1 АY 0–4 5.72 4.73 3.91 7.93 0.43 0.67 1.07 2 АEL 6–12 1.11 4.63 3.81 0.98 0.07 0.68 1.04 3",Pochved2007014Skvortsova.txt
profile:prose:460928f846b8a8ea0295,site:pochvovedenie:Pochved2001006Chevychelov:text:raw:dms:l:0,58.66780555555555,126.23505555555556,reported,pochvovedenie,pochvovedenie:Pochved2001006Chevychelov,"СОДЕРЖАНИЕ, РАСПРЕДЕЛЕНИЕ И ФОРМЫ МИГРАЦИИ 238U",,2020,,,,аллювиальных,Russian/national term (unverified),,Prose profile descriptor linked at document level because this document contains one reported Russian coordinate; it is not a row-level or independently surveyed pit coordinate.,"{""profile_candidate_id"": ""pochvovedenie:Pochved2001006Chevychelov:text:raw:p:soil:44"", ""spatial_linkage"": ""document_single_reported_coordinate""}
№ разреза Почва Горизонт Глубина, см 238U, мг/кг Kпр* Таблица 3.   Окончание  ПОЧВОВЕДЕНИЕ   № 1   2020 СОДЕРЖАНИЕ, РАСПРЕДЕЛЕНИЕ И ФОРМЫ МИГРАЦИИ 238U 117 диоактивно-загрязненных аллювиальных почвах составляет 25–41% от общего содержания урана. 5. Как при воздушном, так и водном рассеива- нии урана в техногенных ландшафтах Южной Яку- тии наблюдается рост подвижности или миграци- онной способности 238U в ради",Pochved2001006Chevychelov.txt
profile:prose:5a44c0b2605de5cedbe3,site:pochvovedenie:Pochved2007014Skvortsova:text:raw:variant:leading_dms:0,56.098333333333336,37.82416666666667,reported,pochvovedenie,pochvovedenie:Pochved2007014Skvortsova,ФОРМИРОВАНИЕ ПУЗЫРЬКОВЫХ ПОР В АГРЕГАТАХ,,2020,,,,подзолистой,Russian/national term (unverified),,Prose profile descriptor linked at document level because this document contains one reported Russian coordinate; it is not a row-level or independently surveyed pit coordinate.,"{""profile_candidate_id"": ""pochvovedenie:Pochved2007014Skvortsova:text:raw:p:soil:7"", ""spatial_linkage"": ""document_single_reported_coordinate""}
апиллярного увлажнения и цикличного замо- раживания–оттаивания в зарождении и развитии внутриагрегатных пузырьковых микро- и мезопор в агрегатах из элювиального горизонта дерново- подзолистой почвы. Исследования проводили с использованием метода рентгеновской микрото- мографии, особенно информативного при изуче- ния порового пространства почвы [1]. ОБЪЕКТЫ И МЕТОДЫ Объектом исследования послужили агрегаты d ",Pochved2007014Skvortsova.txt
profile:prose:5b20f63ef15ac8a3d6db,site:pochvovedenie:Pochved2007014Skvortsova:text:raw:variant:leading_dms:0,56.098333333333336,37.82416666666667,reported,pochvovedenie,pochvovedenie:Pochved2007014Skvortsova,ФОРМИРОВАНИЕ ПУЗЫРЬКОВЫХ ПОР В АГРЕГАТАХ,,2020,,,,,,лесной,Prose profile descriptor linked at document level because this document contains one reported Russian coordinate; it is not a row-level or independently surveyed pit coordinate.,"{""profile_candidate_id"": ""pochvovedenie:Pochved2007014Skvortsova:text:raw:p:land:19"", ""spatial_linkage"": ""document_single_reported_coordinate""}
вской микрото- мографии, особенно информативного при изуче- ния порового пространства почвы [1]. ОБЪЕКТЫ И МЕТОДЫ Объектом исследования послужили агрегаты d = 3 мм из горизонта EL лесной дерново-подзо- листой почвы на покровных суглинках (по клас- сификации WRB 2014 г. (версия 2015 г.) Albic Glossic Retisol (Lomic, Cutanic)). Разрез был за- Рис. 1. Трехмерная компьютерная модель порового пространства в ",Pochved2007014Skvortsova.txt
profile:prose:5ca2d4f6515f148404f2,site:pochvovedenie:Pochved2009017Sycheva:text:raw:dms:l:0,51.52444444444444,36.29555555555555,reported,pochvovedenie,pochvovedenie:Pochved2009017Sycheva,ТРАНСФОРМАЦИЯ БРЯНСКОЙ ПАЛЕОПОЧВЫ В ЗАПАДИНАХ,,2020,,,,мерзлотных,Russian/national term (unverified),,Prose profile descriptor linked at document level because this document contains one reported Russian coordinate; it is not a row-level or independently surveyed pit coordinate.,"{""profile_candidate_id"": ""pochvovedenie:Pochved2009017Sycheva:text:raw:p:soil:28"", ""spatial_linkage"": ""document_single_reported_coordinate""}
криогенных структур типа пятен-медальонов привело к нарушению, смещению и перемещению почвенных горизон- тов. Более тяжелосуглинистый материал гумусо- вого горизонта стекал внутрь мерзлотных трещин при их таянии, образуя грушевидные ядра (рис. 3). Горизонт АhВ заполнял клиновидные структуры. Карбонатный горизонт перераспределялся между “клиньями” – в “бугорках”. В результате про- филь брянской почвы предста",Pochved2009017Sycheva.txt
profile:prose:61937ff97f0ff708edfd,site:pochvovedenie:Pochved2001006Chevychelov:text:raw:dms:l:0,58.66780555555555,126.23505555555556,reported,pochvovedenie,pochvovedenie:Pochved2001006Chevychelov,"СОДЕРЖАНИЕ, РАСПРЕДЕЛЕНИЕ И ФОРМЫ МИГРАЦИИ 238U",,2020,,,,аллювиальной,Russian/national term (unverified),,Prose profile descriptor linked at document level because this document contains one reported Russian coordinate; it is not a row-level or independently surveyed pit coordinate.,"{""profile_candidate_id"": ""pochvovedenie:Pochved2001006Chevychelov:text:raw:p:soil:25"", ""spatial_linkage"": ""document_single_reported_coordinate""}
значных максимума распределения 238U на глубине 4–14 и 42–52 см, в аналогичной почве разреза 5ЭГ-02 – также два, но убывающих по величине максиму- ма на глубине 2–18 и 47–57 см. В аллювиальной слоистой почве разреза 1ЭГ-06 выделяется три убывающих максимума на глубине 1–4, 9–11 и 55–65 см. При этом по мере удаления от источни- ков радиоактивного загрязнения значение Kпр для исследуемых аллювиальных почв убыва",Pochved2001006Chevychelov.txt
profile:prose:69507e967a565d9474d6,site:pochvovedenie:Pochved2007014Skvortsova:text:raw:variant:leading_dms:0,56.098333333333336,37.82416666666667,reported,pochvovedenie,pochvovedenie:Pochved2007014Skvortsova,ФОРМИРОВАНИЕ ПУЗЫРЬКОВЫХ ПОР В АГРЕГАТАХ,,2020,,,,дерново-подзолистых,Russian/national term (unverified),,Prose profile descriptor linked at document level because this document contains one reported Russian coordinate; it is not a row-level or independently surveyed pit coordinate.,"{""profile_candidate_id"": ""pochvovedenie:Pochved2007014Skvortsova:text:raw:p:soil:4"", ""spatial_linkage"": ""document_single_reported_coordinate""}
етические аспекты. Почему пузырь- ковые поры локализованы в элювиальном и сла- бо представлены в гумусово-аккумулятивном, а также практически отсутствуют в текстурном го- ризонтах дерново-подзолистых почв [7]. Какие факторы и процессы обусловливают появление везикулярной пористости в экранированном от поверхности гор. EL? Элювиальные горизонты залегают на малой глу- бине, доступной текущим педотурбационным на- рушен",Pochved2007014Skvortsova.txt
profile:prose:6f37c00497e68a973b8e,site:pochvovedenie:Pochved2009017Sycheva:text:raw:dms:l:0,51.52444444444444,36.29555555555555,reported,pochvovedenie,pochvovedenie:Pochved2009017Sycheva,ТРАНСФОРМАЦИЯ БРЯНСКОЙ ПАЛЕОПОЧВЫ В ЗАПАДИНАХ,,2020,,,,черноземная,Russian/national term (unverified),,Prose profile descriptor linked at document level because this document contains one reported Russian coordinate; it is not a row-level or independently surveyed pit coordinate.,"{""profile_candidate_id"": ""pochvovedenie:Pochved2009017Sycheva:text:raw:p:soil:24"", ""spatial_linkage"": ""document_single_reported_coordinate""}
ем с горизонтами Ah1-Ah2-AhB-Bk-Ck на склоне (в транзитном секторе) – выщелоченный чернозем с горизонтами Ah1-Ah2-AhB-Bt-Bk-Ck и днище западины (в аккумулятивном секторе) – лугово-черноземная почва с горизонтами Ah-AhE- AhB-Bt-C. Верхние гумусовые горизонты развиты во всех почвах катены, мощность их близка. На склонах и в нижней части западины субгоризонт Ah2 заме- няется горизонтом AhE, а горизонт Bk станов",Pochved2009017Sycheva.txt
profile:prose:75aae4a411be5ceaf259,site:pochvovedenie:Pochved2001006Chevychelov:text:raw:dms:l:0,58.66780555555555,126.23505555555556,reported,pochvovedenie,pochvovedenie:Pochved2001006Chevychelov,"СОДЕРЖАНИЕ, РАСПРЕДЕЛЕНИЕ И ФОРМЫ МИГРАЦИИ 238U",,2020,4ЭГ-02,,,торфяниках,Russian/national term (unverified),,Prose profile descriptor linked at document level because this document contains one reported Russian coordinate; it is not a row-level or independently surveyed pit coordinate.,"{""profile_candidate_id"": ""pochvovedenie:Pochved2001006Chevychelov:text:raw:p:soil:28"", ""spatial_linkage"": ""document_single_reported_coordinate""}
45 и 0.704). Это полностью соответствует геохимическим принципам миграции урана в гу- мидных ландшафтах в условиях окислительной обстановки, когда данный элемент накапливает- ся в торфяниках и аллювиальных глинах [13]. При аэротехногенном загрязнении почв, в подбуре оподзоленном (табл. 4, разрез 4ЭГ-02) содержание водорастворимой формы урана со- ставляет 0.3–2.2%, обменной – 1.4–5.5%, кисло- торастворимой –",Pochved2001006Chevychelov.txt
profile:prose:78568013034166f7c896,site:pochvovedenie:Pochved2007014Skvortsova:text:raw:variant:leading_dms:0,56.098333333333336,37.82416666666667,reported,pochvovedenie,pochvovedenie:Pochved2007014Skvortsova,ФОРМИРОВАНИЕ ПУЗЫРЬКОВЫХ ПОР В АГРЕГАТАХ,,2020,,,,,,лесных,Prose profile descriptor linked at document level because this document contains one reported Russian coordinate; it is not a row-level or independently surveyed pit coordinate.,"{""profile_candidate_id"": ""pochvovedenie:Pochved2007014Skvortsova:text:raw:p:land:20"", ""spatial_linkage"": ""document_single_reported_coordinate""}
 1 и 2). Агрегаты выбранного размера обладают одно- родным строением, в минимальной степени ослож- ненным наличием Fe–Mn-конкреций и биогенных пор, присущих элювиальному горизонту лесных почв. Однородное строение агрегата способствует выявлению роли изучаемых процессов в образова- нии пузырьков. Лабораторный эксперимент проводили в ФГБНУ “Почвенный институт им. В.В. Докучае- ва”. Основным методом исслед",Pochved2007014Skvortsova.txt
profile:prose:7af3f20d5b46e013b525,site:pochvovedenie:Pochved2001006Chevychelov:text:raw:dms:l:0,58.66780555555555,126.23505555555556,reported,pochvovedenie,pochvovedenie:Pochved2001006Chevychelov,"СОДЕРЖАНИЕ, РАСПРЕДЕЛЕНИЕ И ФОРМЫ МИГРАЦИИ 238U",,2020,,,,аллювиальных,Russian/national term (unverified),,Prose profile descriptor linked at document level because this document contains one reported Russian coordinate; it is not a row-level or independently surveyed pit coordinate.,"{""profile_candidate_id"": ""pochvovedenie:Pochved2001006Chevychelov:text:raw:p:soil:19"", ""spatial_linkage"": ""document_single_reported_coordinate""}
 насыщен обменными основаниями Ca2+ и Mg2+, а доля обменного Н+ незначительна и максимально составляет 8–13% от S. Главной особенностью морфологии, свойств и состава ис- следуемых аллювиальных почв является наличие в них на разной глубине погребенных горизонтов АВ и АС, обогащенных органическим веществом и мелкодисперсными фракциями почвенного мелкозема: глины (<0.01 мм) и ила (<0.001 мм). Такие погребенные п",Pochved2001006Chevychelov.txt
profile:prose:7df8b435e6aca450cb40,site:pochvovedenie:Pochved2009017Sycheva:text:raw:dms:l:0,51.52444444444444,36.29555555555555,reported,pochvovedenie,pochvovedenie:Pochved2009017Sycheva,ТРАНСФОРМАЦИЯ БРЯНСКОЙ ПАЛЕОПОЧВЫ В ЗАПАДИНАХ,,2020,,,,чернозем,Russian/national term (unverified),,Prose profile descriptor linked at document level because this document contains one reported Russian coordinate; it is not a row-level or independently surveyed pit coordinate.,"{""profile_candidate_id"": ""pochvovedenie:Pochved2009017Sycheva:text:raw:p:soil:23"", ""spatial_linkage"": ""document_single_reported_coordinate""}
ные. Таким образом, на микроводоразделе (в элю- виальном секторе катены) развит типичный чер- нозем с горизонтами Ah1-Ah2-AhB-Bk-Ck на склоне (в транзитном секторе) – выщелоченный чернозем с горизонтами Ah1-Ah2-AhB-Bt-Bk-Ck и днище западины (в аккумулятивном секторе) – лугово-черноземная почва с горизонтами Ah-AhE- AhB-Bt-C. Верхние гумусовые горизонты развиты во всех почвах катены, мощность их близка. На",Pochved2009017Sycheva.txt
profile:prose:84884fa2bfc9416b1800,site:pochvovedenie:Pochved2001006Chevychelov:text:raw:dms:l:0,58.66780555555555,126.23505555555556,reported,pochvovedenie,pochvovedenie:Pochved2001006Chevychelov,"СОДЕРЖАНИЕ, РАСПРЕДЕЛЕНИЕ И ФОРМЫ МИГРАЦИИ 238U",,2020,5ЭГ-02,,,Аллювиальная,Russian/national term (unverified),,Prose profile descriptor linked at document level because this document contains one reported Russian coordinate; it is not a row-level or independently surveyed pit coordinate.,"{""profile_candidate_id"": ""pochvovedenie:Pochved2001006Chevychelov:text:raw:p:soil:14"", ""spatial_linkage"": ""document_single_reported_coordinate""}
7 – – A1 4–14 5.9 5.0 12.7 18.6 4.3 1.1 5.8 17.2 BC 18–28 6.4 5.4 3.7 5.2 2.5 0.1 3.4 11.2 BC 32–42 6.1 5.2 5.1 6.3 2.1 0.2 3.3 11.5 [АВ] 42–52 6.0 5.0 18.8 21.2 11.6 0.7 6.8 16.5 Аллювиальная темногумусовая почва, разрез 5ЭГ-02 А0А1 1–2 4.8 – 56.0* 39.2 13.5 3.9 – – A1 2–18 4.4 – 9.9 8.8 7.8 2.4 6.4 13.9 B 18–24 4.5 – 4.8 4.6 8.3 1.2 5.2 10.6 C 30–40 5.0 – 0.6 3.8 7.5 0.6 5.3 10.3 [АС] 47–57 5.4 – 8.8 25.9 1",Pochved2001006Chevychelov.txt
profile:prose:8a9d9c00931f506967b5,site:pochvovedenie:Pochved2001006Chevychelov:text:raw:dms:l:0,58.66780555555555,126.23505555555556,reported,pochvovedenie,pochvovedenie:Pochved2001006Chevychelov,"СОДЕРЖАНИЕ, РАСПРЕДЕЛЕНИЕ И ФОРМЫ МИГРАЦИИ 238U",,2020,,,,аллювиальной,Russian/national term (unverified),,Prose profile descriptor linked at document level because this document contains one reported Russian coordinate; it is not a row-level or independently surveyed pit coordinate.,"{""profile_candidate_id"": ""pochvovedenie:Pochved2001006Chevychelov:text:raw:p:soil:24"", ""spatial_linkage"": ""document_single_reported_coordinate""}
евышения над фоновым уровнем (Kпр) составляют 6–47. При гидрогенно-техно- генном загрязнении отмечается сложное внутри- профильное распределение 238U в аллювиальных почвах. Так, в аллювиальной темногумусовой поч- ве разреза 2ЭГ-06 выявляется два равнозначных максимума распределения 238U на глубине 4–14 и 42–52 см, в аналогичной почве разреза 5ЭГ-02 – также два, но убывающих по величине максиму- ма на глубине ",Pochved2001006Chevychelov.txt
profile:prose:8daa2079be6f919bfb3b,site:pochvovedenie:Pochved2001006Chevychelov:text:raw:dms:l:0,58.66780555555555,126.23505555555556,reported,pochvovedenie,pochvovedenie:Pochved2001006Chevychelov,"СОДЕРЖАНИЕ, РАСПРЕДЕЛЕНИЕ И ФОРМЫ МИГРАЦИИ 238U",,2020,,,,аллювиальных,Russian/national term (unverified),,Prose profile descriptor linked at document level because this document contains one reported Russian coordinate; it is not a row-level or independently surveyed pit coordinate.,"{""profile_candidate_id"": ""pochvovedenie:Pochved2001006Chevychelov:text:raw:p:soil:20"", ""spatial_linkage"": ""document_single_reported_coordinate""}
ом и мелкодисперсными фракциями почвенного мелкозема: глины (<0.01 мм) и ила (<0.001 мм). Такие погребенные почвенные горизонты выяв- лены в четырех из пяти исследованных разрезов аллювиальных почв. В этой связи необходимо от- метить, что слоистость является генетическим признаком пойменных (аллювиальных) почв [6]. Как отмечалось ранее, почвы – это централь- ные блоки ландшафтов, аккумулирующие техно- генные ",Pochved2001006Chevychelov.txt
profile:prose:8f479174b2a96ed0d610,site:pochvovedenie:Pochved2009017Sycheva:text:raw:dms:l:0,51.52444444444444,36.29555555555555,reported,pochvovedenie,pochvovedenie:Pochved2009017Sycheva,ТРАНСФОРМАЦИЯ БРЯНСКОЙ ПАЛЕОПОЧВЫ В ЗАПАДИНАХ,,2020,,,,глеевый,Russian/national term (unverified),,Prose profile descriptor linked at document level because this document contains one reported Russian coordinate; it is not a row-level or independently surveyed pit coordinate.,"{""profile_candidate_id"": ""pochvovedenie:Pochved2009017Sycheva:text:raw:p:soil:11"", ""spatial_linkage"": ""document_single_reported_coordinate""}
чвенные горизонты брянской палеопочвы в западине: 6 – Ahtв ядрах; 7 – BCtg в клиньях; 8 – педоседимент ранне-, средневалдайских почв; лёс- совидный суглинок: 9 – карбонатный; 10 – глеевый; 11 – бескарбонатный; 12-линия декальцинации; 13 – неясные границы между слоями и горизонтами. Слои: I – голоценовая почва; II – поздневалдайский лёсс; III – брянский палеопочва; IIIa – Bk горизонт брянской палеопочвы; ",Pochved2009017Sycheva.txt
profile:prose:9cd167f06c1b1af0e2fb,site:pochvovedenie:Pochved2009017Sycheva:text:raw:dms:l:0,51.52444444444444,36.29555555555555,reported,pochvovedenie,pochvovedenie:Pochved2009017Sycheva,ТРАНСФОРМАЦИЯ БРЯНСКОЙ ПАЛЕОПОЧВЫ В ЗАПАДИНАХ,,2020,,,,черноземно,Russian/national term (unverified),,Prose profile descriptor linked at document level because this document contains one reported Russian coordinate; it is not a row-level or independently surveyed pit coordinate.,"{""profile_candidate_id"": ""pochvovedenie:Pochved2009017Sycheva:text:raw:p:soil:31"", ""spatial_linkage"": ""document_single_reported_coordinate""}
ретают оре- ховатые формы и их покрывают глинистые кута- ны, что для этой почвы не характерно. То есть весь профиль брянской почвы в голоцене превра- тился в иллювиальный горизонт черноземно-лу- говых почв за счет выщелачивания карбонатов и внесения глины и полуторных оксидов. БЛАГОДАРНОСТЬ Выражаем благодарность администрации и сотруд- никам Центрально-Черноземного государственного природного биосферного з",Pochved2009017Sycheva.txt
profile:prose:9ea9ff56b1991b3eb59b,site:pochvovedenie:Pochved2001006Chevychelov:text:raw:dms:l:0,58.66780555555555,126.23505555555556,reported,pochvovedenie,pochvovedenie:Pochved2001006Chevychelov,"СОДЕРЖАНИЕ, РАСПРЕДЕЛЕНИЕ И ФОРМЫ МИГРАЦИИ 238U",,2020,3Д-06,,,аллювиальная,Russian/national term (unverified),,Prose profile descriptor linked at document level because this document contains one reported Russian coordinate; it is not a row-level or independently surveyed pit coordinate.,"{""profile_candidate_id"": ""pochvovedenie:Pochved2001006Chevychelov:text:raw:p:soil:48"", ""spatial_linkage"": ""document_single_reported_coordinate""}
1–4 4–9 9–11 15–25 35–45 55–65 0.3 0.3 0.1 0.04 0.04 0.05 0.6 7.0 5.4 22.2 8.3 18.2 26.1 5.6 8.0 3.9 20.4 10.7 19.5 17.4 9.0 84.7 90.4 57.3 81.0 62.3 56.4 84.8 Природный ландшафт, аллювиальная темногумусовая, разрез 3Д-06 А1 АВ ВС С 0–4 4–14 15–25 25–35 0.1 0.1 0.1 0.1 26.9 4.7 6.5 4.4 3.3 0.7 2.5 2.2 69.7 94.5 90.9 93.3  118 ПОЧВОВЕДЕНИЕ   № 1   2020 ЧЕВЫЧЕЛОВ, СОБАКИН 3. Архипов Н.П., Федорова Т.А., Феврале",Pochved2001006Chevychelov.txt
profile:prose:bf8b20306d02627ba41b,site:pochvovedenie:Pochved2009017Sycheva:text:raw:dms:l:0,51.52444444444444,36.29555555555555,reported,pochvovedenie,pochvovedenie:Pochved2009017Sycheva,ТРАНСФОРМАЦИЯ БРЯНСКОЙ ПАЛЕОПОЧВЫ В ЗАПАДИНАХ,,2020,,,,глеевый,Russian/national term (unverified),,Prose profile descriptor linked at document level because this document contains one reported Russian coordinate; it is not a row-level or independently surveyed pit coordinate.,"{""profile_candidate_id"": ""pochvovedenie:Pochved2009017Sycheva:text:raw:p:soil:29"", ""spatial_linkage"": ""document_single_reported_coordinate""}
лого гранулометри- ческого состава к процессам иллювиирования ила, Fe2O3 и Al2O3 периодически присоединяются процессы сезонного оглеения. В результате этого появляется иллювиально-глеевый горизонт в осно- вании профиля брянской палеопочвы с формами карбонатов виде недифференцированных плотных мелких нодулей в основной массе, характерных как раз для условий повышенного увлажнения. Итак, выделены два основ",Pochved2009017Sycheva.txt
profile:prose:c605bb90414dd193d998,site:pochvovedenie:Pochved2002008Ovchinnikov:text:raw:dms:l:0,50.157624999999996,48.52605833333333,reported,pochvovedenie,pochvovedenie:Pochved2002008Ovchinnikov,ПОЧВЕННО-ЭКОЛОГИЧЕСКИЕ УСЛОВИЯ,,2020,,,,Cambisol,WRB,,Prose profile descriptor linked at document level because this document contains one reported Russian coordinate; it is not a row-level or independently surveyed pit coordinate.,"{""profile_candidate_id"": ""pochvovedenie:Pochved2002008Ovchinnikov:text:raw:p:soil:3"", ""spatial_linkage"": ""document_single_reported_coordinate""}
нии обрывистого берега реки, в 30 м от раско- па был заложен фоновый разрез (разрез 4-2017). Современные почвы двух разрезов представ- лены светло-каштановыми карбонатными (Eutric Cambisol (Loamic, Protocalcic, Ochric)), а в архео- Рис. 1. Общий вид ландшафта и естественного обна- жения. Стрелками-курсорами показаны: археологи- ческий раскоп поселения “Орошаемое” и фоновый разрез. Археологический раскоп п",Pochved2002008Ovchinnikov.txt
profile:prose:db616f899ff2e0477b1d,site:pochvovedenie:Pochved2009017Sycheva:text:raw:dms:l:0,51.52444444444444,36.29555555555555,reported,pochvovedenie,pochvovedenie:Pochved2009017Sycheva,ТРАНСФОРМАЦИЯ БРЯНСКОЙ ПАЛЕОПОЧВЫ В ЗАПАДИНАХ,,2020,5,,,глеевый,Russian/national term (unverified),,Prose profile descriptor linked at document level because this document contains one reported Russian coordinate; it is not a row-level or independently surveyed pit coordinate.,"{""profile_candidate_id"": ""pochvovedenie:Pochved2009017Sycheva:text:raw:p:soil:12"", ""spatial_linkage"": ""document_single_reported_coordinate""}
 – поздневалдайский лёсс; III – брянский палеопочва; IIIa – Bk горизонт брянской палеопочвы; IV – педоседимент ранне-, средневалдайских почв; V – карбонатный московский лёсс; Va – глеевый московский лёсс; Vb – бескарбонатный московский лёсс. Б – брянская палеопочва на микроводоразделе (точка 5 м). Горизонты голоценовой почвы: 1 – гумусовый, 2 – иллювиальный, 3 – карбонатный; 4 – горизонты брянской палеоп",Pochved2009017Sycheva.txt
profile:prose:def7c4fe4fc96c0a2de5,site:pochvovedenie:Pochved2001006Chevychelov:text:raw:dms:l:0,58.66780555555555,126.23505555555556,reported,pochvovedenie,pochvovedenie:Pochved2001006Chevychelov,"СОДЕРЖАНИЕ, РАСПРЕДЕЛЕНИЕ И ФОРМЫ МИГРАЦИИ 238U",,2020,,,,аллювиальные,Russian/national term (unverified),,Prose profile descriptor linked at document level because this document contains one reported Russian coordinate; it is not a row-level or independently surveyed pit coordinate.,"{""profile_candidate_id"": ""pochvovedenie:Pochved2001006Chevychelov:text:raw:p:soil:18"", ""spatial_linkage"": ""document_single_reported_coordinate""}
вляются горизонты ВС и CD подбуров (разрезы 4ЭГ-02 и 1Г-05), в кото- рых отмечается утяжеление гранулометрическо- го состава до легко- и среднесуглинистого. Изучаемые гидроморфные аллювиальные поч- вы данного района также различаются по составу и свойствам, хотя и в меньшей степени, чем подбу- ры. Значения рНн2о в данных почвах изменяется от кислого (разрез 5ЭГ-02) до слабокислого (раз- резы 2ЭГ-06, 6ЭГ-03) и",Pochved2001006Chevychelov.txt
profile:prose:e7c02b5e32d7c817fe45,site:pochvovedenie:Pochved2005003Astaikina:text:raw:dms:l:0,55.57833333333333,36.57555555555556,reported,pochvovedenie,pochvovedenie:Pochved2005003Astaikina,ВЛИЯНИЕ ПЕСТИЦИДНОЙ НАГРУЗКИ НА МИКРОБНОЕ,,2020,,,,подзолистой,Russian/national term (unverified),,Prose profile descriptor linked at document level because this document contains one reported Russian coordinate; it is not a row-level or independently surveyed pit coordinate.,"{""profile_candidate_id"": ""pochvovedenie:Pochved2005003Astaikina:text:raw:p:soil:1"", ""spatial_linkage"": ""document_single_reported_coordinate""}
роизводитель- ного секвенирования (NGS), а также методов оценки биологической активности почвенных микроорганизмов. ОБЪЕКТЫ И МЕТОДЫ Образцы агрогумусового горизонта агродер- ново-подзолистой типичной почвы [2] (Albic Re- tisols (Aric, Cutanic, Ochric) [49]) отбирали на экс- периментальном участке в Одинцовском районе Московской области (55°34′42″ N, 36°34′32″ E). В течение последних пяти лет данный участок ",Pochved2005003Astaikina.txt
profile:prose:efc32ba52ae40646f01e,site:pochvovedenie:Pochved2001006Chevychelov:text:raw:dms:l:0,58.66780555555555,126.23505555555556,reported,pochvovedenie,pochvovedenie:Pochved2001006Chevychelov,"СОДЕРЖАНИЕ, РАСПРЕДЕЛЕНИЕ И ФОРМЫ МИГРАЦИИ 238U",,2020,4ЭГ-02,,,аллювиальных,Russian/national term (unverified),,Prose profile descriptor linked at document level because this document contains one reported Russian coordinate; it is not a row-level or independently surveyed pit coordinate.,"{""profile_candidate_id"": ""pochvovedenie:Pochved2001006Chevychelov:text:raw:p:soil:29"", ""spatial_linkage"": ""document_single_reported_coordinate""}
Это полностью соответствует геохимическим принципам миграции урана в гу- мидных ландшафтах в условиях окислительной обстановки, когда данный элемент накапливает- ся в торфяниках и аллювиальных глинах [13]. При аэротехногенном загрязнении почв, в подбуре оподзоленном (табл. 4, разрез 4ЭГ-02) содержание водорастворимой формы урана со- ставляет 0.3–2.2%, обменной – 1.4–5.5%, кисло- торастворимой – 1.3–7.4% от об",Pochved2001006Chevychelov.txt
profile:prose:f1aee8e4f256a5935ed4,site:pochvovedenie:Pochved2007014Skvortsova:text:raw:variant:leading_dms:0,56.098333333333336,37.82416666666667,reported,pochvovedenie,pochvovedenie:Pochved2007014Skvortsova,ФОРМИРОВАНИЕ ПУЗЫРЬКОВЫХ ПОР В АГРЕГАТАХ,,2020,,,,подзолистой,Russian/national term (unverified),,Prose profile descriptor linked at document level because this document contains one reported Russian coordinate; it is not a row-level or independently surveyed pit coordinate.,"{""profile_candidate_id"": ""pochvovedenie:Pochved2007014Skvortsova:text:raw:p:soil:9"", ""spatial_linkage"": ""document_single_reported_coordinate""}
B 2014 г. (версия 2015 г.) Albic Glossic Retisol (Lomic, Cutanic)). Разрез был за- Рис. 1. Трехмерная компьютерная модель порового пространства в микромонолите из гор. EL дерново- подзолистой почвы. Сканирование на микротомо- графе Bruker Sky Scan 1172 с энергией пучка 100 кэВ и разрешением 15.8 мкм [5]. Поры светлые. 1 cм  842 ПОЧВОВЕДЕНИЕ   № 7   2020 СКВОРЦОВА и др. ложен под 90-летним еловым лесом с прим",Pochved2007014Skvortsova.txt
profile:prose:f246225d7043d8399e14,site:pochvovedenie:Pochved2001006Chevychelov:text:raw:dms:l:0,58.66780555555555,126.23505555555556,reported,pochvovedenie,pochvovedenie:Pochved2001006Chevychelov,"СОДЕРЖАНИЕ, РАСПРЕДЕЛЕНИЕ И ФОРМЫ МИГРАЦИИ 238U",,2020,1ЭГ-05,,,Аллювиальная,Russian/national term (unverified),,Prose profile descriptor linked at document level because this document contains one reported Russian coordinate; it is not a row-level or independently surveyed pit coordinate.,"{""profile_candidate_id"": ""pochvovedenie:Pochved2001006Chevychelov:text:raw:p:soil:45"", ""spatial_linkage"": ""document_single_reported_coordinate""}
риродный ландшафт, подбур оподзоленный, разрез 1ЭГ-05 А0А1 А1А2 ВС СD 0–4 4–7 15–25 35–45 0.2 0.3 0.8 0.1 5.2 5.7 3.7 2.8 3.3 0.7 2.5 2.2 91.3 93.3 93.0 94.9 Техногенные ландшафты Аллювиальная темногумусовая, разрез 2ЭГ-06 А0А1 А1 ВС ВС [АВ] 0–4 4–14 18–28 32–42 42–52 0.1 0.01 0.04 0.07 0.03 6.5 5.0 14.6 23.0 5.4 10.0 5.5 17.7 26.6 7.6 83.4 89.5 67.7 50.3 87.0 Аллювиальная темногумусовая, разрез 5ЭГ-02 А0 А0А",Pochved2001006Chevychelov.txt
profile:prose:f82345e2f48d0fd2312c,site:pochvovedenie:Pochved2001006Chevychelov:text:raw:dms:l:0,58.66780555555555,126.23505555555556,reported,pochvovedenie,pochvovedenie:Pochved2001006Chevychelov,"СОДЕРЖАНИЕ, РАСПРЕДЕЛЕНИЕ И ФОРМЫ МИГРАЦИИ 238U",,2020,6ЭГ-03,,,Аллювиальная,Russian/national term (unverified),,Prose profile descriptor linked at document level because this document contains one reported Russian coordinate; it is not a row-level or independently surveyed pit coordinate.,"{""profile_candidate_id"": ""pochvovedenie:Pochved2001006Chevychelov:text:raw:p:soil:15"", ""spatial_linkage"": ""document_single_reported_coordinate""}
39.2 13.5 3.9 – – A1 2–18 4.4 – 9.9 8.8 7.8 2.4 6.4 13.9 B 18–24 4.5 – 4.8 4.6 8.3 1.2 5.2 10.6 C 30–40 5.0 – 0.6 3.8 7.5 0.6 5.3 10.3 [АС] 47–57 5.4 – 8.8 25.9 11.6 5.7 10.9 23.0 Аллювиальная темногумусовая, разрез 6ЭГ-03 А1 2–8 6.1 5.6 36.7* 37.3 24.9 0.7 – – B 8–11 6.0 5.2 7.9 7.8 1.7 0.3 7.8 9.5 [АВ] 11–14 5.5 5.2 20.7 20.6 15.1 1.5 8.7 15.2 BC 14–19 6.2 5.2 1.4 2.9 0.6 0.1 3.8 6.6 CD 19–29 6.0 5.1 1.3 2.",Pochved2001006Chevychelov.txt
profile:coordinate_first_label:1af90a165bfd2f2fcf98,site:pochvovedenie:Pochved2102015Vanchikova:text:raw:ru_abbr:dms:6,63.95,52.2,reported,pochvovedenie,pochvovedenie:Pochved2102015Vanchikova,"ИССЛЕДОВАНИЕ КИСЛОТНОСТИ СИЛЬНОКИСЛЫХ ПОЧВ рНKCl < 3.3,",,2021,37-Ж,,,,,,Explicit profile/pit label within 180 characters of an author-reported coordinate.,"{""spatial_linkage"": ""coordinate_local_explicit_profile_label"", ""coordinate_candidate_id"": ""pochvovedenie:Pochved2102015Vanchikova:text:raw:ru_abbr:dms:6"", ""label_distance_characters"": 138}
иогляциальных отложениях), Stagnic Histic Albeluvisols, 65°25′ N, 50°51′ E ELg 17–24 4.0 3.1 1.56 2.4 74.7 3.77 11.89 0.27 1.22 1.42 – 16 Разрез 37-Ж. Подзол иллювиально-гумусово-железистый (на элювии алевролитовых сланцев), Albic Podzols, 63°57′ N, 52°12′ E E 4–10 3.9 2.8 0.36 0.82 86.6 1.94 5.92 0.27 0.96 1.44 0.81 5 E 10–15 4.2 3.1 – 0.54 85.0 2.24 6.97 0.30 1.05 1.73 0.09 5 Разрез 3-Ж. Подзол иллювиально-гумусово-железистый (на элювии алевролитовых сланцев), Albic Podzols, 63°57′ N, 52°12′ E [4] Е 8–16 4.1 2.8 – 1.63 81.8 1.81 8.60 0.12 0.21 1.68 0.75 8 Разрез 29-Ж. С",Pochved2102015Vanchikova.txt
profile:coordinate_first_label:1edd0b9b40ecebd5086f,site:pochvovedenie:Pochved2102015Vanchikova:text:raw:ru_abbr:dms:11,68.31666666666666,59.516666666666666,reported,pochvovedenie,pochvovedenie:Pochved2102015Vanchikova,"ИССЛЕДОВАНИЕ КИСЛОТНОСТИ СИЛЬНОКИСЛЫХ ПОЧВ рНKCl < 3.3,",,2021,20,,,,,,Explicit profile/pit label within 180 characters of an author-reported coordinate.,"{""spatial_linkage"": ""coordinate_local_explicit_profile_label"", ""coordinate_candidate_id"": ""pochvovedenie:Pochved2102015Vanchikova:text:raw:ru_abbr:dms:11"", ""label_distance_characters"": 133}
очва (морские отложения), Reductaquic Umbric Cryosols, 68°21′ N, 59°28′ E AY 6–22 4.8 3.1 0.40 – 75.3 3.85 10.54 0.80 1.25 1.78 – 18 Разрез 20. Маршевая дерново-глеевая (морские отложения), Tidalic Fluvisol (Arenic, Ochric, Epiprotosalic), 68°19′ N, 59°31′ E [16] ACao,g 19–30 3.6 3.3 0.53 0.5 82.0 1.75 9.65 0.68 1.10 1.46 0.57 8  ПОЧВОВЕДЕНИЕ   № 2   2021 ИССЛЕДОВАНИЕ КИСЛОТНОСТИ СИЛЬНОКИСЛЫХ ПОЧВ 187 Таблица 2. Массовая доля ионов в солевых вытяжках из образцов почв, измеренная атомно-эмиссионным ме- тодом Примечание. Прочерк – не определяли. Объект Массовая доля элемент",Pochved2102015Vanchikova.txt
profile:coordinate_first_label:25642127e0a7b48366c6,site:pochvovedenie:Pochved2105014Okoneshnikova:text:raw:ru_abbr:dms:0,63.116194444444446,139.06230555555555,reported,pochvovedenie,pochvovedenie:Pochved2105014Okoneshnikova,ПОЧВЫ ВЫСОТНЫХ ПОЯСОВ ХРЕБТА СУНТАР-ХАЯТА:,,2021,5,,,,,,Explicit profile/pit label within 180 characters of an author-reported coordinate.,"{""spatial_linkage"": ""coordinate_local_explicit_profile_label"", ""coordinate_candidate_id"": ""pochvovedenie:Pochved2105014Okoneshnikova:text:raw:ru_abbr:dms:0"", ""label_distance_characters"": 229}
промоинами на участках под смешанным тополево-лиственничным брус- нично-зеленомошно-гилякомниевым лесом раз- виваются аллювиальные серогумусовые грубогу- мусированные почвы, в соответствии с WRB [31] Skeletic Fluvisol (Gelic), – разрез 5н, 63°06′58.3″с. ш.; 139°03′44.3″ в. д., абсолютная высота 896 м над ур. м. (рис. 2). Сомкнутость древостоя лиственницы Каянде- ра (Larix cajanderi) на описанном участке – 0.8; средняя высота – около 20 м, стволы стройные, средний диаметр – 15-20(25) см. Деревья тополя (Populus suaveolens Fisch.) единичны. В подросте – разновозрастный молодняк лиственницы. ",Pochved2105014Okoneshnikova.txt
profile:coordinate_first_label:28e6e8c4b3ab157ce0c0,site:pochvovedenie:Pochved2102015Vanchikova:text:raw:ru_abbr:dms:4,65.4,49.416666666666664,reported,pochvovedenie,pochvovedenie:Pochved2102015Vanchikova,"ИССЛЕДОВАНИЕ КИСЛОТНОСТИ СИЛЬНОКИСЛЫХ ПОЧВ рНKCl < 3.3,",,2021,1,,,,,,Explicit profile/pit label within 180 characters of an author-reported coordinate.,"{""spatial_linkage"": ""coordinate_local_explicit_profile_label"", ""coordinate_candidate_id"": ""pochvovedenie:Pochved2102015Vanchikova:text:raw:ru_abbr:dms:4"", ""label_distance_characters"": 105}
 (на пылеватых суглинках), Albic Luvisols [5] E 10–18 4.3 3.1 – – 74.8 2.86 10.54 0.75 0.58 1.98 1.57 14 Разрез 1. Глееподзолистая почва с микропрофилем подзола (сильноопесчаненные моренные суглинки), Stagnic Cutanic Albeluvisols (Siltic), 65°24′ N, 49°25′ E EL[e-hf]g 5–20 3.8 2.9 – 0.8 – – – – – – – 8 Разрез 44. Торфяно-подзолисто-глеевая почва (на флювиогляциальных отложениях), Stagnic Histic Albeluvisols, 65°25′ N, 50°51′ E ELg 17–24 4.0 3.1 1.56 2.4 74.7 3.77 11.89 0.27 1.22 1.42 – 16 Разрез 37-Ж. Подзол иллювиально-гумусово-железистый (на элювии алевролитовых сланцев",Pochved2102015Vanchikova.txt
profile:coordinate_first_label:342ab81ca303cb74d06e,site:pochvovedenie:Pochved2102015Vanchikova:text:raw:ru_abbr:dms:8,65.46666666666667,49.53333333333333,reported,pochvovedenie,pochvovedenie:Pochved2102015Vanchikova,"ИССЛЕДОВАНИЕ КИСЛОТНОСТИ СИЛЬНОКИСЛЫХ ПОЧВ рНKCl < 3.3,",,2021,4,,,,,,Explicit profile/pit label within 180 characters of an author-reported coordinate.,"{""spatial_linkage"": ""coordinate_local_explicit_profile_label"", ""coordinate_candidate_id"": ""pochvovedenie:Pochved2102015Vanchikova:text:raw:ru_abbr:dms:8"", ""label_distance_characters"": 139}
29-Ж. Светлозем иллювиально-железистый (на пылеватых суглинках), Albic Luvisols [4] E 4–11 4.3 3.1 – – 80.5 2.17 8.92 0.65 0.37 1.9 1.8 11 Разрез 4. Глееподзолистая (на сильноопесчаненных моренных суглинках), Stagnic Albeluvisols (Siltic), 65°28′ N, 49°32′ E ELg 6–16 4.2 3.2 0.47 1.0 85.2 2.56 6.78 0.304 0.87 1.19 – 13 Разрез 56. Торфяно-карболитозем потечно-гумусовый (на элювии известняков), Histic Calcaric Leptosols Humic, 65°23′ N, 50°48′ E ELg 14–25 4.1 3.1 0.87 0.6 87.4 1.30 6.55 0.48 0.58 1.39 – 4 Разрез 17. Серогумусовая глееватая мерзлотная почва (морские отложени",Pochved2102015Vanchikova.txt
profile:coordinate_first_label:35069963bc70b78f9fd7,site:pochvovedenie:Pochved2105014Okoneshnikova:text:raw:ru_abbr:dms:1,63.12425,139.09444444444446,reported,pochvovedenie,pochvovedenie:Pochved2105014Okoneshnikova,ПОЧВЫ ВЫСОТНЫХ ПОЯСОВ ХРЕБТА СУНТАР-ХАЯТА:,,2021,8н,,,Leptosol,WRB,,Explicit profile/pit label within 180 characters of an author-reported coordinate.,"{""spatial_linkage"": ""coordinate_local_explicit_profile_label"", ""coordinate_candidate_id"": ""pochvovedenie:Pochved2105014Okoneshnikova:text:raw:ru_abbr:dms:1"", ""label_distance_characters"": 229}
ьцового пояса. На склоне юго-за- падной экспозиции горы “Домохотова” с укло- ном до 30° в подгольцово-кустарниковом поясе преобладают литоземы грубогумусовые, в соот- ветствии с WRB Skeletic Leptosol (Humic) (1486 м над ур. м.). Разрез 8н (63°07′27.3″ с. ш.; 139°05′40.0″ в. д.) вскрыт под зарослями мохово-лишайникового кедрового стланика (рис. 2). Высота кедрового стланика (Pinus pumila) достигает 1–1.5 м (покры- тие 80%). По периферии зарослей кедрового стланика встречаются единичные кусты ивы си- зой (Salix glauca). Мхи занимают менее 5% покры- тия (средняя высота 1.2–2 см), лишайники – 1",Pochved2105014Okoneshnikova.txt
profile:coordinate_first_label:388f09edc981675ee96f,site:pochvovedenie:Pochved2102015Vanchikova:text:raw:ru_abbr:dms:10,68.35,59.46666666666667,reported,pochvovedenie,pochvovedenie:Pochved2102015Vanchikova,"ИССЛЕДОВАНИЕ КИСЛОТНОСТИ СИЛЬНОКИСЛЫХ ПОЧВ рНKCl < 3.3,",,2021,17,,,,,,Explicit profile/pit label within 180 characters of an author-reported coordinate.,"{""spatial_linkage"": ""coordinate_local_explicit_profile_label"", ""coordinate_candidate_id"": ""pochvovedenie:Pochved2102015Vanchikova:text:raw:ru_abbr:dms:10"", ""label_distance_characters"": 138}
(на элювии известняков), Histic Calcaric Leptosols Humic, 65°23′ N, 50°48′ E ELg 14–25 4.1 3.1 0.87 0.6 87.4 1.30 6.55 0.48 0.58 1.39 – 4 Разрез 17. Серогумусовая глееватая мерзлотная почва (морские отложения), Reductaquic Umbric Cryosols, 68°21′ N, 59°28′ E AY 6–22 4.8 3.1 0.40 – 75.3 3.85 10.54 0.80 1.25 1.78 – 18 Разрез 20. Маршевая дерново-глеевая (морские отложения), Tidalic Fluvisol (Arenic, Ochric, Epiprotosalic), 68°19′ N, 59°31′ E [16] ACao,g 19–30 3.6 3.3 0.53 0.5 82.0 1.75 9.65 0.68 1.10 1.46 0.57 8  ПОЧВОВЕДЕНИЕ   № 2   2021 ИССЛЕДОВАНИЕ КИСЛОТНОСТИ СИЛЬНОКИСЛ",Pochved2102015Vanchikova.txt
profile:coordinate_first_label:405b555a86c438e4d637,site:pochvovedenie:Pochved2112004Desyatkin:text:raw:dms:l:4,60.01638888888889,133.83166666666665,reported,pochvovedenie,pochvovedenie:Pochved2112004Desyatkin,КРИОЗЕМЫ И ПАЛЕВЫЕ СЛАБОДИФФЕРЕНЦИРОВАННЫЕ ПОЧВЫ,,2021,Р-01-11,,,мерзлотных,Russian/national term (unverified),,Explicit profile/pit label within 180 characters of an author-reported coordinate.,"{""spatial_linkage"": ""coordinate_local_explicit_profile_label"", ""coordinate_candidate_id"": ""pochvovedenie:Pochved2112004Desyatkin:text:raw:dms:l:4"", ""label_distance_characters"": 204}
филе [41]. Среднемесячная темпера- туры: июля +18°С, января –42.2°С, среднегодо- вое количество осадков 300 мм [17]. Глубина про- таивания в лесу составляет 1–1.5 м, а на открытых местах до 3 м [14, 15]. Разрез Р-01-11 (60°00′59″ N, 133°49′54″ E) за- ложен в 60 км южнее с. Усть-Мая, в лиственнич- но-брусничном лесу на коренном левом берегу р. Алдан. Почвообразующие породы в профиле представлены элювиальными карбонатными су- глинками, не относящимся к распространенным на Центрально-Якутской равнине лё",Pochved2112004Desyatkin.txt
profile:coordinate_first_label:461b4b01ef1d38ab3b3b,site:pochvovedenie:Pochved2112004Desyatkin:text:raw:dms:l:1,71.35777777777777,114.63833333333334,reported,pochvovedenie,pochvovedenie:Pochved2112004Desyatkin,КРИОЗЕМЫ И ПАЛЕВЫЕ СЛАБОДИФФЕРЕНЦИРОВАННЫЕ ПОЧВЫ,,2021,Р-12,,,,,,Explicit profile/pit label within 180 characters of an author-reported coordinate.,"{""spatial_linkage"": ""coordinate_local_explicit_profile_label"", ""coordinate_candidate_id"": ""pochvovedenie:Pochved2112004Desyatkin:text:raw:dms:l:1"", ""label_distance_characters"": 190}
 расположен в кустар- ничково-лишайниково-моховом лиственничном редколесье, на территории с выраженным бугорко- ватым микрорельефом и большим количеством морозобойных трещин на поверхности. Разрез Р-12.12.А (координаты: 71°21′28″ N, 114°38′18″ E) заложен в долине ручья 41, бассейн р. Маят, на вершине берегового увала первой террасы. Поч- вообразующие породы представлены делювиаль- но-пролювиальными суглинистыми отложения- ми древней коры выветривания Анабарского плато. Последовательность горизонтов в",Pochved2112004Desyatkin.txt
profile:coordinate_first_label:54555d308fdf70b3cc5e,site:pochvovedenie:Pochved2112004Desyatkin:text:raw:dms:l:3,68.07972222222222,151.74694444444444,reported,pochvovedenie,pochvovedenie:Pochved2112004Desyatkin,КРИОЗЕМЫ И ПАЛЕВЫЕ СЛАБОДИФФЕРЕНЦИРОВАННЫЕ ПОЧВЫ,,2021,Р-04,,,Cryosol; глееватая,Russian/national term (unverified); WRB,,Explicit profile/pit label within 180 characters of an author-reported coordinate.,"{""spatial_linkage"": ""coordinate_local_explicit_profile_label"", ""coordinate_candidate_id"": ""pochvovedenie:Pochved2112004Desyatkin:text:raw:dms:l:3"", ""label_distance_characters"": 201}
убине 65 см. Почва классифицирована как криозем грубогумусиро- ванный криометаморфизованный глееватый [12, 20] или мерзлотная тундровая глееватая [10], или Cambic Turbic Cryosol (Eutric, Siltic) [35]. Разрез Р-04.09.Al (68°04′47″ N, 151°44′49″ E) расположен в лиственничнике кустарничково- лишайниково-зеленомошном на надпойменной террасе левого берега р. Алазеи, недалеко от с. Сватай. На ключевом участке выражен бугри- стый микрорельеф. Последовательность гори- зонтов: моховой очес (0–10 см), состоит ",Pochved2112004Desyatkin.txt
profile:coordinate_first_label:601f43551dde7fcf66dd,site:pochvovedenie:Pochved2102015Vanchikova:text:raw:ru_abbr:dms:5,65.41666666666667,50.85,reported,pochvovedenie,pochvovedenie:Pochved2102015Vanchikova,"ИССЛЕДОВАНИЕ КИСЛОТНОСТИ СИЛЬНОКИСЛЫХ ПОЧВ рНKCl < 3.3,",,2021,44,,,,,,Explicit profile/pit label within 180 characters of an author-reported coordinate.,"{""spatial_linkage"": ""coordinate_local_explicit_profile_label"", ""coordinate_candidate_id"": ""pochvovedenie:Pochved2102015Vanchikova:text:raw:ru_abbr:dms:5"", ""label_distance_characters"": 132}
чаненные моренные суглинки), Stagnic Cutanic Albeluvisols (Siltic), 65°24′ N, 49°25′ E EL[e-hf]g 5–20 3.8 2.9 – 0.8 – – – – – – – 8 Разрез 44. Торфяно-подзолисто-глеевая почва (на флювиогляциальных отложениях), Stagnic Histic Albeluvisols, 65°25′ N, 50°51′ E ELg 17–24 4.0 3.1 1.56 2.4 74.7 3.77 11.89 0.27 1.22 1.42 – 16 Разрез 37-Ж. Подзол иллювиально-гумусово-железистый (на элювии алевролитовых сланцев), Albic Podzols, 63°57′ N, 52°12′ E E 4–10 3.9 2.8 0.36 0.82 86.6 1.94 5.92 0.27 0.96 1.44 0.81 5 E 10–15 4.2 3.1 – 0.54 85.0 2.24 6.97 0.30 1.05 1.73 0.09 5 Разрез 3-Ж. П",Pochved2102015Vanchikova.txt
profile:coordinate_first_label:6405d674723241107258,site:pochvovedenie:Pochved2102015Vanchikova:text:raw:ru_abbr:dms:1,65.36666666666666,49.38333333333333,reported,pochvovedenie,pochvovedenie:Pochved2102015Vanchikova,"ИССЛЕДОВАНИЕ КИСЛОТНОСТИ СИЛЬНОКИСЛЫХ ПОЧВ рНKCl < 3.3,",,2021,3,,,,,,Explicit profile/pit label within 180 characters of an author-reported coordinate.,"{""spatial_linkage"": ""coordinate_local_explicit_profile_label"", ""coordinate_candidate_id"": ""pochvovedenie:Pochved2102015Vanchikova:text:raw:ru_abbr:dms:1"", ""label_distance_characters"": 106}
ланцев), Albic Podzols, 61°41′ N, 54°53′ E [3–5] Е 4–16 4.4 3.3 4– – 86.2 1.93 6.26 0.26 0.33 1.45 1.08 6 Разрез 3. Подзол иллювиально-гумусово-железистый (на флювиогляциальных отложениях, подстилаемых моренными суглинками), Albic Podzols, 65°22′ N, 49°23′ E Е 7–13 4.1 3.2 0.50 0.8 88.4 1.52 5.24 0.35 0.86 1.07 – 7 Разрез 57. Подзол иллювиально-гумусово-железистый (на флювиогляциальных отложениях, подстилаемых моренными суглинками), Albic Podzols, 65°23′ N, 50°47′ E Е 3–14 4.2 3.2 0.91 1.3 90.3 1.30 4.09 0.24 0.47 0.80 – 6 Разрез 25. Торфяно-подзол глееватый (на флювиогля",Pochved2102015Vanchikova.txt
profile:coordinate_first_label:6aa38a5083988aa5ca64,site:pochvovedenie:Pochved2105014Okoneshnikova:text:raw:ru_abbr:dms:0,63.116194444444446,139.06230555555555,reported,pochvovedenie,pochvovedenie:Pochved2105014Okoneshnikova,ПОЧВЫ ВЫСОТНЫХ ПОЯСОВ ХРЕБТА СУНТАР-ХАЯТА:,,2021,5н,,,Fluvisol; аллювиальные,Russian/national term (unverified); WRB,,Explicit profile/pit label within 180 characters of an author-reported coordinate.,"{""spatial_linkage"": ""coordinate_local_explicit_profile_label"", ""coordinate_candidate_id"": ""pochvovedenie:Pochved2105014Okoneshnikova:text:raw:ru_abbr:dms:0"", ""label_distance_characters"": 229}
промоинами на участках под смешанным тополево-лиственничным брус- нично-зеленомошно-гилякомниевым лесом раз- виваются аллювиальные серогумусовые грубогу- мусированные почвы, в соответствии с WRB [31] Skeletic Fluvisol (Gelic), – разрез 5н, 63°06′58.3″с. ш.; 139°03′44.3″ в. д., абсолютная высота 896 м над ур. м. (рис. 2). Сомкнутость древостоя лиственницы Каянде- ра (Larix cajanderi) на описанном участке – 0.8; средняя высота – около 20 м, стволы стройные, средний диаметр – 15-20(25) см. Деревья тополя (Populus suaveolens Fisch.) единичны. В подросте – разновозрастный молодняк лиственницы. ",Pochved2105014Okoneshnikova.txt
profile:coordinate_first_label:6b8d571af16750bf5e84,site:pochvovedenie:Pochved2102015Vanchikova:text:raw:ru_abbr:dms:0,61.68333333333333,54.88333333333333,reported,pochvovedenie,pochvovedenie:Pochved2102015Vanchikova,"ИССЛЕДОВАНИЕ КИСЛОТНОСТИ СИЛЬНОКИСЛЫХ ПОЧВ рНKCl < 3.3,",,2021,21-Ж,,,,,,Explicit profile/pit label within 180 characters of an author-reported coordinate.,"{""spatial_linkage"": ""coordinate_local_explicit_profile_label"", ""coordinate_candidate_id"": ""pochvovedenie:Pochved2102015Vanchikova:text:raw:ru_abbr:dms:0"", ""label_distance_characters"": 138}
прочерк– не определяли. Горизонт Глубина, см рН Массовая доля компонента Н2О KCl СВОС,  мг/кг Сорг SiO2 Fe2O3 Al2O3 СаO MgO K2O Na2O ИФ % Разрез 21-Ж. Подзол иллювиально-гумусово-железистый (на элювии алевролитовых сланцев), Albic Podzols, 61°41′ N, 54°53′ E [3–5] Е 4–16 4.4 3.3 4– – 86.2 1.93 6.26 0.26 0.33 1.45 1.08 6 Разрез 3. Подзол иллювиально-гумусово-железистый (на флювиогляциальных отложениях, подстилаемых моренными суглинками), Albic Podzols, 65°22′ N, 49°23′ E Е 7–13 4.1 3.2 0.50 0.8 88.4 1.52 5.24 0.35 0.86 1.07 – 7 Разрез 57. Подзол иллювиально-гумусово-желези",Pochved2102015Vanchikova.txt
profile:coordinate_first_label:7345e34eb1feb099ecaa,site:pochvovedenie:Pochved2102015Vanchikova:text:raw:ru_abbr:dms:2,65.38333333333334,50.78333333333333,reported,pochvovedenie,pochvovedenie:Pochved2102015Vanchikova,"ИССЛЕДОВАНИЕ КИСЛОТНОСТИ СИЛЬНОКИСЛЫХ ПОЧВ рНKCl < 3.3,",,2021,57,,,,,,Explicit profile/pit label within 180 characters of an author-reported coordinate.,"{""spatial_linkage"": ""coordinate_local_explicit_profile_label"", ""coordinate_candidate_id"": ""pochvovedenie:Pochved2102015Vanchikova:text:raw:ru_abbr:dms:2"", ""label_distance_characters"": 105}
суглинками), Albic Podzols, 65°22′ N, 49°23′ E Е 7–13 4.1 3.2 0.50 0.8 88.4 1.52 5.24 0.35 0.86 1.07 – 7 Разрез 57. Подзол иллювиально-гумусово-железистый (на флювиогляциальных отложениях, подстилаемых моренными суглинками), Albic Podzols, 65°23′ N, 50°47′ E Е 3–14 4.2 3.2 0.91 1.3 90.3 1.30 4.09 0.24 0.47 0.80 – 6 Разрез 25. Торфяно-подзол глееватый (на флювиогляциальных отложениях), Gleyic Histic Podzols, 65°38′ N, 49°22′ E Eg 15–29 4.1 3.2 0.14 0.3 94.2 0.50 3.26 0.20 0.59 0.54 – 2 Разрез 27-Ж. Светлозем иллювиально-железистый (на пылеватых суглинках), Albic Luvisols [",Pochved2102015Vanchikova.txt
profile:coordinate_first_label:7b801cd65b2bd5dbeb2d,site:pochvovedenie:Pochved2102015Vanchikova:text:raw:ru_abbr:dms:9,65.38333333333334,50.8,reported,pochvovedenie,pochvovedenie:Pochved2102015Vanchikova,"ИССЛЕДОВАНИЕ КИСЛОТНОСТИ СИЛЬНОКИСЛЫХ ПОЧВ рНKCl < 3.3,",,2021,56,,,,,,Explicit profile/pit label within 180 characters of an author-reported coordinate.,"{""spatial_linkage"": ""coordinate_local_explicit_profile_label"", ""coordinate_candidate_id"": ""pochvovedenie:Pochved2102015Vanchikova:text:raw:ru_abbr:dms:9"", ""label_distance_characters"": 132}
оренных суглинках), Stagnic Albeluvisols (Siltic), 65°28′ N, 49°32′ E ELg 6–16 4.2 3.2 0.47 1.0 85.2 2.56 6.78 0.304 0.87 1.19 – 13 Разрез 56. Торфяно-карболитозем потечно-гумусовый (на элювии известняков), Histic Calcaric Leptosols Humic, 65°23′ N, 50°48′ E ELg 14–25 4.1 3.1 0.87 0.6 87.4 1.30 6.55 0.48 0.58 1.39 – 4 Разрез 17. Серогумусовая глееватая мерзлотная почва (морские отложения), Reductaquic Umbric Cryosols, 68°21′ N, 59°28′ E AY 6–22 4.8 3.1 0.40 – 75.3 3.85 10.54 0.80 1.25 1.78 – 18 Разрез 20. Маршевая дерново-глеевая (морские отложения), Tidalic Fluvisol (Are",Pochved2102015Vanchikova.txt
profile:coordinate_first_label:87665c2b9a140df751a5,site:pochvovedenie:Pochved2110008Nikitin:text:raw:strict:l:4,76.1911,62.67194,reported,pochvovedenie,pochvovedenie:Pochved2110008Nikitin,БИОЛОГИЧЕСКАЯ АКТИВНОСТЬ ПОЧВ В УСЛОВИЯХ ПОКРОВНОГО,,2021,RG-1-3,,,,,,Explicit profile/pit label within 180 characters of an author-reported coordinate.,"{""spatial_linkage"": ""coordinate_local_explicit_profile_label"", ""coordinate_candidate_id"": ""pochvovedenie:Pochved2110008Nikitin:text:raw:strict:l:4"", ""label_distance_characters"": 205}
 Ледяная Гавань, разрез LG-15-17; 76.295556° N, 68.148611° E, пелозем гумусовый перегнойный остаточно-карбонатный сильноскелетный (Calcaric Skeletic Leptosol (Loamic, Humic Turbic)); Е – Рус- ская Гавань, разрез RG-1-3, 76.1911° N, 62.67194° E, криозем глееватый скелетный (Skeletic Oxyaquic Cryosols (Loam- ic, Humic)); Ж – Русская Гавань, разрез RG-4, 76.1925° N, 62.72722° E, петрозем (Skeletic Leptosol (Loamic, Protic)); З – Русская Гавань, разрез RG-5-6, 76.19194° N, 62.73944° E, карбопетрозем гу",Pochved2110008Nikitin.txt
profile:coordinate_first_label:8ae1a071d169251939ad,site:pochvovedenie:Pochved2110008Nikitin:text:raw:strict:l:3,76.295556,68.148611,reported,pochvovedenie,pochvovedenie:Pochved2110008Nikitin,БИОЛОГИЧЕСКАЯ АКТИВНОСТЬ ПОЧВ В УСЛОВИЯХ ПОКРОВНОГО,,2021,LG-15-17,,,,,,Explicit profile/pit label within 180 characters of an author-reported coordinate.,"{""spatial_linkage"": ""coordinate_local_explicit_profile_label"", ""coordinate_candidate_id"": ""pochvovedenie:Pochved2110008Nikitin:text:raw:strict:l:3"", ""label_distance_characters"": 203}
ая Гавань, разрез LG-12-14, 76.29750° N, 68.153889° E, пелозем гумусовый криотурбированный остаточно-карбонатный сильноскелетный (Calcaric Skeletic Leptosol (Loamic, Humic, Turbic)); Д – Ледяная Гавань, разрез LG-15-17; 76.295556° N, 68.148611° E, пелозем гумусовый перегнойный остаточно-карбонатный сильноскелетный (Calcaric Skeletic Leptosol (Loamic, Humic Turbic)); Е – Рус- ская Гавань, разрез RG-1-3, 76.1911° N, 62.67194° E, криозем глееватый скелетный (Skeletic Oxyaquic Cryosols (Loam- ic, Humic));",Pochved2110008Nikitin.txt
profile:coordinate_first_label:9b764886011e0a620f59,site:pochvovedenie:Pochved2102015Vanchikova:text:raw:ru_abbr:dms:3,65.63333333333334,49.36666666666667,reported,pochvovedenie,pochvovedenie:Pochved2102015Vanchikova,"ИССЛЕДОВАНИЕ КИСЛОТНОСТИ СИЛЬНОКИСЛЫХ ПОЧВ рНKCl < 3.3,",,2021,25,,,,,,Explicit profile/pit label within 180 characters of an author-reported coordinate.,"{""spatial_linkage"": ""coordinate_local_explicit_profile_label"", ""coordinate_candidate_id"": ""pochvovedenie:Pochved2102015Vanchikova:text:raw:ru_abbr:dms:3"", ""label_distance_characters"": 146}
льных отложениях, подстилаемых моренными суглинками), Albic Podzols, 65°23′ N, 50°47′ E Е 3–14 4.2 3.2 0.91 1.3 90.3 1.30 4.09 0.24 0.47 0.80 – 6 Разрез 25. Торфяно-подзол глееватый (на флювиогляциальных отложениях), Gleyic Histic Podzols, 65°38′ N, 49°22′ E Eg 15–29 4.1 3.2 0.14 0.3 94.2 0.50 3.26 0.20 0.59 0.54 – 2 Разрез 27-Ж. Светлозем иллювиально-железистый (на пылеватых суглинках), Albic Luvisols [5] E 10–18 4.3 3.1 – – 74.8 2.86 10.54 0.75 0.58 1.98 1.57 14 Разрез 1. Глееподзолистая почва с микропрофилем подзола (сильноопесчаненные моренные суглинки), Stagnic Cutan",Pochved2102015Vanchikova.txt
profile:coordinate_first_label:a04b01910fec68d3d626,site:pochvovedenie:Pochved2102015Vanchikova:text:raw:ru_abbr:dms:6,63.95,52.2,reported,pochvovedenie,pochvovedenie:Pochved2102015Vanchikova,"ИССЛЕДОВАНИЕ КИСЛОТНОСТИ СИЛЬНОКИСЛЫХ ПОЧВ рНKCl < 3.3,",,2021,3-Ж,,,,,,Explicit profile/pit label within 180 characters of an author-reported coordinate.,"{""spatial_linkage"": ""coordinate_local_explicit_profile_label"", ""coordinate_candidate_id"": ""pochvovedenie:Pochved2102015Vanchikova:text:raw:degree_decimal_minutes:7"", ""label_distance_characters"": 179}
левролитовых сланцев), Albic Podzols, 63°57′ N, 52°12′ E E 4–10 3.9 2.8 0.36 0.82 86.6 1.94 5.92 0.27 0.96 1.44 0.81 5 E 10–15 4.2 3.1 – 0.54 85.0 2.24 6.97 0.30 1.05 1.73 0.09 5 Разрез 3-Ж. Подзол иллювиально-гумусово-железистый (на элювии алевролитовых сланцев), Albic Podzols, 63°57′ N, 52°12′ E [4] Е 8–16 4.1 2.8 – 1.63 81.8 1.81 8.60 0.12 0.21 1.68 0.75 8 Разрез 29-Ж. Светлозем иллювиально-железистый (на пылеватых суглинках), Albic Luvisols [4] E 4–11 4.3 3.1 – – 80.5 2.17 8.92 0.65 0.37 1.9 1.8 11 Разрез 4. Глееподзолистая (на сильноопесчаненных моренных суглинках), Stagnic Albeluvisols (Siltic), 65°28′ N, 49°32′ E ELg 6–16 4.2 3.2 0.47 1.0 85.2 2.56 6.78 0.304 0.8",Pochved2102015Vanchikova.txt
profile:coordinate_first_label:aab8fe191f7f03fe8ee9,site:pochvovedenie:Pochved2110008Nikitin:text:raw:strict:l:2,76.29833,68.153056,reported,pochvovedenie,pochvovedenie:Pochved2110008Nikitin,БИОЛОГИЧЕСКАЯ АКТИВНОСТЬ ПОЧВ В УСЛОВИЯХ ПОКРОВНОГО,,2021,LG-11,,,,,,Explicit profile/pit label within 180 characters of an author-reported coordinate.,"{""spatial_linkage"": ""coordinate_local_explicit_profile_label"", ""coordinate_candidate_id"": ""pochvovedenie:Pochved2110008Nikitin:text:raw:strict:l:2"", ""label_distance_characters"": 206}
ic)); Б – мыс Желания, разрез CJ-24-25, 76.95493° N, 68.46068° E, петрозем криотурбированный остаточно-карбонатный сильноскелетный (Calcaric Skeletic Leptosol (Loamic, Protic, Turbic)); В – Ледяная Гавань, разрез LG-11, 76.29833° N, 68.153056° E, карбопетрозем очень сильноскелетный (Calcaric Hyperskeletic Leptosol (Loamic)); Г – Ледяная Гавань, разрез LG-12-14, 76.29750° N, 68.153889° E, пелозем гумусовый криотурбированный остаточно-карбонатный сильноскелетный (Calcaric Skeletic Leptosol (Loamic, Hum",Pochved2110008Nikitin.txt
profile:coordinate_first_label:bcd022ecab8404f2320a,site:pochvovedenie:Pochved2105014Okoneshnikova:text:raw:ru_abbr:dms:1,63.12425,139.09444444444446,reported,pochvovedenie,pochvovedenie:Pochved2105014Okoneshnikova,ПОЧВЫ ВЫСОТНЫХ ПОЯСОВ ХРЕБТА СУНТАР-ХАЯТА:,,2021,8,,,,,,Explicit profile/pit label within 180 characters of an author-reported coordinate.,"{""spatial_linkage"": ""coordinate_local_explicit_profile_label"", ""coordinate_candidate_id"": ""pochvovedenie:Pochved2105014Okoneshnikova:text:raw:ru_abbr:dms:1"", ""label_distance_characters"": 229}
ьцового пояса. На склоне юго-за- падной экспозиции горы “Домохотова” с укло- ном до 30° в подгольцово-кустарниковом поясе преобладают литоземы грубогумусовые, в соот- ветствии с WRB Skeletic Leptosol (Humic) (1486 м над ур. м.). Разрез 8н (63°07′27.3″ с. ш.; 139°05′40.0″ в. д.) вскрыт под зарослями мохово-лишайникового кедрового стланика (рис. 2). Высота кедрового стланика (Pinus pumila) достигает 1–1.5 м (покры- тие 80%). По периферии зарослей кедрового стланика встречаются единичные кусты ивы си- зой (Salix glauca). Мхи занимают менее 5% покры- тия (средняя высота 1.2–2 см), лишайники – 1",Pochved2105014Okoneshnikova.txt
profile:coordinate_first_label:e1a9bdd2b7005c24c0b6,site:pochvovedenie:Pochved2112004Desyatkin:text:raw:dms:l:0,71.27944444444444,114.47722222222222,reported,pochvovedenie,pochvovedenie:Pochved2112004Desyatkin,КРИОЗЕМЫ И ПАЛЕВЫЕ СЛАБОДИФФЕРЕНЦИРОВАННЫЕ ПОЧВЫ,,2021,Р-18,,,,,,Explicit profile/pit label within 180 characters of an author-reported coordinate.,"{""spatial_linkage"": ""coordinate_local_explicit_profile_label"", ""coordinate_candidate_id"": ""pochvovedenie:Pochved2112004Desyatkin:text:raw:dms:l:0"", ""label_distance_characters"": 189}
  1425 варя –35.1°С, среднегодовое количество осадков 130–230 мм [17]. Ключевые участки находятся в зоне сплошного распространения многолетней мерзлоты в тундре и лиственничном редколесье. Разрез Р-18.12.А (коор- динаты 71°16′ 46″ N, 114°28′38″ E) заложен в дриа- дово-пушицевой моховой тундре. Исследованный профиль расположен на участке со слабоволни- стым микрорельефом, на вершине берегового ува- ла левобережья р. Маят. Последовательность гори- зонтов в профиле: О (0–7 см) – моховой очес и свежий опа",Pochved2112004Desyatkin.txt
profile:coordinate_first_label:e94835978f3d4f399255,site:pochvovedenie:Pochved2112004Desyatkin:text:raw:dms:l:2,69.75083333333333,154.96444444444444,reported,pochvovedenie,pochvovedenie:Pochved2112004Desyatkin,КРИОЗЕМЫ И ПАЛЕВЫЕ СЛАБОДИФФЕРЕНЦИРОВАННЫЕ ПОЧВЫ,,2021,Р-31,,,,,,Explicit profile/pit label within 180 characters of an author-reported coordinate.,"{""spatial_linkage"": ""coordinate_local_explicit_profile_label"", ""coordinate_candidate_id"": ""pochvovedenie:Pochved2112004Desyatkin:text:raw:dms:l:2"", ""label_distance_characters"": 189}
ного протаивания достигает 50–70 см. Сред- немесячная температура июля составляет +13.4°С, января –37.3°С, среднегодовое количество осад- ков 209–275 мм (данные по Среднеколымску) [13–15]. Разрез Р-31.08.Al (координаты: 69°45′03″ N, 154°57′52″ E) заложен на территории с выражен- ным бугорковатым микрорельефом, в злаково- кустарничково-зеленомошной тундре. Профиль расположен в предгорном районе (местность Ки- силях-Тас), на левом берегу р. Алазеи у подножия увала, переходящего в надпойменную террасу. ",Pochved2112004Desyatkin.txt
profile:direct:1af90a165bfd2f2fcf98,site:pochvovedenie:Pochved2102015Vanchikova:text:raw:ru_abbr:dms:6,63.95,52.2,reported,pochvovedenie,pochvovedenie:Pochved2102015Vanchikova,"ИССЛЕДОВАНИЕ КИСЛОТНОСТИ СИЛЬНОКИСЛЫХ ПОЧВ рНKCl < 3.3,",,2021,37-Ж,,,Подзол,Russian/national term (unverified),,Direct profile-label-to-coordinate link in one source fragment.,"{""spatial_linkage"": ""direct_profile_coordinate_label"", ""profile_candidate_ids"": [""pochvovedenie:Pochved2102015Vanchikova:text:raw:p:soil:10""]}
олисто-глеевая почва (на флювиогляциальных отложениях), Stagnic Histic Albeluvisols, 65°25′ N, 50°51′ E ELg 17–24 4.0 3.1 1.56 2.4 74.7 3.77 11.89 0.27 1.22 1.42 – 16 Разрез 37-Ж. Подзол иллювиально-гумусово-железистый (на элювии алевролитовых сланцев), Albic Podzols, 63°57′ N, 52°12′ E E 4–10 3.9 2.8 0.36 0.82 86.6 1.94 5.92 0.27 0.96 1.44 0.81 5 E 10–15 4.2 3.1 – 0.54 85.0 2.24 6.97 0.30 1.05 1.73 0.0",Pochved2102015Vanchikova.txt
profile:direct:1edd0b9b40ecebd5086f,site:pochvovedenie:Pochved2102015Vanchikova:text:raw:ru_abbr:dms:11,68.31666666666666,59.516666666666666,reported,pochvovedenie,pochvovedenie:Pochved2102015Vanchikova,"ИССЛЕДОВАНИЕ КИСЛОТНОСТИ СИЛЬНОКИСЛЫХ ПОЧВ рНKCl < 3.3,",,2021,20,,,Fluvisol; глеевая,Russian/national term (unverified); WRB,,Direct profile-label-to-coordinate link in one source fragment.,"{""spatial_linkage"": ""direct_profile_coordinate_label"", ""profile_candidate_ids"": [""pochvovedenie:Pochved2102015Vanchikova:text:raw:p:soil:15"", ""pochvovedenie:Pochved2102015Vanchikova:text:raw:p:soil:16""]}
еватая мерзлотная почва (морские отложения), Reductaquic Umbric Cryosols, 68°21′ N, 59°28′ E AY 6–22 4.8 3.1 0.40 – 75.3 3.85 10.54 0.80 1.25 1.78 – 18 Разрез 20. Маршевая дерново-глеевая (морские отложения), Tidalic Fluvisol (Arenic, Ochric, Epiprotosalic), 68°19′ N, 59°31′ E [16] ACao,g 19–30 3.6 3.3 0.53 0.5 82.0 1.75 9.65 0.68 1.10 1.46 0.57 8  ПОЧВОВЕДЕНИЕ   № 2   2021 ИССЛЕДОВАНИЕ КИСЛОТНОСТИ СИЛЬН
---
жения), Reductaquic Umbric Cryosols, 68°21′ N, 59°28′ E AY 6–22 4.8 3.1 0.40 – 75.3 3.85 10.54 0.80 1.25 1.78 – 18 Разрез 20. Маршевая дерново-глеевая (морские отложения), Tidalic Fluvisol (Arenic, Ochric, Epiprotosalic), 68°19′ N, 59°31′ E [16] ACao,g 19–30 3.6 3.3 0.53 0.5 82.0 1.75 9.65 0.68 1.10 1.46 0.57 8  ПОЧВОВЕДЕНИЕ   № 2   2021 ИССЛЕДОВАНИЕ КИСЛОТНОСТИ СИЛЬНОКИСЛЫХ ПОЧВ 187 Таблица 2. Массовая д",Pochved2102015Vanchikova.txt
profile:direct:867f39a27df1da6a02f7,site:pochvovedenie:Pochved2110008Nikitin:text:raw:strict:l:5,76.1925,62.72722,reported,pochvovedenie,pochvovedenie:Pochved2110008Nikitin,БИОЛОГИЧЕСКАЯ АКТИВНОСТЬ ПОЧВ В УСЛОВИЯХ ПОКРОВНОГО,,2021,RG-4,"петрозем (Skeletic Leptosol (Loamic, Protic))",,Leptosol; мерзлотный,Russian/national term (unverified); WRB,,Direct profile-label-to-coordinate link in one source fragment.,"{""spatial_linkage"": ""direct_profile_coordinate_label"", ""profile_candidate_ids"": [""pochvovedenie:Pochved2110008Nikitin:text:raw:p:soil:7"", ""pochvovedenie:Pochved2110008Nikitin:text:raw:p:soil:8""]}
, 76.1911° N, 62.67194° E, криозем глееватый скелетный (Skeletic Oxyaquic Cryosols (Loam- ic, Humic)); Ж – Русская Гавань, разрез RG-4, 76.1925° N, 62.72722° E, петрозем (Skeletic Leptosol (Loamic, Protic)); З – Русская Гавань, разрез RG-5-6, 76.19194° N, 62.73944° E, карбопетрозем гумусовый мерзлотный сильноскелет- ный (Calcaric Hyperskeletic Leptosol (Loamic, Humic)); И – Русская Гавань, разрез RG-7, 76
---
я Гавань, разрез RG-4, 76.1925° N, 62.72722° E, петрозем (Skeletic Leptosol (Loamic, Protic)); З – Русская Гавань, разрез RG-5-6, 76.19194° N, 62.73944° E, карбопетрозем гумусовый мерзлотный сильноскелет- ный (Calcaric Hyperskeletic Leptosol (Loamic, Humic)); И – Русская Гавань, разрез RG-7, 76.18833° N, 62.76055° E, пелозем остаточно-карбонатный сильноскелетный (Calcaric Skeletic Leptosol (Loamic, Humic));",Pochved2110008Nikitin.txt
profile:direct:8ae1a071d169251939ad,site:pochvovedenie:Pochved2110008Nikitin:text:raw:strict:l:3,76.295556,68.148611,reported,pochvovedenie,pochvovedenie:Pochved2110008Nikitin,БИОЛОГИЧЕСКАЯ АКТИВНОСТЬ ПОЧВ В УСЛОВИЯХ ПОКРОВНОГО,,2021,LG-15-17,"пелозем гумусовый перегнойный остаточно-карбонатный сильноскелетный (Calcaric Skeletic Leptosol (Loamic, Humic Turbic))",,Leptosol,WRB,,Direct profile-label-to-coordinate link in one source fragment.,"{""spatial_linkage"": ""direct_profile_coordinate_label"", ""profile_candidate_ids"": [""pochvovedenie:Pochved2110008Nikitin:text:raw:p:soil:5""]}
l (Loamic, Humic, Turbic)); Д – Ледяная Гавань, разрез LG-15-17; 76.295556° N, 68.148611° E, пелозем гумусовый перегнойный остаточно-карбонатный сильноскелетный (Calcaric Skeletic Leptosol (Loamic, Humic Turbic)); Е – Рус- ская Гавань, разрез RG-1-3, 76.1911° N, 62.67194° E, криозем глееватый скелетный (Skeletic Oxyaquic Cryosols (Loam- ic, Humic)); Ж – Русская Гавань, разрез RG-4, 76.1925° N, 62.72722° E",Pochved2110008Nikitin.txt
profile:direct:903d3e9ff142f332738c,site:pochvovedenie:Pochved2110008Nikitin:text:raw:strict:l:6,76.19194,62.73944,reported,pochvovedenie,pochvovedenie:Pochved2110008Nikitin,БИОЛОГИЧЕСКАЯ АКТИВНОСТЬ ПОЧВ В УСЛОВИЯХ ПОКРОВНОГО,,2021,RG-5-6,"карбопетрозем гумусовый мерзлотный сильноскелет- ный (Calcaric Hyperskeletic Leptosol (Loamic, Humic))",,Leptosol,WRB,,Direct profile-label-to-coordinate link in one source fragment.,"{""spatial_linkage"": ""direct_profile_coordinate_label"", ""profile_candidate_ids"": [""pochvovedenie:Pochved2110008Nikitin:text:raw:p:soil:9""]}
зем (Skeletic Leptosol (Loamic, Protic)); З – Русская Гавань, разрез RG-5-6, 76.19194° N, 62.73944° E, карбопетрозем гумусовый мерзлотный сильноскелет- ный (Calcaric Hyperskeletic Leptosol (Loamic, Humic)); И – Русская Гавань, разрез RG-7, 76.18833° N, 62.76055° E, пелозем остаточно-карбонатный сильноскелетный (Calcaric Skeletic Leptosol (Loamic, Humic)); К – Бухта Благопо- лучия, разрез BB-8, 75.62361° N",Pochved2110008Nikitin.txt
profile:direct:a347860f2d2a7831c6e2,site:pochvovedenie:Pochved2110008Nikitin:text:raw:strict:l:12,76.2975,68.153889,reported,pochvovedenie,pochvovedenie:Pochved2110008Nikitin,БИОЛОГИЧЕСКАЯ АКТИВНОСТЬ ПОЧВ В УСЛОВИЯХ ПОКРОВНОГО,,2021,LG-12-14,"пелозем гумусовый криотурбированный остаточно-карбонатный сильноскелетный (Calcaric Skeletic Leptosol (Loamic, Humic, Turbic))",,Leptosol,WRB,,Direct profile-label-to-coordinate link in one source fragment.,"{""spatial_linkage"": ""direct_profile_coordinate_label"", ""profile_candidate_ids"": [""pochvovedenie:Pochved2110008Nikitin:text:raw:p:soil:4""]}
ic Leptosol (Loamic)); Г – Ледяная Гавань, разрез LG-12-14, 76.29750° N, 68.153889° E, пелозем гумусовый криотурбированный остаточно-карбонатный сильноскелетный (Calcaric Skeletic Leptosol (Loamic, Humic, Turbic)); Д – Ледяная Гавань, разрез LG-15-17; 76.295556° N, 68.148611° E, пелозем гумусовый перегнойный остаточно-карбонатный сильноскелетный (Calcaric Skeletic Leptosol (Loamic, Humic Turbic)); Е – Рус",Pochved2110008Nikitin.txt
profile:direct:aab8fe191f7f03fe8ee9,site:pochvovedenie:Pochved2110008Nikitin:text:raw:strict:l:2,76.29833,68.153056,reported,pochvovedenie,pochvovedenie:Pochved2110008Nikitin,БИОЛОГИЧЕСКАЯ АКТИВНОСТЬ ПОЧВ В УСЛОВИЯХ ПОКРОВНОГО,,2021,LG-11,карбопетрозем очень сильноскелетный (Calcaric Hyperskeletic Leptosol (Loamic)),,Leptosol,WRB,,Direct profile-label-to-coordinate link in one source fragment.,"{""spatial_linkage"": ""direct_profile_coordinate_label"", ""profile_candidate_ids"": [""pochvovedenie:Pochved2110008Nikitin:text:raw:p:soil:3""]}
ный (Calcaric Skeletic Leptosol (Loamic, Protic, Turbic)); В – Ледяная Гавань, разрез LG-11, 76.29833° N, 68.153056° E, карбопетрозем очень сильноскелетный (Calcaric Hyperskeletic Leptosol (Loamic)); Г – Ледяная Гавань, разрез LG-12-14, 76.29750° N, 68.153889° E, пелозем гумусовый криотурбированный остаточно-карбонатный сильноскелетный (Calcaric Skeletic Leptosol (Loamic, Humic, Turbic)); Д – Ледяная Гава",Pochved2110008Nikitin.txt
profile:explicit_pit:28e6e8c4b3ab157ce0c0,site:pochvovedenie:Pochved2102015Vanchikova:text:raw:ru_abbr:dms:4,65.4,49.416666666666664,reported,pochvovedenie,pochvovedenie:Pochved2102015Vanchikova,"ИССЛЕДОВАНИЕ КИСЛОТНОСТИ СИЛЬНОКИСЛЫХ ПОЧВ рНKCl < 3.3,",,2021,1,,,,,,Explicit pit label and author-reported coordinate in one source phrase.,"{""spatial_linkage"": ""explicit_labeled_pit_coordinate"", ""coordinate_candidate_id"": ""pochvovedenie:Pochved2102015Vanchikova:text:raw:ru_abbr:dms:4""}
Разрез 1. Глееподзолистая почва с микропрофилем подзола (сильноопесчаненные моренные суглинки),
Stagnic Cutanic Albeluvisols (Siltic), 65°24′ N, 49°25′ E
EL[e-hf]g
5–20
3.8
2.9
–
0.8
–
–
–
–
–
–
–
8
Разрез 44. Торфяно-подзолисто-глеевая почва (на флювиогляциал",Pochved2102015Vanchikova.txt
profile:explicit_pit:342ab81ca303cb74d06e,site:pochvovedenie:Pochved2102015Vanchikova:text:raw:ru_abbr:dms:8,65.46666666666667,49.53333333333333,reported,pochvovedenie,pochvovedenie:Pochved2102015Vanchikova,"ИССЛЕДОВАНИЕ КИСЛОТНОСТИ СИЛЬНОКИСЛЫХ ПОЧВ рНKCl < 3.3,",,2021,4,,,,,,Explicit pit label and author-reported coordinate in one source phrase.,"{""spatial_linkage"": ""explicit_labeled_pit_coordinate"", ""coordinate_candidate_id"": ""pochvovedenie:Pochved2102015Vanchikova:text:raw:ru_abbr:dms:8""}
Разрез 4. Глееподзолистая (на сильноопесчаненных моренных суглинках), Stagnic Albeluvisols (Siltic), 65°28′ N, 49°32′ E
ELg
6–16
4.2
3.2
0.47
1.0
85.2
2.56
6.78
0.304
0.87
1.19
–
13
Разрез 56. Торфяно-карболитозем потечно-гумусовый (на элювии известняков), His",Pochved2102015Vanchikova.txt
profile:explicit_pit:388f09edc981675ee96f,site:pochvovedenie:Pochved2102015Vanchikova:text:raw:ru_abbr:dms:10,68.35,59.46666666666667,reported,pochvovedenie,pochvovedenie:Pochved2102015Vanchikova,"ИССЛЕДОВАНИЕ КИСЛОТНОСТИ СИЛЬНОКИСЛЫХ ПОЧВ рНKCl < 3.3,",,2021,17,,,глееватая; мерзлотная,Russian/national term (unverified),,Explicit pit label and author-reported coordinate in one source phrase.,"{""spatial_linkage"": ""explicit_labeled_pit_coordinate"", ""coordinate_candidate_id"": ""pochvovedenie:Pochved2102015Vanchikova:text:raw:ru_abbr:dms:10""}
Разрез 17. Серогумусовая глееватая мерзлотная почва (морские отложения), Reductaquic Umbric Cryosols, 68°21′ N, 59°28′ E
AY
6–22
4.8
3.1
0.40
–
75.3
3.85
10.54
0.80
1.25
1.78
–
18
Разрез 20. Маршевая дерново-глеевая (морские отложения), Tidalic Fluvisol (Areni",Pochved2102015Vanchikova.txt
profile:explicit_pit:601f43551dde7fcf66dd,site:pochvovedenie:Pochved2102015Vanchikova:text:raw:ru_abbr:dms:5,65.41666666666667,50.85,reported,pochvovedenie,pochvovedenie:Pochved2102015Vanchikova,"ИССЛЕДОВАНИЕ КИСЛОТНОСТИ СИЛЬНОКИСЛЫХ ПОЧВ рНKCl < 3.3,",,2021,44,,,глеевая,Russian/national term (unverified),,Explicit pit label and author-reported coordinate in one source phrase.,"{""spatial_linkage"": ""explicit_labeled_pit_coordinate"", ""coordinate_candidate_id"": ""pochvovedenie:Pochved2102015Vanchikova:text:raw:ru_abbr:dms:5""}
Разрез 44. Торфяно-подзолисто-глеевая почва (на флювиогляциальных отложениях), Stagnic Histic Albeluvisols, 65°25′ N, 50°51′ E
ELg
17–24
4.0
3.1
1.56
2.4
74.7
3.77
11.89
0.27
1.22
1.42
–
16
Разрез 37-Ж. Подзол иллювиально-гумусово-железистый (на элювии алеврол",Pochved2102015Vanchikova.txt
profile:explicit_pit:6405d674723241107258,site:pochvovedenie:Pochved2102015Vanchikova:text:raw:ru_abbr:dms:1,65.36666666666666,49.38333333333333,reported,pochvovedenie,pochvovedenie:Pochved2102015Vanchikova,"ИССЛЕДОВАНИЕ КИСЛОТНОСТИ СИЛЬНОКИСЛЫХ ПОЧВ рНKCl < 3.3,",,2021,3,,,Подзол,Russian/national term (unverified),,Explicit pit label and author-reported coordinate in one source phrase.,"{""spatial_linkage"": ""explicit_labeled_pit_coordinate"", ""coordinate_candidate_id"": ""pochvovedenie:Pochved2102015Vanchikova:text:raw:ru_abbr:dms:1""}
Разрез 3. Подзол иллювиально-гумусово-железистый
(на флювиогляциальных отложениях, подстилаемых моренными суглинками), Albic Podzols, 65°22′ N, 49°23′ E
Е
7–13
4.1
3.2
0.50
0.8
88.4
1.52
5.24
0.35
0.86
1.07
–
7
Разрез 57. Подзол иллювиально-гумусово-железистый",Pochved2102015Vanchikova.txt
profile:explicit_pit:6b8d571af16750bf5e84,site:pochvovedenie:Pochved2102015Vanchikova:text:raw:ru_abbr:dms:0,61.68333333333333,54.88333333333333,reported,pochvovedenie,pochvovedenie:Pochved2102015Vanchikova,"ИССЛЕДОВАНИЕ КИСЛОТНОСТИ СИЛЬНОКИСЛЫХ ПОЧВ рНKCl < 3.3,",,2021,21-Ж,,,Подзол,Russian/national term (unverified),,Explicit pit label and author-reported coordinate in one source phrase.,"{""spatial_linkage"": ""explicit_labeled_pit_coordinate"", ""coordinate_candidate_id"": ""pochvovedenie:Pochved2102015Vanchikova:text:raw:ru_abbr:dms:0""}
Разрез 21-Ж. Подзол иллювиально-гумусово-железистый (на элювии алевролитовых сланцев), Albic Podzols, 61°41′ N, 54°53′ E [3–5]
Е
4–16
4.4
3.3
4–
–
86.2
1.93
6.26
0.26
0.33
1.45
1.08
6
Разрез 3. Подзол иллювиально-гумусово-железистый
(на флювиогляциальных отлож",Pochved2102015Vanchikova.txt
profile:explicit_pit:7345e34eb1feb099ecaa,site:pochvovedenie:Pochved2102015Vanchikova:text:raw:ru_abbr:dms:2,65.38333333333334,50.78333333333333,reported,pochvovedenie,pochvovedenie:Pochved2102015Vanchikova,"ИССЛЕДОВАНИЕ КИСЛОТНОСТИ СИЛЬНОКИСЛЫХ ПОЧВ рНKCl < 3.3,",,2021,57,,,,,,Explicit pit label and author-reported coordinate in one source phrase.,"{""spatial_linkage"": ""explicit_labeled_pit_coordinate"", ""coordinate_candidate_id"": ""pochvovedenie:Pochved2102015Vanchikova:text:raw:ru_abbr:dms:2""}
Разрез 57. Подзол иллювиально-гумусово-железистый
(на флювиогляциальных отложениях, подстилаемых моренными суглинками), Albic Podzols, 65°23′ N, 50°47′ E
Е
3–14
4.2
3.2
0.91
1.3
90.3
1.30
4.09
0.24
0.47
0.80
–
6
Разрез 25. Торфяно-подзол глееватый (на флювиогл",Pochved2102015Vanchikova.txt
profile:explicit_pit:7b801cd65b2bd5dbeb2d,site:pochvovedenie:Pochved2102015Vanchikova:text:raw:ru_abbr:dms:9,65.38333333333334,50.8,reported,pochvovedenie,pochvovedenie:Pochved2102015Vanchikova,"ИССЛЕДОВАНИЕ КИСЛОТНОСТИ СИЛЬНОКИСЛЫХ ПОЧВ рНKCl < 3.3,",,2021,56,,,,,,Explicit pit label and author-reported coordinate in one source phrase.,"{""spatial_linkage"": ""explicit_labeled_pit_coordinate"", ""coordinate_candidate_id"": ""pochvovedenie:Pochved2102015Vanchikova:text:raw:ru_abbr:dms:9""}
Разрез 56. Торфяно-карболитозем потечно-гумусовый (на элювии известняков), Histic Calcaric Leptosols Humic, 65°23′ N, 50°48′ E
ELg
14–25
4.1
3.1
0.87
0.6
87.4
1.30
6.55
0.48
0.58
1.39
–
4
Разрез 17. Серогумусовая глееватая мерзлотная почва (морские отложения),",Pochved2102015Vanchikova.txt
profile:explicit_pit:9b764886011e0a620f59,site:pochvovedenie:Pochved2102015Vanchikova:text:raw:ru_abbr:dms:3,65.63333333333334,49.36666666666667,reported,pochvovedenie,pochvovedenie:Pochved2102015Vanchikova,"ИССЛЕДОВАНИЕ КИСЛОТНОСТИ СИЛЬНОКИСЛЫХ ПОЧВ рНKCl < 3.3,",,2021,25,,,Торфяно; глееватый; подзол,Russian/national term (unverified),,Explicit pit label and author-reported coordinate in one source phrase.,"{""spatial_linkage"": ""explicit_labeled_pit_coordinate"", ""coordinate_candidate_id"": ""pochvovedenie:Pochved2102015Vanchikova:text:raw:ru_abbr:dms:3""}
Разрез 25. Торфяно-подзол глееватый (на флювиогляциальных отложениях), Gleyic Histic Podzols, 65°38′ N, 49°22′ E
Eg
15–29
4.1
3.2
0.14
0.3
94.2
0.50
3.26
0.20
0.59
0.54
–
2
Разрез 27-Ж. Светлозем иллювиально-железистый (на пылеватых суглинках), Albic Luvisols ",Pochved2102015Vanchikova.txt
profile:explicit_pit:c732553b40dac4350cdf,site:pochvovedenie:Pochved2110008Nikitin:text:raw:strict:l:2,76.29833,68.153056,reported,pochvovedenie,pochvovedenie:Pochved2110008Nikitin,БИОЛОГИЧЕСКАЯ АКТИВНОСТЬ ПОЧВ В УСЛОВИЯХ ПОКРОВНОГО,,2021,CJ-24-25,"петрозем криотурбированный остаточно-карбонатный сильноскелетный (Calcaric Skeletic Leptosol (Loamic, Protic, Turbic))",,,,,Explicit pit label and author-reported coordinate in one source phrase.,"{""spatial_linkage"": ""explicit_labeled_pit_coordinate"", ""coordinate_candidate_id"": ""pochvovedenie:Pochved2110008Nikitin:text:raw:strict:l:2""}
разрез CJ-24-25,
76.95493° N, 68.46068° E, петрозем криотурбированный остаточно-карбонатный сильноскелетный (Calcaric Skeletic
Leptosol (Loamic, Protic, Turbic)); В – Ледяная Гавань, разрез LG-11, 76.29833° N, 68.153056° E, карбопетрозем очень
сильноскелетный ",Pochved2110008Nikitin.txt
profile:explicit_pit:e07825e1d154ac7eb20d,site:pochvovedenie:Pochved2110008Nikitin:text:raw:strict:l:7,76.18833,62.76055,reported,pochvovedenie,pochvovedenie:Pochved2110008Nikitin,БИОЛОГИЧЕСКАЯ АКТИВНОСТЬ ПОЧВ В УСЛОВИЯХ ПОКРОВНОГО,,2021,RG-7,"пелозем остаточно-карбонатный сильноскелетный (Calcaric Skeletic Leptosol (Loamic, Humic))",,Leptosol,WRB,,Explicit pit label and author-reported coordinate in one source phrase.,"{""spatial_linkage"": ""explicit_labeled_pit_coordinate"", ""coordinate_candidate_id"": ""pochvovedenie:Pochved2110008Nikitin:text:raw:strict:l:7""}
разрез RG-7, 76.18833° N, 62.76055° E,
пелозем остаточно-карбонатный сильноскелетный (Calcaric Skeletic Leptosol (Loamic, Humic)); К – Бухта Благопо-
лучия, разрез BB-8, 75.62361° N; 63.814167° E, пелозем гумусовый остаточно-карбонатный среднескелетный (Calcar",Pochved2110008Nikitin.txt
profile:prose:034fe49f1f4f5e7d7fb6,site:pochvovedenie:Pochved2111010Nikitin:text:raw:russian_decimal_degrees:lat_first:6,76.19,62.72,reported,pochvovedenie,pochvovedenie:Pochved2111010Nikitin,ЭКОЛОГО-ТРОФИЧЕСКАЯ СТРУКТУРА И ТАКСОНОМИЧЕСКАЯ,,2021,,,,глееватого,Russian/national term (unverified),,Prose profile descriptor linked at document level because this document contains one reported Russian coordinate; it is not a row-level or independently surveyed pit coordinate.,"{""profile_candidate_id"": ""pochvovedenie:Pochved2111010Nikitin:text:raw:p:soil:17"", ""spatial_linkage"": ""document_single_reported_coordinate""}
огенном горизонте Wca пелозема гумусо- вого криотурбированного остаточно-карбонат- ного сильноскелетного Ледяной Гавани (про- филь LG-12-14) и надмерзлотном горизонте СRg криозема глееватого скелетного Русской Гавани (RG-1-3). Низкое α-разнообразие (до 2 по ин- дексу Шеннона) также обнаруживалось в гори- зонте Wca пелозема гумусового криотурбирован- ного остаточно-карбонатного сильноскелетного Ледяной Гаван",Pochved2111010Nikitin.txt
profile:prose:04c6edcfa39134252550,site:pochvovedenie:Pochved2109011Suzdaleva:text:raw:dms:l:0,51.97,55.32083333333334,reported,pochvovedenie,pochvovedenie:Pochved2109011Suzdaleva,ФИЗИКО-ТОМОГРАФИЧЕСКАЯ ХАРАКТЕРИСТИКА И СТРУКТУРА,,2021,,,,дерново-подзолистой,Russian/national term (unverified),,Prose profile descriptor linked at document level because this document contains one reported Russian coordinate; it is not a row-level or independently surveyed pit coordinate.,"{""profile_candidate_id"": ""pochvovedenie:Pochved2109011Suzdaleva:text:raw:p:soil:10"", ""spatial_linkage"": ""document_single_reported_coordinate""}
 определяющего влияния. Биологические программы роста и необходи- мость освоения пространства, заложенные в се- Таблица 1. Плотность (г/см3) и содержание Сорг в пахотном горизонте дерново-подзолистой почвы и чернозема южного Почва Плотность, г/см3 Сорг, % агрегированного  надсеменного  слоя уплотненного  подсеменного  слоя твердой  фазы агрегатов в надсеменном  слое Чернозем южный, тяжелосу- глинистый, Оренбургская ",Pochved2109011Suzdaleva.txt
profile:prose:18f15a727f5842c21171,site:pochvovedenie:Pochved2109008Skvortsova:text:raw:dms:l:0,54.77708888888889,38.03203888888889,reported,pochvovedenie,pochvovedenie:Pochved2109008Skvortsova,ПРОСТРАНСТВЕННАЯ ОРГАНИЗАЦИЯ ПОР В ТЕМНО-СЕРОЙ ПОЧВЕ,,2021,,,,,,лесной,Prose profile descriptor linked at document level because this document contains one reported Russian coordinate; it is not a row-level or independently surveyed pit coordinate.,"{""profile_candidate_id"": ""pochvovedenie:Pochved2109008Skvortsova:text:raw:p:land:6"", ""spatial_linkage"": ""document_single_reported_coordinate""}
ачественные и количественные томо- графические данные о мезопорах и тонких мак- ропорах d = 0.03–2 мм являются информативны- ми  показателями  структурной  организации темно-серой лесной почвы с ВГГ. Для пор данно- го размера профильные распределения открытой и общей томографической пористости позволяют разделить профиль почвы на 3 части: рыхлую (0– 30 см), уплотненную (30–60 см) и плотную (глуб- же 60 ",Pochved2109008Skvortsova.txt
profile:prose:1a4f2a081a1f690c92e8,site:pochvovedenie:Pochved2111010Nikitin:text:raw:russian_decimal_degrees:lat_first:6,76.19,62.72,reported,pochvovedenie,pochvovedenie:Pochved2111010Nikitin,ЭКОЛОГО-ТРОФИЧЕСКАЯ СТРУКТУРА И ТАКСОНОМИЧЕСКАЯ,,2021,RG-5-6,,,мерзлотном,Russian/national term (unverified),,Prose profile descriptor linked at document level because this document contains one reported Russian coordinate; it is not a row-level or independently surveyed pit coordinate.,"{""profile_candidate_id"": ""pochvovedenie:Pochved2111010Nikitin:text:raw:p:soil:12"", ""spatial_linkage"": ""document_single_reported_coordinate""}
о пояса [19, 26]. Численность анаэробных азотфиксаторов существенно уменьшалась в почвах с повышенной щелочностью. Так, в поч- вах с максимальным рН 8.2 карбопетроземе гу- мусовом мерзлотном сильноскелетном Русской Гавани (профиль RG-5-6) отмечена низкая чис- ленность представителей данной эколого-трофи- ческой группы, а в надмерзлотном горизонте Ссa пелозема перегнойно-гумусового остаточно-кар- бонатного с",Pochved2111010Nikitin.txt
profile:prose:1eae62d730e4ce0abf6a,site:pochvovedenie:Pochved2111010Nikitin:text:raw:russian_decimal_degrees:lat_first:6,76.19,62.72,reported,pochvovedenie,pochvovedenie:Pochved2111010Nikitin,ЭКОЛОГО-ТРОФИЧЕСКАЯ СТРУКТУРА И ТАКСОНОМИЧЕСКАЯ,,2021,ВВ-9-10,,,мерзлотного,Russian/national term (unverified),,Prose profile descriptor linked at document level because this document contains one reported Russian coordinate; it is not a row-level or independently surveyed pit coordinate.,"{""profile_candidate_id"": ""pochvovedenie:Pochved2111010Nikitin:text:raw:p:soil:16"", ""spatial_linkage"": ""document_single_reported_coordinate""}
9 Желания (CJ-22-23), надмерзлотном горизонте CR криозема грубогумусового остаточно-карбо- натного Бухты Благополучия (профиль ВВ-9-10) и в горизонте Rсa карбопетрозема гумусового мерзлотного сильноскелетного Русской Гавани (профиль RG-5-6). Максимальные значения ин- декса Шеннона для микромицетов выявлены в горизонте W + Cca,sk карбопетрозема очень силь- но скелетного Ледяной Гавани (профиль LG-11), органог",Pochved2111010Nikitin.txt
profile:prose:21b5147599d4b8d11b98,site:pochvovedenie:Pochved2109008Skvortsova:text:raw:dms:l:0,54.77708888888889,38.03203888888889,reported,pochvovedenie,pochvovedenie:Pochved2109008Skvortsova,ПРОСТРАНСТВЕННАЯ ОРГАНИЗАЦИЯ ПОР В ТЕМНО-СЕРОЙ ПОЧВЕ,,2021,,,,дерново-подзолистой,Russian/national term (unverified),,Prose profile descriptor linked at document level because this document contains one reported Russian coordinate; it is not a row-level or independently surveyed pit coordinate.,"{""profile_candidate_id"": ""pochvovedenie:Pochved2109008Skvortsova:text:raw:p:soil:3"", ""spatial_linkage"": ""document_single_reported_coordinate""}
что поз- воляет ожидать некоторого сходства их структур- ного состояния и строения тонких почвенных макропор (d = 0.1–2 мм). Однако этого не было обнаружено. Ранее показано, что в дерново-подзолистой почве по данным кластерного анализа сходство гранулометрического состава горизонта BEL с го- ризонтом BT1 выражено сильнее, чем с горизон- тами AY, AEL, EL (46 и 35% соответственно) [10 (рис. 4, I)]. При этом утяжеление",Pochved2109008Skvortsova.txt
profile:prose:3e5e5b8b88003fe4d4f3,site:pochvovedenie:Pochved2103010Kurganova:text:raw:dms:l:0,58.18194444444444,44.47438888888889,reported,pochvovedenie,pochvovedenie:Pochved2103010Kurganova,ДИНАМИКА ПУЛОВ УГЛЕРОДА И БИОЛОГИЧЕСКОЙ АКТИВНОСТИ,,2021,,,,,,лесного,Prose profile descriptor linked at document level because this document contains one reported Russian coordinate; it is not a row-level or independently surveyed pit coordinate.,"{""profile_candidate_id"": ""pochvovedenie:Pochved2103010Kurganova:text:raw:p:land:60"", ""spatial_linkage"": ""document_single_reported_coordinate""}
язано с постепенным разви- тием и преобразованием корневой биомассы [74]. На более поздних этапах рост SOС объясняется поступлением листового опада древесного яруса и образованием лесного органопрофиля, для ко- торого типично накопление грубого гумуса в са- мых верхних горизонтах почвенного профиля. Несколько выпадает из общего тренда стадия мелколиственного леса 45 лет, что, возможно, связано с некоторы",Pochved2103010Kurganova.txt
profile:prose:491fa5bddac345897edd,site:pochvovedenie:Pochved2103010Kurganova:text:raw:dms:l:0,58.18194444444444,44.47438888888889,reported,pochvovedenie,pochvovedenie:Pochved2103010Kurganova,ДИНАМИКА ПУЛОВ УГЛЕРОДА И БИОЛОГИЧЕСКОЙ АКТИВНОСТИ,,2021,,,,,,залежной,Prose profile descriptor linked at document level because this document contains one reported Russian coordinate; it is not a row-level or independently surveyed pit coordinate.,"{""profile_candidate_id"": ""pochvovedenie:Pochved2103010Kurganova:text:raw:p:land:74"", ""spatial_linkage"": ""document_single_reported_coordinate""}
 0.05) между содержанием SOС и концентрацией TN в слое 0–5 см (табл. 2). Соотношение C/N в самой верхней части ста- ропахотного горизонта закономерно возрастает на всем протяжении залежной сукцессии (рис. 1, Г): от 10.1 до 18.5, что говорит об уменьшении скоро- сти разложения органического вещества. В слое 0–10 см увеличение отношения С/N при лесовос- становлении достоверно, но не столь выражено как в сло",Pochved2103010Kurganova.txt
profile:prose:4c0917ef10d7572311d7,site:pochvovedenie:Pochved2103010Kurganova:text:raw:dms:l:0,58.18194444444444,44.47438888888889,reported,pochvovedenie,pochvovedenie:Pochved2103010Kurganova,ДИНАМИКА ПУЛОВ УГЛЕРОДА И БИОЛОГИЧЕСКОЙ АКТИВНОСТИ,,2021,,,,,,пашни,Prose profile descriptor linked at document level because this document contains one reported Russian coordinate; it is not a row-level or independently surveyed pit coordinate.,"{""profile_candidate_id"": ""pochvovedenie:Pochved2103010Kurganova:text:raw:p:land:109"", ""spatial_linkage"": ""document_single_reported_coordinate""}
или иной поч- венной характеристики в слоях 0–5 и 5–10 см, по- казывает, как быстро идет дифференциация поч- венных свойств в верхней части старопахотного горизонта при зарастании пашни лесом (рис. 4). На пашне величина SR для разных свойств ва- рьирует от 0.87 до 0.98, то есть она близка к еди- нице, что закономерно. В ходе постагрогенной сукцессии величина SR(0–5 : 5–10) для рН и от- ношения С/N оста",Pochved2103010Kurganova.txt
profile:prose:81a6175d30794f4e074d,site:pochvovedenie:Pochved2109006Polyakov:text:raw:dms:l:0,51.13611111111111,55.62111111111111,reported,pochvovedenie,pochvovedenie:Pochved2109006Polyakov,ТЕМПЕРАТУРОПРОВОДНОСТЬ КРИОМОФНЫХ ПОЧВ,,2021,,,,Phaeozem,WRB,,Prose profile descriptor linked at document level because this document contains one reported Russian coordinate; it is not a row-level or independently surveyed pit coordinate.,"{""profile_candidate_id"": ""pochvovedenie:Pochved2109006Polyakov:text:raw:p:soil:2"", ""spatial_linkage"": ""document_single_reported_coordinate""}
состав почв меловых полигонов Горизонт Глубина,  см Содержание фракций, %; размер частиц, мм >3 1–3 1–0.25 0.25–0.05 0.05–0.01 0.01–0.005 0.005–0.001 <0.001 <0.01 Rendzic Calcaric Phaeozem, микрозападина А 5–15 5 1 1 8 21 11 36 17 63 А 43–53 4 1 1 3 18 9 36 28 73 Calcaric Regosol (Ochric), микросклон А 3–13 15 2 1 7 14 9 36 16 61 АС@ 15–25 2 1 2 4 18 14 37 22 73 R'@ 35–45 29 3 0 8 7 6 36 11 53 Calcaric Re",Pochved2109006Polyakov.txt
profile:prose:908ac9449ec2a65e18a7,site:pochvovedenie:Pochved2111010Nikitin:text:raw:russian_decimal_degrees:lat_first:6,76.19,62.72,reported,pochvovedenie,pochvovedenie:Pochved2111010Nikitin,ЭКОЛОГО-ТРОФИЧЕСКАЯ СТРУКТУРА И ТАКСОНОМИЧЕСКАЯ,,2021,RG-3,,,глееватого,Russian/national term (unverified),,Prose profile descriptor linked at document level because this document contains one reported Russian coordinate; it is not a row-level or independently surveyed pit coordinate.,"{""profile_candidate_id"": ""pochvovedenie:Pochved2111010Nikitin:text:raw:p:soil:2"", ""spatial_linkage"": ""document_single_reported_coordinate""}
о-карбонатного сильноскелетного Ледяной Гавани (LG-15). Зна- чительное содержание (76% обрастания почвен- ных комочков) Azotobacter отмечено в минераль- ном горизонте СRg криозема глееватого скелет- ного Русской Гавани (образец RG-3); меньше  1348 ПОЧВОВЕДЕНИЕ   № 11   2021 НИКИТИН и др. аэробных азотфиксаторов (30% обрастания) вы- явлено в горизонте BCR (образец RG-2) того же профиля. В остальных изученных",Pochved2111010Nikitin.txt
profile:prose:920afc6d8d7ef77b0a40,site:pochvovedenie:Pochved2111010Nikitin:text:raw:russian_decimal_degrees:lat_first:6,76.19,62.72,reported,pochvovedenie,pochvovedenie:Pochved2111010Nikitin,ЭКОЛОГО-ТРОФИЧЕСКАЯ СТРУКТУРА И ТАКСОНОМИЧЕСКАЯ,,2021,RG-1-3,,,мерзлотного,Russian/national term (unverified),,Prose profile descriptor linked at document level because this document contains one reported Russian coordinate; it is not a row-level or independently surveyed pit coordinate.,"{""profile_candidate_id"": ""pochvovedenie:Pochved2111010Nikitin:text:raw:p:soil:1"", ""spatial_linkage"": ""document_single_reported_coordinate""}
ко в минеральном BCR и надмерзлот- ном СRg горизонтах криозема глееватого скелет- ного Русской Гавани (профиль RG-1-3), а также по всему профилю RG-5-6 карбопетрозема гуму- сового мерзлотного сильноскелетного того же района архипелага, органогенном горизонте АОca криозема грубогумусового остаточно-карбонат- ного Бухты Благополучия (профиль ВВ-9-10), а также поверхностного горизонта O + W пелозема гумусового ",Pochved2111010Nikitin.txt
profile:prose:9b92bd5aeb5963dfaef7,site:pochvovedenie:Pochved2111010Nikitin:text:raw:russian_decimal_degrees:lat_first:6,76.19,62.72,reported,pochvovedenie,pochvovedenie:Pochved2111010Nikitin,ЭКОЛОГО-ТРОФИЧЕСКАЯ СТРУКТУРА И ТАКСОНОМИЧЕСКАЯ,,2021,RG-1-3,,,глееватого,Russian/national term (unverified),,Prose profile descriptor linked at document level because this document contains one reported Russian coordinate; it is not a row-level or independently surveyed pit coordinate.,"{""profile_candidate_id"": ""pochvovedenie:Pochved2111010Nikitin:text:raw:p:soil:0"", ""spatial_linkage"": ""document_single_reported_coordinate""}
чно-произ- водственной компании “Синтол” (Москва). РЕЗУЛЬТАТЫ Аэробные азотфиксаторы рода Azotobacter выяв- лены только в минеральном BCR и надмерзлот- ном СRg горизонтах криозема глееватого скелет- ного Русской Гавани (профиль RG-1-3), а также по всему профилю RG-5-6 карбопетрозема гуму- сового мерзлотного сильноскелетного того же района архипелага, органогенном горизонте АОca криозема грубогумусового оста",Pochved2111010Nikitin.txt
profile:prose:a5e9f6e91481d4789b93,site:pochvovedenie:Pochved2111010Nikitin:text:raw:russian_decimal_degrees:lat_first:6,76.19,62.72,reported,pochvovedenie,pochvovedenie:Pochved2111010Nikitin,ЭКОЛОГО-ТРОФИЧЕСКАЯ СТРУКТУРА И ТАКСОНОМИЧЕСКАЯ,,2021,BB-9-10,,,глееватого,Russian/national term (unverified),,Prose profile descriptor linked at document level because this document contains one reported Russian coordinate; it is not a row-level or independently surveyed pit coordinate.,"{""profile_candidate_id"": ""pochvovedenie:Pochved2111010Nikitin:text:raw:p:soil:5"", ""spatial_linkage"": ""document_single_reported_coordinate""}
 LG-15 LG-16 LG-17 BB-8 BB-9 BB-10 lgKOE [г почвы] чия (профиль BB-9-10). Выявлена тенденция к уве- личению количества анаэробных азотфиксаторов вниз по профилю почв. Для криозема глееватого скелетного Русской Гавани (профиль RG-1-3), пе- лозема гумусового перегнойного остаточно-кар- бонатного сильноскелетного Ледяной Гавани (профиль LG-15-17) и криозема грубогумусового остаточно-карбонатного Бухты Благопол",Pochved2111010Nikitin.txt
profile:prose:c78afb7cffd6b25495e4,site:pochvovedenie:Pochved2111010Nikitin:text:raw:russian_decimal_degrees:lat_first:6,76.19,62.72,reported,pochvovedenie,pochvovedenie:Pochved2111010Nikitin,ЭКОЛОГО-ТРОФИЧЕСКАЯ СТРУКТУРА И ТАКСОНОМИЧЕСКАЯ,,2021,ВВ-9-10,,,глееватого,Russian/national term (unverified),,Prose profile descriptor linked at document level because this document contains one reported Russian coordinate; it is not a row-level or independently surveyed pit coordinate.,"{""profile_candidate_id"": ""pochvovedenie:Pochved2111010Nikitin:text:raw:p:soil:11"", ""spatial_linkage"": ""document_single_reported_coordinate""}
карбонатного района Бухты Благополучия (профиль ВВ-9-10), горизонте W + + Cca,sk карбопетрозема очень сильно скелетного Ледяной Гавани (профиль LG-11) и моховом оче- се О криозема глееватого Русской Гавани (про- филь RG-1-3). Для большей части образцов коли- чество микромицетов не превышало 103 КОЕ/г почвы. В целом численность микромицетов умень- шается вниз по профилю исследованных почвен- ных профилей. Вы",Pochved2111010Nikitin.txt
profile:prose:e363ab8f9c4bdaf18737,site:pochvovedenie:Pochved2103010Kurganova:text:raw:dms:l:0,58.18194444444444,44.47438888888889,reported,pochvovedenie,pochvovedenie:Pochved2103010Kurganova,ДИНАМИКА ПУЛОВ УГЛЕРОДА И БИОЛОГИЧЕСКОЙ АКТИВНОСТИ,,2021,,,,,,лесной,Prose profile descriptor linked at document level because this document contains one reported Russian coordinate; it is not a row-level or independently surveyed pit coordinate.,"{""profile_candidate_id"": ""pochvovedenie:Pochved2103010Kurganova:text:raw:p:land:97"", ""spatial_linkage"": ""document_single_reported_coordinate""}
ахотного горизонта до 36 ± 2 мг С/(кг сут), но затем снова уменьшается в почве 120-летнего ле- са, где старопахотный горизонт практически не дифференцируется, а непосредственно за лесной подстилкой следует горизонт оподзоливания. Постагрогенная динамика величины BR в слое 5–10 см повторяет таковую для слоя 0–5 см, но при более низких абсолютных значениях пара- метра (рис. 3, А). Скорость BR в слое 0–5 с",Pochved2103010Kurganova.txt
profile:prose:e7c7ed40b5084ff269aa,site:pochvovedenie:Pochved2109008Skvortsova:text:raw:dms:l:0,54.77708888888889,38.03203888888889,reported,pochvovedenie,pochvovedenie:Pochved2109008Skvortsova,ПРОСТРАНСТВЕННАЯ ОРГАНИЗАЦИЯ ПОР В ТЕМНО-СЕРОЙ ПОЧВЕ,,2021,,,,дерново-подзолистых,Russian/national term (unverified),,Prose profile descriptor linked at document level because this document contains one reported Russian coordinate; it is not a row-level or independently surveyed pit coordinate.,"{""profile_candidate_id"": ""pochvovedenie:Pochved2109008Skvortsova:text:raw:p:soil:2"", ""spatial_linkage"": ""document_single_reported_coordinate""}
приближается к гори- зонту BT1el. Срединное положение данного ВГГ в текстур- но-дифференцированном профиле исследован- ной почвы позволяет сравнить его с переходным горизонтом BEL дерново-подзолистых почв. Оба эти горизонта расположены на границе элюви- альной и иллювиальной толщи почвы в зоне утя- желения гранулометрического состава, что поз- воляет ожидать некоторого сходства их структур- ного состояния и строения",Pochved2109008Skvortsova.txt
profile:prose:f0687aae625e1fe8dd7c,site:pochvovedenie:Pochved2103010Kurganova:text:raw:dms:l:0,58.18194444444444,44.47438888888889,reported,pochvovedenie,pochvovedenie:Pochved2103010Kurganova,ДИНАМИКА ПУЛОВ УГЛЕРОДА И БИОЛОГИЧЕСКОЙ АКТИВНОСТИ,,2021,,,,,,залежи,Prose profile descriptor linked at document level because this document contains one reported Russian coordinate; it is not a row-level or independently surveyed pit coordinate.,"{""profile_candidate_id"": ""pochvovedenie:Pochved2103010Kurganova:text:raw:p:land:113"", ""spatial_linkage"": ""document_single_reported_coordinate""}
разом, стратификация верхней части ста- ропахотного горизонта по содержанию SOC и TN наиболее выражена в почве старовозрастного ле- са, а по микробным свойствам – в почве 45-леней залежи. В почвах под естественной растительностью, как правило, органическое вещество более стра- тифицировано по глубине по сравнению с пахот- ными почвами, поэтому при естественном лесо- восстановлении величина SR для всех п",Pochved2103010Kurganova.txt
profile:coordinate_first_label:5c4ab22576941ef09ad3,site:pochvovedenie:Pochved2204009Grodnitskaya:text:raw:dms:l:3,60.71955555555556,89.29658333333333,reported,pochvovedenie,pochvovedenie:Pochved2204009Grodnitskaya,ВЛИЯНИЕ ЛЕСНЫХ ПОЖАРОВ НА МИКРОБИОЛОГИЧЕСКИЕ,,2022,PZ2,,,,,,Explicit profile/pit label within 180 characters of an author-reported coordinate.,"{""spatial_linkage"": ""coordinate_local_explicit_profile_label"", ""coordinate_candidate_id"": ""pochvovedenie:Pochved2204009Grodnitskaya:text:raw:dms:l:3"", ""label_distance_characters"": 170}
рфообра- зователей не идентифицируется. Почва отнесе- на к торфяно-подзолу глеевому иллювиально- гумусовому [9], по международной классифика- ции [32] – к Histic Podzol. Участок PZ2 расположен в сосняке багульни- ковом (60°43′10.4″ N, 89°17′47.7″ E, высота 94 м над ур. моря), который горел в 2012 г. Древостой погиб практически полностью, встречаются еди- ничные живые деревья. Общая сомкнутость дре- востоя – 0.2–0.3, высота – 20.0 м, состав 10С. Травяно-кустарничковый ярус образован болот- ными кустарнич",Pochved2204009Grodnitskaya.txt
profile:coordinate_first_label:73bf41642c3f3d37c5a8,site:pochvovedenie:Pochved2207012Vasilevich:text:raw:ru_abbr:dms:0,68.58388888888888,55.931666666666665,reported,pochvovedenie,pochvovedenie:Pochved2207012Vasilevich,ЭВОЛЮЦИЯ ОРГАНИЧЕСКОГО ВЕЩЕСТВА БУГРИСТЫХ БОЛОТ,,2022,Р-5-1,,,Histosol; Торфяная; мерзлотная; мерзлотной; мерзлотными; торфяного; торфяной; торфяные,Russian/national term (unverified); WRB,,Explicit profile/pit label within 180 characters of an author-reported coordinate.,"{""spatial_linkage"": ""coordinate_local_explicit_profile_label"", ""coordinate_candidate_id"": ""pochvovedenie:Pochved2207012Vasilevich:text:raw:ru_abbr:dms:0"", ""label_distance_characters"": 163}
нных про- цессов образуются оголенные торфяные пятна без растительного покрова (d = 0.3–1.5 м), зани- мающие от 5–10 и, иногда, до 40% площади неко- торых бугров. Разрез Р-5-1. Торфяная олиготрофная (мерз- лотная) почва бугров. Координаты: 68°35′2″ с. ш., 55°55′54″ в. д. Участок расположен в 4 км к югу от морского побережья. Центр гряды плоскобугри- стого болота. Форма гряды сложная, многоуголь- ная, вытянутая с севера на юг, с резко вдающими- ся депрессиями мочажин и озерных понижений. Высота гряды 0.5–0.7 м, ширина гряды в месте отбора – 8 м, длина – до 100 м. Мохово-лишайни- ковый ",Pochved2207012Vasilevich.txt
profile:coordinate_first_label:a132a60e43c72bb62787,site:pochvovedenie:Pochved2204009Grodnitskaya:text:raw:dms:l:2,60.74827777777778,89.0051388888889,reported,pochvovedenie,pochvovedenie:Pochved2204009Grodnitskaya,ВЛИЯНИЕ ЛЕСНЫХ ПОЖАРОВ НА МИКРОБИОЛОГИЧЕСКИЕ,,2022,PZ1,,,,,,Explicit profile/pit label within 180 characters of an author-reported coordinate.,"{""spatial_linkage"": ""coordinate_local_explicit_profile_label"", ""coordinate_candidate_id"": ""pochvovedenie:Pochved2204009Grodnitskaya:text:raw:dms:l:2"", ""label_distance_characters"": 134}
, в ТO6–ТO11 высокая (30–35%). Почва торфяная олиготрофная [9], по международной классификации [32] она отнесе- на к Fibric Histosol. Участок PZ1 расположен на границе сосняка багульниково-сфагнового и верхового болота (60°44′53.8″ N, 89°00′18.5″ E, высота 121 м над ур. моря). Это заболоченный сосняк багульниково- сфагновый (200 × 200 м). Встречаются единичные остолопы и подсушины. Микрорельеф образован хорошо выраженными моховыми подушками из Sphagnum fuscum и мелкими западинами. Древостой представлен ",Pochved2204009Grodnitskaya.txt
profile:coordinate_first_label:b8041854332f0b515117,site:pochvovedenie:Pochved2206005Ershov:text:raw:ru_abbr:dms:2,69.56666666666666,90.53333333333333,reported,pochvovedenie,pochvovedenie:Pochved2206005Ershov,КРИОГЕННЫЕ ПОЧВЫ НА ПОРОДАХ ТРАППОВОЙ ФОРМАЦИИ,,2022,7,,,,,,Explicit profile/pit label within 180 characters of an author-reported coordinate.,"{""spatial_linkage"": ""coordinate_local_explicit_profile_label"", ""coordinate_candidate_id"": ""pochvovedenie:Pochved2206005Ershov:text:raw:ru_abbr:dms:2"", ""label_distance_characters"": 198}
ап- повых пород (базальтов, долеритов), под притунд- ровыми и северотаежными лиственничникам ку- старничково-мшистыми V–Vб классов бонитета. На поверхности нередко выражен бугорковый мик- рорельеф. Разрез 7. Почвенная катена “Кутарамакан” (69°34′ N, 90°32′ E). Плато Путорана, горы Бога- диль (северный склон), долина р. Иркингда (ле- вобережье), надпойменная терраса, абсолютная высота 150 м, относительная 11 м. Присклоновое понижение террасы, шириной 20–30 (до 70) м, с мочажинами, заросшими хвощом, осоками, ку- стами ивы, сфагновыми и зелеными мхами. При- тундровый листвен",Pochved2206005Ershov.txt
profile:direct:6277f78a0d2717853c9b,site:pochvovedenie:Pochved2210047KLIMENKO:text:raw:dms:l:0,45.659055555555554,34.34513888888889,reported,pochvovedenie,pochvovedenie:Pochved2210047KLIMENKO,ИЗМЕНЕНИЕ СОЛЕВОГО СОСТАВА ПОЧВ ПРИ ОРОШЕНИИ,,2022,Т6а,агрозем аккумулятивно-карбонатный сегрегационный солонцеватый карбонатный слабогумусированный среднемощный глубокогипссодержащий легкоглинистый на лёссовидных глинах,"kr,ca–Pca–Pca,sn,cs–Pca,sn,ad– BCAnc–BCca–Cca,cs",Kastanozem; каштановая; солонцеватая; солонцеватый,Russian/national term (unverified); WRB,сад,Direct profile-label-to-coordinate link in one source fragment.,"{""spatial_linkage"": ""direct_profile_coordinate_label"", ""profile_candidate_ids"": [""pochvovedenie:Pochved2210047KLIMENKO:text:raw:p:soil:8"", ""pochvovedenie:Pochved2210047KLIMENKO:text:raw:p:soil:9"", ""pochvovedenie:Pochved2210047KLIMENKO:text:raw:p:soil:10"", ""pochvovedenie:Pochved2210047KLIMENKO:text:raw:p:soil:11"", ""pochvovedenie:Pochved2210047KLIMENKO:text:raw:p:land:49""]}
НИЕ   № 12   2022 ИЗМЕНЕНИЕ СОЛЕВОГО СОСТАВА ПОЧВ 1559 ривание с описанием морфологии до солевого го- ризонта. Почва участка 1 – агрозем аккумулятивно-кар- бонатный сегрегационный солонцеватый карбо- натный слабогумусированный среднемощный глу- бокогипссодержащий легкоглинистый на лёссо- видных глинах (разрез Т6а, почва орошаемая), формула профиля: kr,ca–Pca–Pca,sn,cs–Pca,sn,ad– BCAnc–BCca–Cca,cs [19], или те
---
ный глу- бокогипссодержащий легкоглинистый на лёссо- видных глинах (разрез Т6а, почва орошаемая), формула профиля: kr,ca–Pca–Pca,sn,cs–Pca,sn,ad– BCAnc–BCca–Cca,cs [19], или темно-каштановая солонцеватая пахотная [18], или Haplic Kastanozem (Aric, Loamic, Protosodic) по WRB-2015 [40]. Краткое морфологическое описание части почвенного профиля, вскрытого разрезом Т6а, заложенном в 1 м от дерева яблони, 70 см 
---
когипссодержащий легкоглинистый на лёссо- видных глинах (разрез Т6а, почва орошаемая), формула профиля: kr,ca–Pca–Pca,sn,cs–Pca,sn,ad– BCAnc–BCca–Cca,cs [19], или темно-каштановая солонцеватая пахотная [18], или Haplic Kastanozem (Aric, Loamic, Protosodic) по WRB-2015 [40]. Краткое морфологическое описание части почвенного профиля, вскрытого разрезом Т6а, заложенном в 1 м от дерева яблони, 70 см от ли- нии ря
---
о- видных глинах (разрез Т6а, почва орошаемая), формула профиля: kr,ca–Pca–Pca,sn,cs–Pca,sn,ad– BCAnc–BCca–Cca,cs [19], или темно-каштановая солонцеватая пахотная [18], или Haplic Kastanozem (Aric, Loamic, Protosodic) по WRB-2015 [40]. Краткое морфологическое описание части почвенного профиля, вскрытого разрезом Т6а, заложенном в 1 м от дерева яблони, 70 см от ли- нии ряда, поверхность почвы ровная, пашня, 
---
оватый с шерохова- тыми матовыми гранями и ясно выраженными ребрами, отдельные четко выраженные кутаны Рис. 1. Расположение участков обследования с указанием мест отбора образцов: сад у с. Тимофеевка (участок 1) и с. Луганское (участок 2), Джанкойский район, Республика Крым. Участок 2 Участок 1 Участок 1 Яблоня Персик Контроль Контроль Персик Участок 2  Рис. 2. Разрез Т6а. Верхняя часть профиля агроз",Pochved2210047KLIMENKO.txt
profile:explicit_pit:2729d106e76bcd85f366,site:pochvovedenie:Pochved2204009Grodnitskaya:text:raw:dms:l:1,60.813111111111105,89.32980555555555,reported,pochvovedenie,pochvovedenie:Pochved2204009Grodnitskaya,ВЛИЯНИЕ ЛЕСНЫХ ПОЖАРОВ НА МИКРОБИОЛОГИЧЕСКИЕ,,2022,FHS2,,,,,,Explicit pit label and author-reported coordinate in one source phrase.,"{""spatial_linkage"": ""explicit_labeled_pit_coordinate"", ""coordinate_candidate_id"": ""pochvovedenie:Pochved2204009Grodnitskaya:text:raw:dms:l:1""}
Участок FHS2 находится в пределах неболь-
шого по площади (около 0.7 га) верхового сосно-
во-кустарничково-сфагнового болота, располо-
женного в замкнутой бессточной котловине меж-
ду лесными гривами (60°48′47.2″ N; 89°19′47.3″ E;
высота 124 м над ур. м.). Мик",Pochved2204009Grodnitskaya.txt
profile:explicit_pit:59be22db7fcb50f207af,site:pochvovedenie:Pochved2207012Vasilevich:text:raw:ru_abbr:dms:1,68.58444444444444,55.93083333333333,reported,pochvovedenie,pochvovedenie:Pochved2207012Vasilevich,ЭВОЛЮЦИЯ ОРГАНИЧЕСКОГО ВЕЩЕСТВА БУГРИСТЫХ БОЛОТ,,2022,Р-5-2,,,Торфяная; мерзлотная; торфяного,Russian/national term (unverified),,Explicit pit label and author-reported coordinate in one source phrase.,"{""spatial_linkage"": ""explicit_labeled_pit_coordinate"", ""coordinate_candidate_id"": ""pochvovedenie:Pochved2207012Vasilevich:text:raw:ru_abbr:dms:1""}
Разрез Р-5-2. Торфяная олиготрофная де-
структивная (мерзлотная) почва (торфяного эро-
дированного пятна). Координаты: 68°35′4″ с. ш.,
55°55′51″ в. д. Расположен в 80 м на ССЗ от Р-5-1.
Северный мыс (4.5 × 12 м) гряды, наиболее высо-
кий (до 1.0–1.3 м), которы",Pochved2207012Vasilevich.txt
profile:explicit_pit:ef6dbc0bdd90bbdfa152,site:pochvovedenie:Pochved2207012Vasilevich:text:raw:ru_abbr:dms:1,68.58444444444444,55.93083333333333,reported,pochvovedenie,pochvovedenie:Pochved2207012Vasilevich,ЭВОЛЮЦИЯ ОРГАНИЧЕСКОГО ВЕЩЕСТВА БУГРИСТЫХ БОЛОТ,,2022,Р-5-1,,,,,,Explicit pit label and author-reported coordinate in one source phrase.,"{""spatial_linkage"": ""explicit_labeled_pit_coordinate"", ""coordinate_candidate_id"": ""pochvovedenie:Pochved2207012Vasilevich:text:raw:ru_abbr:dms:1""}
разрез Р-5-1.1).
Разрез Р-5-2. Торфяная олиготрофная де-
структивная (мерзлотная) почва (торфяного эро-
дированного пятна). Координаты: 68°35′4″ с. ш.,
55°55′51″ в. д. Расположен в 80 м на ССЗ от Р-5-1.
Северный мыс (4.5 × 12 м) гряды, наиболее высо-
кий (до 1",Pochved2207012Vasilevich.txt
profile:prose:003fb1036379d14b1c4d,site:pochvovedenie:Pochved2210047KLIMENKO:text:raw:dms:l:0,45.659055555555554,34.34513888888889,reported,pochvovedenie,pochvovedenie:Pochved2210047KLIMENKO,ИЗМЕНЕНИЕ СОЛЕВОГО СОСТАВА ПОЧВ ПРИ ОРОШЕНИИ,,2022,Т6а,,,солонцеватый,Russian/national term (unverified),,Prose profile descriptor linked at document level because this document contains one reported Russian coordinate; it is not a row-level or independently surveyed pit coordinate.,"{""profile_candidate_id"": ""pochvovedenie:Pochved2210047KLIMENKO:text:raw:p:soil:8"", ""spatial_linkage"": ""document_single_reported_coordinate""}
НИЕ   № 12   2022 ИЗМЕНЕНИЕ СОЛЕВОГО СОСТАВА ПОЧВ 1559 ривание с описанием морфологии до солевого го- ризонта. Почва участка 1 – агрозем аккумулятивно-кар- бонатный сегрегационный солонцеватый карбо- натный слабогумусированный среднемощный глу- бокогипссодержащий легкоглинистый на лёссо- видных глинах (разрез Т6а, почва орошаемая), формула профиля: kr,ca–Pca–Pca,sn,cs–Pca,sn,ad– BCAnc–BCca–Cca,cs [19], или те",Pochved2210047KLIMENKO.txt
profile:prose:01b518d286b638a4c012,site:pochvovedenie:Pochved2207004Gabov:text:raw:degree_decimal_minutes_russian_cardinal:0,65.9,60.43333333333333,reported,pochvovedenie,pochvovedenie:Pochved2207004Gabov,РАСПРЕДЕЛЕНИЕ н-АЛКАНОВ,,2022,,,,торфяного,Russian/national term (unverified),,Prose profile descriptor linked at document level because this document contains one reported Russian coordinate; it is not a row-level or independently surveyed pit coordinate.,"{""profile_candidate_id"": ""pochvovedenie:Pochved2207004Gabov:text:raw:p:soil:18"", ""spatial_linkage"": ""document_single_reported_coordinate""}
обоотборников в 2015–2017 гг. Описания поч- венных разрезов приведены ниже. Р-1 – торфяная олиготрофная (мерзлотная) почва (бугров) (табл. 1). Разрез заложен на участ- ке крупного торфяного бугра с хорошо развитой кустарничково-моховой растительностью, диа- метр бугра около 12 м. В покрове вороника, брус- ника, голубика, морошка, зеленые мхи (pp. Dicra- num, Polytricum) и лишайники (p. Cladina), по кра- ям",Pochved2207004Gabov.txt
profile:prose:02c50b46c86e793a1c03,site:pochvovedenie:Pochved2207004Gabov:text:raw:degree_decimal_minutes_russian_cardinal:0,65.9,60.43333333333333,reported,pochvovedenie,pochvovedenie:Pochved2207004Gabov,РАСПРЕДЕЛЕНИЕ н-АЛКАНОВ,,2022,,,,торфяников,Russian/national term (unverified),,Prose profile descriptor linked at document level because this document contains one reported Russian coordinate; it is not a row-level or independently surveyed pit coordinate.,"{""profile_candidate_id"": ""pochvovedenie:Pochved2207004Gabov:text:raw:p:soil:2"", ""spatial_linkage"": ""document_single_reported_coordinate""}
следованных торфяниках определены н-алканы С14Н44–С31Н64, содержание которых по всем исследованным профилям почв связано как с разным ботаническим составом растительных остат- ков торфяников, так и разными климатическими условиями их формирования (температура, влаж- ность). Суммарное содержание н-алканов максимально в период климатического оптимума голоце- на и составляет 104–191 мкг/г для исследованных тор",Pochved2207004Gabov.txt
profile:prose:042ccf9ae6d1e70cbb49,site:pochvovedenie:Pochved2203014Yakovleva:text:raw:dms:l:1,67.75483333333334,63.29255555555555,reported,pochvovedenie,pochvovedenie:Pochved2203014Yakovleva,ФОРМИРОВАНИЕ СОСТАВА ПОЛИЦИКЛИЧЕСКИХ АРОМАТИЧЕСКИХ,,2022,,,,торфяниках,Russian/national term (unverified),,Prose profile descriptor linked at document level because this document contains one reported Russian coordinate; it is not a row-level or independently surveyed pit coordinate.,"{""profile_candidate_id"": ""pochvovedenie:Pochved2203014Yakovleva:text:raw:p:soil:70"", ""spatial_linkage"": ""document_single_reported_coordinate""}
 массовые доли бенз[ghi]пе- рилена были описаны в других работах по иссле- дованию торфяников при анализе глубоких слоев торфа [2, 13, 32]. Было показано, что бенз[ghi]пе- рилен в торфяниках скорее всего имеет непироген- ную природу и, вероятно, является продуктом трансформации лигнина, поскольку глубокие тор- фяные горизонты характеризуются повышенной массовой долей древесной и травянистой расти- тельности",Pochved2203014Yakovleva.txt
profile:prose:07dcf6d12dd9a95b7900,site:pochvovedenie:Pochved2204009Grodnitskaya:text:raw:dms:l:0,60.87277777777778,89.40444444444445,reported,pochvovedenie,pochvovedenie:Pochved2204009Grodnitskaya,ВЛИЯНИЕ ЛЕСНЫХ ПОЖАРОВ НА МИКРОБИОЛОГИЧЕСКИЕ,,2022,,,,глеевый,Russian/national term (unverified),,Prose profile descriptor linked at document level because this document contains one reported Russian coordinate; it is not a row-level or independently surveyed pit coordinate.,"{""profile_candidate_id"": ""pochvovedenie:Pochved2204009Grodnitskaya:text:raw:p:soil:86"", ""spatial_linkage"": ""document_single_reported_coordinate""}
ткам. На FHS1 и FHS2 вы- явлено в среднем около 11 родов (Jaapia, Inocube, Cryptococcus, Debaryomyces, Rhodotorula, Metschniko- wia, Malassezia, Suillus и др.). Особенно интересен глеевый (G) горизонт на участке FHS2, где на глу- бине 240–250 см было выделено большее количе- ство ОТЕ грибов (12 родов), чем в вышележащих горизонтах. В непирогенных горизонтах участка PZ1 до- минировали базидиомицеты родов ",Pochved2204009Grodnitskaya.txt
profile:prose:0877acc53896a1e94ae9,site:pochvovedenie:Pochved2210047KLIMENKO:text:raw:dms:l:0,45.659055555555554,34.34513888888889,reported,pochvovedenie,pochvovedenie:Pochved2210047KLIMENKO,ИЗМЕНЕНИЕ СОЛЕВОГО СОСТАВА ПОЧВ ПРИ ОРОШЕНИИ,,2022,Л11б,,,солонцеватого,Russian/national term (unverified),,Prose profile descriptor linked at document level because this document contains one reported Russian coordinate; it is not a row-level or independently surveyed pit coordinate.,"{""profile_candidate_id"": ""pochvovedenie:Pochved2210047KLIMENKO:text:raw:p:soil:28"", ""spatial_linkage"": ""document_single_reported_coordinate""}
кта инте- ресов. ДОПОЛНИТЕЛЬНЫЕ МАТЕРИАЛЫ Рис. S1. Разрез Л11б (участок 2, сад персика). Таблица S1. Катионно-анионный состав водной вытяжки из агрозема аккумулятивно-карбонатного солонцеватого квазиглееватого, участок 2. Таблица S2. Состав гипотетических солей агрозема аккумулятивно-карбонатного солонцеватого квазиг- лееватого, участок 2, весна, 2020 г. Таблица S3. Состав гипотетических солей агрозема аккумул",Pochved2210047KLIMENKO.txt
profile:prose:08f07feab285e4c8fdf4,site:pochvovedenie:Pochved2210047KLIMENKO:text:raw:dms:l:0,45.659055555555554,34.34513888888889,reported,pochvovedenie,pochvovedenie:Pochved2210047KLIMENKO,ИЗМЕНЕНИЕ СОЛЕВОГО СОСТАВА ПОЧВ ПРИ ОРОШЕНИИ,,2022,Л11б,,,,,сада,Prose profile descriptor linked at document level because this document contains one reported Russian coordinate; it is not a row-level or independently surveyed pit coordinate.,"{""profile_candidate_id"": ""pochvovedenie:Pochved2210047KLIMENKO:text:raw:p:land:64"", ""spatial_linkage"": ""document_single_reported_coordinate""}
- мощь в проведении полевых исследований и подго- товке материалов к печати. ФИНАНСИРОВАНИЕ РАБОТЫ Работа выполнена в рамках темы государственного задания Никитского ботанического сада АААА-А20- 120111090087-0. КОНФЛИКТ ИНТЕРЕСОВ Авторы заявляют, что у них нет конфликта инте- ресов. ДОПОЛНИТЕЛЬНЫЕ МАТЕРИАЛЫ Рис. S1. Разрез Л11б (участок 2, сад персика). Таблица S1. Катионно-анионный состав водной вытя",Pochved2210047KLIMENKO.txt
profile:prose:0e06d38d51623d10ce16,site:pochvovedenie:Pochved2202008Loiko:text:raw:dms:l:0,60.40897222222222,73.94630555555555,reported,pochvovedenie,pochvovedenie:Pochved2202008Loiko,ДРЕВЕСНЫЕ УГЛИ В ПОДЗОЛАХ СРЕДНЕЙ ТАЙГИ ЗАПАДНОЙ СИБИРИ,,2022,,,,подзолистого,Russian/national term (unverified),,Prose profile descriptor linked at document level because this document contains one reported Russian coordinate; it is not a row-level or independently surveyed pit coordinate.,"{""profile_candidate_id"": ""pochvovedenie:Pochved2202008Loiko:text:raw:p:soil:3"", ""spatial_linkage"": ""document_single_reported_coordinate""}
антов расположения углистых морфонов относительно мозаик иных морфонов. Показано, что с помощью углей можно датировать время формирования морфонных мозаик, а процессы формирования подзолистого горизонта совпали с активизацией пожаров во вто- рой половине голоцена. Установлено, что в начале пятого тысячелетия в почве стали появляться мор- фоны с древесными углями. Угли возрастом более 5 тыс. кал. л. н. не встр",Pochved2202008Loiko.txt
profile:prose:0e29f1976acedbe3568d,site:pochvovedenie:Pochved2204009Grodnitskaya:text:raw:dms:l:0,60.87277777777778,89.40444444444445,reported,pochvovedenie,pochvovedenie:Pochved2204009Grodnitskaya,ВЛИЯНИЕ ЛЕСНЫХ ПОЖАРОВ НА МИКРОБИОЛОГИЧЕСКИЕ,,2022,,,,Podzol,WRB,,Prose profile descriptor linked at document level because this document contains one reported Russian coordinate; it is not a row-level or independently surveyed pit coordinate.,"{""profile_candidate_id"": ""pochvovedenie:Pochved2204009Grodnitskaya:text:raw:p:soil:38"", ""spatial_linkage"": ""document_single_reported_coordinate""}
о- стью выгорел. Уровень почвенно-грунтовых вод на 45 см. Почва отнесена к торфяно-подзолу гле- евому иллювиально-гумусово-железистому (пи- рогенному) [9], по [32] – Gleyic Histic Podzol. Возраст торфов. В торфяных разрезах, заложен- ных на исследованных участках, на различных глу- бинах отобрано 14 образцов для радиоуглеродного датирования по 14С. Установлено, что на участке FHS1 (200 см) процесс торфо",Pochved2204009Grodnitskaya.txt
profile:prose:0ec037ed620a529d98d8,site:pochvovedenie:Pochved2204009Grodnitskaya:text:raw:dms:l:0,60.87277777777778,89.40444444444445,reported,pochvovedenie,pochvovedenie:Pochved2204009Grodnitskaya,ВЛИЯНИЕ ЛЕСНЫХ ПОЖАРОВ НА МИКРОБИОЛОГИЧЕСКИЕ,,2022,,,,,,залежи,Prose profile descriptor linked at document level because this document contains one reported Russian coordinate; it is not a row-level or independently surveyed pit coordinate.,"{""profile_candidate_id"": ""pochvovedenie:Pochved2204009Grodnitskaya:text:raw:p:land:112"", ""spatial_linkage"": ""document_single_reported_coordinate""}
ково-сфагновые и кустарнич- ково-морошково-сфагновые фитоценозы. Дре- весный ярус представлен сосной обыкновенной (Pinus sylvestris L.) высотой до 6.0 м. Общая мощ- ность торфяной залежи составляет 430 см. В дан- ной публикации представлены результаты по верхним 200 см. В профиле почвы выделены сле- дующие генетические горизонты: ТО1–ТO10, ко- торые различаются по ботаническому составу и степени разложе",Pochved2204009Grodnitskaya.txt
profile:prose:0f41ac21d10d7aae49b5,site:pochvovedenie:Pochved2204009Grodnitskaya:text:raw:dms:l:0,60.87277777777778,89.40444444444445,reported,pochvovedenie,pochvovedenie:Pochved2204009Grodnitskaya,ВЛИЯНИЕ ЛЕСНЫХ ПОЖАРОВ НА МИКРОБИОЛОГИЧЕСКИЕ,,2022,,,,подзолов,Russian/national term (unverified),,Prose profile descriptor linked at document level because this document contains one reported Russian coordinate; it is not a row-level or independently surveyed pit coordinate.,"{""profile_candidate_id"": ""pochvovedenie:Pochved2204009Grodnitskaya:text:raw:p:soil:60"", ""spatial_linkage"": ""document_single_reported_coordinate""}
10.93 1.2 98.3  460 ПОЧВОВЕДЕНИЕ   № 4   2022 ГРОДНИЦКАЯ и др. ногенных горизонтах (за исключением горизон- тов TO) не превышает 0.3 смоль (экв)/кг. Органогенные горизонты торфяно-подзолов (PZ1 и PZ2) характеризуются более высокими концентрациями обменного Ca: в PZ1 – 5.0–9.4, в PZ2 – 1.9–6.8 смоль (экв)/кг. Концентрации Mg2+, K+ и Na+ в целом повторяют профильные закономерности распределения обменных кат",Pochved2204009Grodnitskaya.txt
profile:prose:0ff22d74fcdb2c51a2ad,site:pochvovedenie:Pochved2204009Grodnitskaya:text:raw:dms:l:0,60.87277777777778,89.40444444444445,reported,pochvovedenie,pochvovedenie:Pochved2204009Grodnitskaya,ВЛИЯНИЕ ЛЕСНЫХ ПОЖАРОВ НА МИКРОБИОЛОГИЧЕСКИЕ,,2022,,,,торфяных,Russian/national term (unverified),,Prose profile descriptor linked at document level because this document contains one reported Russian coordinate; it is not a row-level or independently surveyed pit coordinate.,"{""profile_candidate_id"": ""pochvovedenie:Pochved2204009Grodnitskaya:text:raw:p:soil:39"", ""spatial_linkage"": ""document_single_reported_coordinate""}
очвенно-грунтовых вод на 45 см. Почва отнесена к торфяно-подзолу гле- евому иллювиально-гумусово-железистому (пи- рогенному) [9], по [32] – Gleyic Histic Podzol. Возраст торфов. В торфяных разрезах, заложен- ных на исследованных участках, на различных глу- бинах отобрано 14 образцов для радиоуглеродного датирования по 14С. Установлено, что на участке FHS1 (200 см) процесс торфонакопления начался в первой ",Pochved2204009Grodnitskaya.txt
profile:prose:10d45fa7dcaca8045cc4,site:pochvovedenie:Pochved2204009Grodnitskaya:text:raw:dms:l:0,60.87277777777778,89.40444444444445,reported,pochvovedenie,pochvovedenie:Pochved2204009Grodnitskaya,ВЛИЯНИЕ ЛЕСНЫХ ПОЖАРОВ НА МИКРОБИОЛОГИЧЕСКИЕ,,2022,,,,торфяно,Russian/national term (unverified),,Prose profile descriptor linked at document level because this document contains one reported Russian coordinate; it is not a row-level or independently surveyed pit coordinate.,"{""profile_candidate_id"": ""pochvovedenie:Pochved2204009Grodnitskaya:text:raw:p:soil:100"", ""spatial_linkage"": ""document_single_reported_coordinate""}
ся от таковой непи- рогенных. Существенный вклад в освоение пиро- генных горизонтов торфяных олиготрофных почв вносят представители Proteobacteria, Euryarchaeota и Thaumarchaeota, торфяно-подзолов – Proteobacteria, Microgenomates, Actinobacteria и Thaumarchaeota. Гри- бы развиваются лучше в непирогенных горизонтах, в то время как в пирогенных их количество и био- разнообразие снижено. В состав микобиомов",Pochved2204009Grodnitskaya.txt
profile:prose:138bdf0a1e65ec8edf43,site:pochvovedenie:Pochved2207004Gabov:text:raw:degree_decimal_minutes_russian_cardinal:0,65.9,60.43333333333333,reported,pochvovedenie,pochvovedenie:Pochved2207004Gabov,РАСПРЕДЕЛЕНИЕ н-АЛКАНОВ,,2022,,,,торфяной,Russian/national term (unverified),,Prose profile descriptor linked at document level because this document contains one reported Russian coordinate; it is not a row-level or independently surveyed pit coordinate.,"{""profile_candidate_id"": ""pochvovedenie:Pochved2207004Gabov:text:raw:p:soil:41"", ""spatial_linkage"": ""document_single_reported_coordinate""}
ствие их незначимой доли в общей сумме н-алканов. Суммарное со- держание насыщенных углеводородов в торфя- ной олиготрофной (мерзлотной) почве (бугров) – 1.0–191.6 мкг/г (рис. 2), торфяной олиготрофной деструктивной (мерзлотной) почве – 7.7– 137.9 мкг/г (рис. 3), торфяной олиготрофной почве (мочажин) – 34.5–154.9 мкг/г (рис. 4). По профилям разрезов Р-1 и Р-2 вертикальная дифференциация н-алканов имеет сх",Pochved2207004Gabov.txt
profile:prose:1d73cce50a430d215c0f,site:pochvovedenie:Pochved2204009Grodnitskaya:text:raw:dms:l:0,60.87277777777778,89.40444444444445,reported,pochvovedenie,pochvovedenie:Pochved2204009Grodnitskaya,ВЛИЯНИЕ ЛЕСНЫХ ПОЖАРОВ НА МИКРОБИОЛОГИЧЕСКИЕ,,2022,,,,,,ЛЕСНЫХ,Prose profile descriptor linked at document level because this document contains one reported Russian coordinate; it is not a row-level or independently surveyed pit coordinate.,"{""profile_candidate_id"": ""pochvovedenie:Pochved2204009Grodnitskaya:text:raw:p:land:117"", ""spatial_linkage"": ""document_single_reported_coordinate""}
кг в разрезе FHS2. Содержание обменного магния со- ставляет 2.2–3.2 (FHS1) и 0.5–1.8 (FHS2) смоль (экв)/кг. Содержание обменных K+ и Na+ в орга-  ПОЧВОВЕДЕНИЕ   № 4   2022 ВЛИЯНИЕ ЛЕСНЫХ ПОЖАРОВ НА МИКРОБИОЛОГИЧЕСКИЕ СВОЙСТВА 459 Таблица 2. Физико-химические свойства исследуемых почв Примечание. BS – степень насыщенности основаниями, %; ППП – потери при прокаливании. Гори- зонт Глубина, см рНводн C, % N",Pochved2204009Grodnitskaya.txt
profile:prose:1e1be4ad1a431863f541,site:pochvovedenie:Pochved2210047KLIMENKO:text:raw:dms:l:0,45.659055555555554,34.34513888888889,reported,pochvovedenie,pochvovedenie:Pochved2210047KLIMENKO,ИЗМЕНЕНИЕ СОЛЕВОГО СОСТАВА ПОЧВ ПРИ ОРОШЕНИИ,,2022,Л11б,,,солонцеватая,Russian/national term (unverified),,Prose profile descriptor linked at document level because this document contains one reported Russian coordinate; it is not a row-level or independently surveyed pit coordinate.,"{""profile_candidate_id"": ""pochvovedenie:Pochved2210047KLIMENKO:text:raw:p:soil:15"", ""spatial_linkage"": ""document_single_reported_coordinate""}
ый слабогуму- сированный среднемощный легкоглинистый на лессовидных глинах, формула профиля: kr,el– Pel,sn–P2sn,ad–P3sn–BCAnc,sn–BCAnc,q–BCca,q, Cca,cs [19], или лугово-каштановая солонцеватая [18], или Luvic Kastanozem (Aric, Loamic, Proto- sodic) [40]. Разрез Л11б заложен в саду персика на ровном месте, координаты 45°49′08.2″ N и 34°14′58.5″ E, 20 м над ур. м. (рис. S1). Карбонаты выщелочены до глубины 44 с",Pochved2210047KLIMENKO.txt
profile:prose:20a3436fb0da4631f8d2,site:pochvovedenie:Pochved2204009Grodnitskaya:text:raw:dms:l:0,60.87277777777778,89.40444444444445,reported,pochvovedenie,pochvovedenie:Pochved2204009Grodnitskaya,ВЛИЯНИЕ ЛЕСНЫХ ПОЖАРОВ НА МИКРОБИОЛОГИЧЕСКИЕ,,2022,,,,подзолов,Russian/national term (unverified),,Prose profile descriptor linked at document level because this document contains one reported Russian coordinate; it is not a row-level or independently surveyed pit coordinate.,"{""profile_candidate_id"": ""pochvovedenie:Pochved2204009Grodnitskaya:text:raw:p:soil:46"", ""spatial_linkage"": ""document_single_reported_coordinate""}
- торая снижалась по профилю. Торфяные олиго- трофные почвы (FHS1 и FHS2) характеризуются сильнокислой и кислой реакцией среды (рНводн 3.3–5.0). В органогенных горизонтах торфяно- подзолов глеевых (PZ1 и PZ2) кислотность близ- ка к олиготрофным почвам – (рНводн 3.8–4.0), минеральные горизонты менее кислые – от 4.8– 5.9 (табл. 2). Для органогенных горизонтов всех разрезов характерна низкая зольность (массо",Pochved2204009Grodnitskaya.txt
profile:prose:220951b5f4981e672245,site:pochvovedenie:Pochved2210047KLIMENKO:text:raw:dms:l:0,45.659055555555554,34.34513888888889,reported,pochvovedenie,pochvovedenie:Pochved2210047KLIMENKO,ИЗМЕНЕНИЕ СОЛЕВОГО СОСТАВА ПОЧВ ПРИ ОРОШЕНИИ,,2022,,,,,,садов,Prose profile descriptor linked at document level because this document contains one reported Russian coordinate; it is not a row-level or independently surveyed pit coordinate.,"{""profile_candidate_id"": ""pochvovedenie:Pochved2210047KLIMENKO:text:raw:p:land:51"", ""spatial_linkage"": ""document_single_reported_coordinate""}
е. Содержание токсичных солей 0.1%, отношение   2.13. Гипс отмечается со 160 см в виде кристаллов в количестве 0.67%. Ток- сичная щелочность отсутствует. Общая характеристика почв садов приведена в табл. 1. Почвы слабощелочные, слабогумуси- рованные, в гумусовом горизонте почвы участка 1 содержание карбонатов низкое, на участке 2 карбонаты выщелочены до глубины 44 см. Ниже по профилю в обеих почвах сод",Pochved2210047KLIMENKO.txt
profile:prose:25c54b9b463873db4b2f,site:pochvovedenie:Pochved2203014Yakovleva:text:raw:dms:l:1,67.75483333333334,63.29255555555555,reported,pochvovedenie,pochvovedenie:Pochved2203014Yakovleva,ФОРМИРОВАНИЕ СОСТАВА ПОЛИЦИКЛИЧЕСКИХ АРОМАТИЧЕСКИХ,,2022,,,,Торфяник,Russian/national term (unverified),,Prose profile descriptor linked at document level because this document contains one reported Russian coordinate; it is not a row-level or independently surveyed pit coordinate.,"{""profile_candidate_id"": ""pochvovedenie:Pochved2203014Yakovleva:text:raw:p:soil:54"", ""spatial_linkage"": ""document_single_reported_coordinate""}
г/г). В слое многолетней мерзлоты массовая доля ПАУ уменьшается до 4124 нг/г. Для торфа мочажин также характерна обратная тен- денция в накоплении нафталина и бенз[ghi]пери- лена. Торфяник мерзлотного бугра до глубины 25 см формируется как низинное болото, далее торфооб- разование проходит по верховому типу (рис. S1). Ботанический состав верхнего горизонта до 10 см представлен в основном Polytrichum sp., ",Pochved2203014Yakovleva.txt
profile:prose:28b67c9201e4a2fcf2bf,site:pochvovedenie:Pochved2210047KLIMENKO:text:raw:dms:l:0,45.659055555555554,34.34513888888889,reported,pochvovedenie,pochvovedenie:Pochved2210047KLIMENKO,ИЗМЕНЕНИЕ СОЛЕВОГО СОСТАВА ПОЧВ ПРИ ОРОШЕНИИ,,2022,Т6а,,,солонцеватая,Russian/national term (unverified),,Prose profile descriptor linked at document level because this document contains one reported Russian coordinate; it is not a row-level or independently surveyed pit coordinate.,"{""profile_candidate_id"": ""pochvovedenie:Pochved2210047KLIMENKO:text:raw:p:soil:10"", ""spatial_linkage"": ""document_single_reported_coordinate""}
когипссодержащий легкоглинистый на лёссо- видных глинах (разрез Т6а, почва орошаемая), формула профиля: kr,ca–Pca–Pca,sn,cs–Pca,sn,ad– BCAnc–BCca–Cca,cs [19], или темно-каштановая солонцеватая пахотная [18], или Haplic Kastanozem (Aric, Loamic, Protosodic) по WRB-2015 [40]. Краткое морфологическое описание части почвенного профиля, вскрытого разрезом Т6а, заложенном в 1 м от дерева яблони, 70 см от ли- нии ря",Pochved2210047KLIMENKO.txt
profile:prose:2956ca31c16341839777,site:pochvovedenie:Pochved2204009Grodnitskaya:text:raw:dms:l:0,60.87277777777778,89.40444444444445,reported,pochvovedenie,pochvovedenie:Pochved2204009Grodnitskaya,ВЛИЯНИЕ ЛЕСНЫХ ПОЖАРОВ НА МИКРОБИОЛОГИЧЕСКИЕ,,2022,,,,подзолами,Russian/national term (unverified),,Prose profile descriptor linked at document level because this document contains one reported Russian coordinate; it is not a row-level or independently surveyed pit coordinate.,"{""profile_candidate_id"": ""pochvovedenie:Pochved2204009Grodnitskaya:text:raw:p:soil:98"", ""spatial_linkage"": ""document_single_reported_coordinate""}
ь о разнообра- зии грибов. В целом в торфяных олиготрофных почвах отмечено меньшее обилие видов и высокий показатель доминирования одних видов над други- ми по сравнению с торфяно-подзолами. Микобио- мы участков FHS1 и FHS2 достоверно меньше по численности и видовому разнообразию по сравне- нию с PZ1 и PZ2. Развитие бактерий и грибов в пи- рогенных горизонтах тесно связано со временем прошедших пожаров и г",Pochved2204009Grodnitskaya.txt
profile:prose:29f2c0b1c3e436c15008,site:pochvovedenie:Pochved2201004Fokina:text:raw:dms:l:3,63.07058333333334,179.37347222222223,reported,pochvovedenie,pochvovedenie:Pochved2201004Fokina,БИОЛОГИЧЕСКАЯ АКТИВНОСТЬ И ХИМИЧЕСКИЕ СВОЙСТВА,,2022,,,,глеевой,Russian/national term (unverified),,Prose profile descriptor linked at document level because this document contains one reported Russian coordinate; it is not a row-level or independently surveyed pit coordinate.,"{""profile_candidate_id"": ""pochvovedenie:Pochved2201004Fokina:text:raw:p:soil:17"", ""spatial_linkage"": ""document_single_reported_coordinate""}
 более благоприятным для развития бактерий. Численность всех трофи- ческих групп бактерий в антропогенных грунтах на территории поселка достоверно больше, чем в об- разце тундрово-глеевой почвы условно фонового участка, за исключением участка 1, отличающего- ся наиболее сильным изменением органогенного горизонта и растительных сообществ. Бактерии, способные к росту на питательных средах, являются наиболе",Pochved2201004Fokina.txt
profile:prose:2a6e792d8fc98282a54a,site:pochvovedenie:Pochved2210047KLIMENKO:text:raw:dms:l:0,45.659055555555554,34.34513888888889,reported,pochvovedenie,pochvovedenie:Pochved2210047KLIMENKO,ИЗМЕНЕНИЕ СОЛЕВОГО СОСТАВА ПОЧВ ПРИ ОРОШЕНИИ,,2022,Т6а,,,,,сад,Prose profile descriptor linked at document level because this document contains one reported Russian coordinate; it is not a row-level or independently surveyed pit coordinate.,"{""profile_candidate_id"": ""pochvovedenie:Pochved2210047KLIMENKO:text:raw:p:land:49"", ""spatial_linkage"": ""document_single_reported_coordinate""}
оватый с шерохова- тыми матовыми гранями и ясно выраженными ребрами, отдельные четко выраженные кутаны Рис. 1. Расположение участков обследования с указанием мест отбора образцов: сад у с. Тимофеевка (участок 1) и с. Луганское (участок 2), Джанкойский район, Республика Крым. Участок 2 Участок 1 Участок 1 Яблоня Персик Контроль Контроль Персик Участок 2  Рис. 2. Разрез Т6а. Верхняя часть профиля агроз",Pochved2210047KLIMENKO.txt
profile:prose:2aecd7b3bb9d88b9620d,site:pochvovedenie:Pochved2207004Gabov:text:raw:degree_decimal_minutes_russian_cardinal:0,65.9,60.43333333333333,reported,pochvovedenie,pochvovedenie:Pochved2207004Gabov,РАСПРЕДЕЛЕНИЕ н-АЛКАНОВ,,2022,,,,торфяных,Russian/national term (unverified),,Prose profile descriptor linked at document level because this document contains one reported Russian coordinate; it is not a row-level or independently surveyed pit coordinate.,"{""profile_candidate_id"": ""pochvovedenie:Pochved2207004Gabov:text:raw:p:soil:7"", ""spatial_linkage"": ""document_single_reported_coordinate""}
о состава, вычисление соотношений насыщенных углеводородов для оценки путей об- разования и реконструкции климатических усло- вий их накопления, комплексная реконструкция генезиса торфяных почв при использовании дан- ных радиоуглеродного возраста ботанического состава торфа, н-алканов и их соотношений по профилю почв. ОБЪЕКТЫ И МЕТОДЫ Участок исследования расположен в зоне крайнесеверной тайги европейской",Pochved2207004Gabov.txt
profile:prose:37aa1652c7651639bd82,site:pochvovedenie:Pochved2204009Grodnitskaya:text:raw:dms:l:0,60.87277777777778,89.40444444444445,reported,pochvovedenie,pochvovedenie:Pochved2204009Grodnitskaya,ВЛИЯНИЕ ЛЕСНЫХ ПОЖАРОВ НА МИКРОБИОЛОГИЧЕСКИЕ,,2022,,,,Торфяные,Russian/national term (unverified),,Prose profile descriptor linked at document level because this document contains one reported Russian coordinate; it is not a row-level or independently surveyed pit coordinate.,"{""profile_candidate_id"": ""pochvovedenie:Pochved2204009Grodnitskaya:text:raw:p:soil:44"", ""spatial_linkage"": ""document_single_reported_coordinate""}
альной стадии. Физико-химические свойства торфов. В почвах всех исследованных участков наибольшую кис- лотность отмечали в верхних слоях (0–60 см), ко- торая снижалась по профилю. Торфяные олиго- трофные почвы (FHS1 и FHS2) характеризуются сильнокислой и кислой реакцией среды (рНводн 3.3–5.0). В органогенных горизонтах торфяно- подзолов глеевых (PZ1 и PZ2) кислотность близ- ка к олиготрофным почвам – (рНв",Pochved2204009Grodnitskaya.txt
profile:prose:3b33078330efef900261,site:pochvovedenie:Pochved2207004Gabov:text:raw:degree_decimal_minutes_russian_cardinal:0,65.9,60.43333333333333,reported,pochvovedenie,pochvovedenie:Pochved2207004Gabov,РАСПРЕДЕЛЕНИЕ н-АЛКАНОВ,,2022,,,,торфяная,Russian/national term (unverified),,Prose profile descriptor linked at document level because this document contains one reported Russian coordinate; it is not a row-level or independently surveyed pit coordinate.,"{""profile_candidate_id"": ""pochvovedenie:Pochved2207004Gabov:text:raw:p:soil:16"", ""spatial_linkage"": ""document_single_reported_coordinate""}
ветствии с ГОСТ 17644-83 и ГОСТ 11306-2013 при помощи мотобурения с использованием оригинальных пробоотборников в 2015–2017 гг. Описания поч- венных разрезов приведены ниже. Р-1 – торфяная олиготрофная (мерзлотная) почва (бугров) (табл. 1). Разрез заложен на участ- ке крупного торфяного бугра с хорошо развитой кустарничково-моховой растительностью, диа- метр бугра около 12 м. В покрове вороника, брус- ник",Pochved2207004Gabov.txt
profile:prose:3ba36ccf32d816571042,site:pochvovedenie:Pochved2207004Gabov:text:raw:degree_decimal_minutes_russian_cardinal:0,65.9,60.43333333333333,reported,pochvovedenie,pochvovedenie:Pochved2207004Gabov,РАСПРЕДЕЛЕНИЕ н-АЛКАНОВ,,2022,,,,,,залежи,Prose profile descriptor linked at document level because this document contains one reported Russian coordinate; it is not a row-level or independently surveyed pit coordinate.,"{""profile_candidate_id"": ""pochvovedenie:Pochved2207004Gabov:text:raw:p:land:85"", ""spatial_linkage"": ""document_single_reported_coordinate""}
и Р-2 темно-коричневый, более разложив- шийся для почв на эродированном торфяном пятне. В центральной части профилей торф сла- бо- и среднеразложившийся, в эвтрофном типе торфяной залежи степень разложения (R) увели- чивается вниз по профилю, достигая 45–50%. В пределах сезонно-талого слоя (СТС) образцы торфа олиготрофной и мезоолиготрофной части разрезов на бугре (Р-1, Р-2) кислые с pH 3.5–4.1, что свя",Pochved2207004Gabov.txt
profile:prose:3cd471a59c8ea80f9c39,site:pochvovedenie:Pochved2204009Grodnitskaya:text:raw:dms:l:0,60.87277777777778,89.40444444444445,reported,pochvovedenie,pochvovedenie:Pochved2204009Grodnitskaya,ВЛИЯНИЕ ЛЕСНЫХ ПОЖАРОВ НА МИКРОБИОЛОГИЧЕСКИЕ,,2022,,,,,,ЛЕСНЫХ,Prose profile descriptor linked at document level because this document contains one reported Russian coordinate; it is not a row-level or independently surveyed pit coordinate.,"{""profile_candidate_id"": ""pochvovedenie:Pochved2204009Grodnitskaya:text:raw:p:land:111"", ""spatial_linkage"": ""document_single_reported_coordinate""}
; высота 69 м над ур. м.). Разрез заложен на гряде. Растительность участка комплексная, олиготроф- ная. На кочках и грядах преобладают полидоми-  ПОЧВОВЕДЕНИЕ   № 4   2022 ВЛИЯНИЕ ЛЕСНЫХ ПОЖАРОВ НА МИКРОБИОЛОГИЧЕСКИЕ СВОЙСТВА 457 нантные кустарничково-сфагновые и кустарнич- ково-морошково-сфагновые фитоценозы. Дре- весный ярус представлен сосной обыкновенной (Pinus sylvestris L.) высотой до 6.0 м. Общая",Pochved2204009Grodnitskaya.txt
profile:prose:44a7658507c4eda172f7,site:pochvovedenie:Pochved2204009Grodnitskaya:text:raw:dms:l:0,60.87277777777778,89.40444444444445,reported,pochvovedenie,pochvovedenie:Pochved2204009Grodnitskaya,ВЛИЯНИЕ ЛЕСНЫХ ПОЖАРОВ НА МИКРОБИОЛОГИЧЕСКИЕ,,2022,,,,торфяных,Russian/national term (unverified),,Prose profile descriptor linked at document level because this document contains one reported Russian coordinate; it is not a row-level or independently surveyed pit coordinate.,"{""profile_candidate_id"": ""pochvovedenie:Pochved2204009Grodnitskaya:text:raw:p:soil:19"", ""spatial_linkage"": ""document_single_reported_coordinate""}
– сосняк кустарничково-сфагновый, пройденный пожаром в 2012 г. На участках проводили детальные геоботани- ческие описания и закладывали почвенные раз- резы. Согласно [6], в состав торфяных почв вклю- чали верхний слой торфа, в котором расположена основная масса корней, нижележащую торфяную залежь и верхние горизонты минеральной почвы. Верхний аэрируемый слой торфа представляет со- бой современную стадию п",Pochved2204009Grodnitskaya.txt
profile:prose:4bbd803ccc973ee49331,site:pochvovedenie:Pochved2204009Grodnitskaya:text:raw:dms:l:0,60.87277777777778,89.40444444444445,reported,pochvovedenie,pochvovedenie:Pochved2204009Grodnitskaya,ВЛИЯНИЕ ЛЕСНЫХ ПОЖАРОВ НА МИКРОБИОЛОГИЧЕСКИЕ,,2022,,,,торфяных,Russian/national term (unverified),,Prose profile descriptor linked at document level because this document contains one reported Russian coordinate; it is not a row-level or independently surveyed pit coordinate.,"{""profile_candidate_id"": ""pochvovedenie:Pochved2204009Grodnitskaya:text:raw:p:soil:50"", ""spatial_linkage"": ""document_single_reported_coordinate""}
нию с вышележащими го- ризонтами. Такая же закономерность наблюдает- ся с содержанием азота. Состав почвенного по- глощающего комплекса исследуемых почв доста- точно стабильный. В торфяных олиготрофных почвах участков FHS1 и FHS2 преобладает Ca2+, его концентрация изменяется от 2.9 до 6.4 смоль (экв)/кг в разрезе FHS1 и 1.2–4.6 смоль (экв)/кг в разрезе FHS2. Содержание обменного магния со- ставляет 2.2–3.",Pochved2204009Grodnitskaya.txt
profile:prose:4d7fef3c35eda61ed563,site:pochvovedenie:Pochved2210047KLIMENKO:text:raw:dms:l:0,45.659055555555554,34.34513888888889,reported,pochvovedenie,pochvovedenie:Pochved2210047KLIMENKO,ИЗМЕНЕНИЕ СОЛЕВОГО СОСТАВА ПОЧВ ПРИ ОРОШЕНИИ,,2022,,,,,,пашня,Prose profile descriptor linked at document level because this document contains one reported Russian coordinate; it is not a row-level or independently surveyed pit coordinate.,"{""profile_candidate_id"": ""pochvovedenie:Pochved2210047KLIMENKO:text:raw:p:land:61"", ""spatial_linkage"": ""document_single_reported_coordinate""}
той водой на сумму солей и содержание токсичной щелочности в агроземе со- лонцеватом квазиглееватом под садом персика, участок 2 (с. Луганское, 2020 г.): 1 – контроль (неорошаемая пашня); 2 – 20 см; 3 – 125 см; 4 – 250 см от водовыпуска. Горизонтальные отрезки – ошибка среднего. 20 40 60 80 100 120 0 0.01 0.02 0.03 0.04 0.05 Глубина, см % 20 40 60 80 100 120 0 0.02 0.04 0.06 0.08 % 20 40 60 80 100 120 ",Pochved2210047KLIMENKO.txt
profile:prose:4ff1f07eb57e5e4c37fc,site:pochvovedenie:Pochved2210047KLIMENKO:text:raw:dms:l:0,45.659055555555554,34.34513888888889,reported,pochvovedenie,pochvovedenie:Pochved2210047KLIMENKO,ИЗМЕНЕНИЕ СОЛЕВОГО СОСТАВА ПОЧВ ПРИ ОРОШЕНИИ,,2022,Т6а,,,Kastanozem,WRB,,Prose profile descriptor linked at document level because this document contains one reported Russian coordinate; it is not a row-level or independently surveyed pit coordinate.,"{""profile_candidate_id"": ""pochvovedenie:Pochved2210047KLIMENKO:text:raw:p:soil:11"", ""spatial_linkage"": ""document_single_reported_coordinate""}
о- видных глинах (разрез Т6а, почва орошаемая), формула профиля: kr,ca–Pca–Pca,sn,cs–Pca,sn,ad– BCAnc–BCca–Cca,cs [19], или темно-каштановая солонцеватая пахотная [18], или Haplic Kastanozem (Aric, Loamic, Protosodic) по WRB-2015 [40]. Краткое морфологическое описание части почвенного профиля, вскрытого разрезом Т6а, заложенном в 1 м от дерева яблони, 70 см от ли- нии ряда, поверхность почвы ровная, пашня, ",Pochved2210047KLIMENKO.txt
profile:prose:57f3e704092e993c8638,site:pochvovedenie:Pochved2204009Grodnitskaya:text:raw:dms:l:0,60.87277777777778,89.40444444444445,reported,pochvovedenie,pochvovedenie:Pochved2204009Grodnitskaya,ВЛИЯНИЕ ЛЕСНЫХ ПОЖАРОВ НА МИКРОБИОЛОГИЧЕСКИЕ,,2022,,,,торфяной,Russian/national term (unverified),,Prose profile descriptor linked at document level because this document contains one reported Russian coordinate; it is not a row-level or independently surveyed pit coordinate.,"{""profile_candidate_id"": ""pochvovedenie:Pochved2204009Grodnitskaya:text:raw:p:soil:26"", ""spatial_linkage"": ""document_single_reported_coordinate""}
кустарничково-сфагновые и кустарнич- ково-морошково-сфагновые фитоценозы. Дре- весный ярус представлен сосной обыкновенной (Pinus sylvestris L.) высотой до 6.0 м. Общая мощ- ность торфяной залежи составляет 430 см. В дан- ной публикации представлены результаты по верхним 200 см. В профиле почвы выделены сле- дующие генетические горизонты: ТО1–ТO10, ко- торые различаются по ботаническому составу и степени ",Pochved2204009Grodnitskaya.txt
profile:prose:5af6b8bd0025f94f7805,site:pochvovedenie:Pochved2207004Gabov:text:raw:degree_decimal_minutes_russian_cardinal:0,65.9,60.43333333333333,reported,pochvovedenie,pochvovedenie:Pochved2207004Gabov,РАСПРЕДЕЛЕНИЕ н-АЛКАНОВ,,2022,,,,Торфяная,Russian/national term (unverified),,Prose profile descriptor linked at document level because this document contains one reported Russian coordinate; it is not a row-level or independently surveyed pit coordinate.,"{""profile_candidate_id"": ""pochvovedenie:Pochved2207004Gabov:text:raw:p:soil:53"", ""spatial_linkage"": ""document_single_reported_coordinate""}
 н-алканов, мкг/г Горизонт, глубина, см Массовая доля н-алканов, мкг/г С четным числом атомов углерода С нечетным числом атомов углерода  818 ПОЧВОВЕДЕНИЕ   № 7   2022 ГАБОВ и др. Торфяная олиготрофная почва (мочажин) (Р-3) развивалась с самого начала в условиях значитель- ного избыточного увлажнения, в ботаническом со- ставе нижних горизонтов 130–170 см преобладают мхи (Sphagnum и Warnstorfia sp.), а так",Pochved2207004Gabov.txt
profile:prose:5c2a5d4e0edf226f44cf,site:pochvovedenie:Pochved2203014Yakovleva:text:raw:dms:l:1,67.75483333333334,63.29255555555555,reported,pochvovedenie,pochvovedenie:Pochved2203014Yakovleva,ФОРМИРОВАНИЕ СОСТАВА ПОЛИЦИКЛИЧЕСКИХ АРОМАТИЧЕСКИХ,,2022,,,,Histosol,WRB,,Prose profile descriptor linked at document level because this document contains one reported Russian coordinate; it is not a row-level or independently surveyed pit coordinate.,"{""profile_candidate_id"": ""pochvovedenie:Pochved2203014Yakovleva:text:raw:p:soil:23"", ""spatial_linkage"": ""document_single_reported_coordinate""}
кс с термокарстовы- ми озерами. В границах болота преобладают по площади торфяные бугры различной формы. Торфяная олиготрофная (мерзлотная) почва бугров (уч. 1). Hemic Folic Cryic Histosol. Коорди- наты: 67°03′ N, 62°56′ E. Почва описана в 7 км к юго-западу от ст. Сейда. Разрез заложен на бугре диаметром 10–12 м. Высота бугра 0.5–1.0 м. Глу- бина залегания многолетней мерзлоты 40 см. Мик- рорельеф мелкобу",Pochved2203014Yakovleva.txt
profile:prose:5c3dc67bbf516616bbc7,site:pochvovedenie:Pochved2207004Gabov:text:raw:degree_decimal_minutes_russian_cardinal:0,65.9,60.43333333333333,reported,pochvovedenie,pochvovedenie:Pochved2207004Gabov,РАСПРЕДЕЛЕНИЕ н-АЛКАНОВ,,2022,,,,мерзлотная,Russian/national term (unverified),,Prose profile descriptor linked at document level because this document contains one reported Russian coordinate; it is not a row-level or independently surveyed pit coordinate.,"{""profile_candidate_id"": ""pochvovedenie:Pochved2207004Gabov:text:raw:p:soil:20"", ""spatial_linkage"": ""document_single_reported_coordinate""}
cum) и лишайники (p. Cladina), по кра- ям бугра – карликовая береза. Корни растений проникают до глубины залегания мерзлоты (40– 44 см). Р-2 – торфяная олиготрофная деструктивная (мерзлотная) почва. Разрез заложен ближе к краю торфяного бугра, в 5 м к западу от Р-1, на оголен- ном торфяном пятне, лишенном растительного покрова. Площадь торфяного пятна ~6 м2, на по- верхности пятна четко выражено криогенное ",Pochved2207004Gabov.txt
profile:prose:5c814bd99fff7e1867bc,site:pochvovedenie:Pochved2204009Grodnitskaya:text:raw:dms:l:0,60.87277777777778,89.40444444444445,reported,pochvovedenie,pochvovedenie:Pochved2204009Grodnitskaya,ВЛИЯНИЕ ЛЕСНЫХ ПОЖАРОВ НА МИКРОБИОЛОГИЧЕСКИЕ,,2022,,,,торфяно,Russian/national term (unverified),,Prose profile descriptor linked at document level because this document contains one reported Russian coordinate; it is not a row-level or independently surveyed pit coordinate.,"{""profile_candidate_id"": ""pochvovedenie:Pochved2204009Grodnitskaya:text:raw:p:soil:45"", ""spatial_linkage"": ""document_single_reported_coordinate""}
0 см), ко- торая снижалась по профилю. Торфяные олиго- трофные почвы (FHS1 и FHS2) характеризуются сильнокислой и кислой реакцией среды (рНводн 3.3–5.0). В органогенных горизонтах торфяно- подзолов глеевых (PZ1 и PZ2) кислотность близ- ка к олиготрофным почвам – (рНводн 3.8–4.0), минеральные горизонты менее кислые – от 4.8– 5.9 (табл. 2). Для органогенных горизонтов всех разрезов характерна низкая зольно",Pochved2204009Grodnitskaya.txt
profile:prose:5e9c1805a627a69c79fd,site:pochvovedenie:Pochved2204009Grodnitskaya:text:raw:dms:l:0,60.87277777777778,89.40444444444445,reported,pochvovedenie,pochvovedenie:Pochved2204009Grodnitskaya,ВЛИЯНИЕ ЛЕСНЫХ ПОЖАРОВ НА МИКРОБИОЛОГИЧЕСКИЕ,,2022,,,,торфяными,Russian/national term (unverified),,Prose profile descriptor linked at document level because this document contains one reported Russian coordinate; it is not a row-level or independently surveyed pit coordinate.,"{""profile_candidate_id"": ""pochvovedenie:Pochved2204009Grodnitskaya:text:raw:p:soil:49"", ""spatial_linkage"": ""document_single_reported_coordinate""}
х профиля более высокое содержание азота по сравнению с FHS1. Содержание углерода в подзолистом горизон- те Е участков PZ1 и PZ2 снижается до минимума (0.35 и 0.2%) по сравнению с торфяными гори- зонтами. В иллювиальных горизонтах (BHF и BF) содержание Сорг существенно увеличивается (до 13.8–19.0%) по сравнению с горизонтом Е. В под- стилающих горизонтах ВСg количество углерода уменьшается по сравнению с в",Pochved2204009Grodnitskaya.txt
profile:prose:60a5f6eeb18a0171ac11,site:pochvovedenie:Pochved2202008Loiko:text:raw:dms:l:0,60.40897222222222,73.94630555555555,reported,pochvovedenie,pochvovedenie:Pochved2202008Loiko,ДРЕВЕСНЫЕ УГЛИ В ПОДЗОЛАХ СРЕДНЕЙ ТАЙГИ ЗАПАДНОЙ СИБИРИ,,2022,,,,ПОДЗОЛАХ,Russian/national term (unverified),,Prose profile descriptor linked at document level because this document contains one reported Russian coordinate; it is not a row-level or independently surveyed pit coordinate.,"{""profile_candidate_id"": ""pochvovedenie:Pochved2202008Loiko:text:raw:p:soil:17"", ""spatial_linkage"": ""document_single_reported_coordinate""}
бокий полиморфон (до 75 см). Индексация горизонтов дана по КиДПР (2004) и ФАО (2006). (a) (b) (c) (d) (e) E BF1 (Bs1) BF2 (Bs2) BC (ff)  ПОЧВОВЕДЕНИЕ   № 2   2022 ДРЕВЕСНЫЕ УГЛИ В ПОДЗОЛАХ СРЕДНЕЙ ТАЙГИ ЗАПАДНОЙ СИБИРИ 181 87% изученных углистых морфонов попали в почву благодаря ветровалам. В оставшихся случа- ях угли засыпались по корневому каналу. Морфо- логический анализ 10 траншей и фотоматериалов с б",Pochved2202008Loiko.txt
profile:prose:6113f0e59cb0352fcd22,site:pochvovedenie:Pochved2207004Gabov:text:raw:degree_decimal_minutes_russian_cardinal:0,65.9,60.43333333333333,reported,pochvovedenie,pochvovedenie:Pochved2207004Gabov,РАСПРЕДЕЛЕНИЕ н-АЛКАНОВ,,2022,,,,торфяными,Russian/national term (unverified),,Prose profile descriptor linked at document level because this document contains one reported Russian coordinate; it is not a row-level or independently surveyed pit coordinate.,"{""profile_candidate_id"": ""pochvovedenie:Pochved2207004Gabov:text:raw:p:soil:25"", ""spatial_linkage"": ""document_single_reported_coordinate""}
- мечено развитие зеленых мхов и лишайников. Сезонное протаивание 50–55 см. Р-3 – торфяная олиготрофная почва (моча- жин). Разрез заложен в обводненной мочажине (топи) между двумя торфяными буграми с пере- падом высот около 3–4 м. Мочажины в пределах рассматриваемого бугристого болота незамкну- тые, по площади превосходят площадь бугров, местами встречаются озерковые комплексы. Рас- тительный покров пушице",Pochved2207004Gabov.txt
profile:prose:6191fba8b9ff835600c2,site:pochvovedenie:Pochved2210047KLIMENKO:text:raw:dms:l:0,45.659055555555554,34.34513888888889,reported,pochvovedenie,pochvovedenie:Pochved2210047KLIMENKO,ИЗМЕНЕНИЕ СОЛЕВОГО СОСТАВА ПОЧВ ПРИ ОРОШЕНИИ,,2022,Л11б,,,каштановая,Russian/national term (unverified),,Prose profile descriptor linked at document level because this document contains one reported Russian coordinate; it is not a row-level or independently surveyed pit coordinate.,"{""profile_candidate_id"": ""pochvovedenie:Pochved2210047KLIMENKO:text:raw:p:soil:14"", ""spatial_linkage"": ""document_single_reported_coordinate""}
олончаковатый слабогуму- сированный среднемощный легкоглинистый на лессовидных глинах, формула профиля: kr,el– Pel,sn–P2sn,ad–P3sn–BCAnc,sn–BCAnc,q–BCca,q, Cca,cs [19], или лугово-каштановая солонцеватая [18], или Luvic Kastanozem (Aric, Loamic, Proto- sodic) [40]. Разрез Л11б заложен в саду персика на ровном месте, координаты 45°49′08.2″ N и 34°14′58.5″ E, 20 м над ур. м. (рис. S1). Карбонаты выщелочены до",Pochved2210047KLIMENKO.txt
profile:prose:63e43e9a92f74f2a8fbd,site:pochvovedenie:Pochved2203014Yakovleva:text:raw:dms:l:1,67.75483333333334,63.29255555555555,reported,pochvovedenie,pochvovedenie:Pochved2203014Yakovleva,ФОРМИРОВАНИЕ СОСТАВА ПОЛИЦИКЛИЧЕСКИХ АРОМАТИЧЕСКИХ,,2022,,,,мерзлотная,Russian/national term (unverified),,Prose profile descriptor linked at document level because this document contains one reported Russian coordinate; it is not a row-level or independently surveyed pit coordinate.,"{""profile_candidate_id"": ""pochvovedenie:Pochved2203014Yakovleva:text:raw:p:soil:22"", ""spatial_linkage"": ""document_single_reported_coordinate""}
ссив представляет собой буг- ристо-мочажинный комплекс с термокарстовы- ми озерами. В границах болота преобладают по площади торфяные бугры различной формы. Торфяная олиготрофная (мерзлотная) почва бугров (уч. 1). Hemic Folic Cryic Histosol. Коорди- наты: 67°03′ N, 62°56′ E. Почва описана в 7 км к юго-западу от ст. Сейда. Разрез заложен на бугре диаметром 10–12 м. Высота бугра 0.5–1.0 м. Глу- бина залегания",Pochved2203014Yakovleva.txt
profile:prose:67dd6af62fb596242aa4,site:pochvovedenie:Pochved2204009Grodnitskaya:text:raw:dms:l:0,60.87277777777778,89.40444444444445,reported,pochvovedenie,pochvovedenie:Pochved2204009Grodnitskaya,ВЛИЯНИЕ ЛЕСНЫХ ПОЖАРОВ НА МИКРОБИОЛОГИЧЕСКИЕ,,2022,,,,,,залежь,Prose profile descriptor linked at document level because this document contains one reported Russian coordinate; it is not a row-level or independently surveyed pit coordinate.,"{""profile_candidate_id"": ""pochvovedenie:Pochved2204009Grodnitskaya:text:raw:p:land:109"", ""spatial_linkage"": ""document_single_reported_coordinate""}
е описания и закладывали почвенные раз- резы. Согласно [6], в состав торфяных почв вклю- чали верхний слой торфа, в котором расположена основная масса корней, нижележащую торфяную залежь и верхние горизонты минеральной почвы. Верхний аэрируемый слой торфа представляет со- бой современную стадию почвообразования, ни- жележащие слои – предшествующие стадии раз- вития. Генетические горизонты торфяных почв ",Pochved2204009Grodnitskaya.txt
profile:prose:685eb623e9273e892cd0,site:pochvovedenie:Pochved2210047KLIMENKO:text:raw:dms:l:0,45.659055555555554,34.34513888888889,reported,pochvovedenie,pochvovedenie:Pochved2210047KLIMENKO,ИЗМЕНЕНИЕ СОЛЕВОГО СОСТАВА ПОЧВ ПРИ ОРОШЕНИИ,,2022,,,,солонцеватый,Russian/national term (unverified),,Prose profile descriptor linked at document level because this document contains one reported Russian coordinate; it is not a row-level or independently surveyed pit coordinate.,"{""profile_candidate_id"": ""pochvovedenie:Pochved2210047KLIMENKO:text:raw:p:soil:18"", ""spatial_linkage"": ""document_single_reported_coordinate""}
сследуемых почв (2019 г.) * Прочерк – нет данных. Разрез Глубина Гумус, % Общие  карбонаты, % Содержание фракций, % <10 мкм <1 мкм Агрозем аккумулятивно-карбонатный сегрегационный солонцеватый карбонатный (участок 1) 6 0–50 8.25 1.67 2.9 62.5 30.5 50–100 8.45 –* 12.0 67.9 37.9 100–120 7.70 – 19.9 65.3 35.5 Агрозем аккумулятивно-карбонатный поверхностно-элювиированный солонцеватый глубококвазиглееватый (участо",Pochved2210047KLIMENKO.txt
profile:prose:68cfdb0a373b833754d1,site:pochvovedenie:Pochved2204009Grodnitskaya:text:raw:dms:l:0,60.87277777777778,89.40444444444445,reported,pochvovedenie,pochvovedenie:Pochved2204009Grodnitskaya,ВЛИЯНИЕ ЛЕСНЫХ ПОЖАРОВ НА МИКРОБИОЛОГИЧЕСКИЕ,,2022,,,,торфяника,Russian/national term (unverified),,Prose profile descriptor linked at document level because this document contains one reported Russian coordinate; it is not a row-level or independently surveyed pit coordinate.,"{""profile_candidate_id"": ""pochvovedenie:Pochved2204009Grodnitskaya:text:raw:p:soil:67"", ""spatial_linkage"": ""document_single_reported_coordinate""}
и показателями: МБ и БД с Сорг (r = 0.82, 0.95) и N (r = 0.96, 0.8). Доля содержания Смик в Сорг составляла в среднем по профилю бо- лота 0.08%. Значения QR больше в верхних слоях торфяника, чем в нижней минеральной части, где после пирогенного горизонта количество органи- ческого вещества меньше. В торфяно-подзолах заболоченного сосняка PZ2 деструкционные процессы протекали более интенсивно, о чем свидете",Pochved2204009Grodnitskaya.txt
profile:prose:6abe9d28b0dc912e79db,site:pochvovedenie:Pochved2204009Grodnitskaya:text:raw:dms:l:0,60.87277777777778,89.40444444444445,reported,pochvovedenie,pochvovedenie:Pochved2204009Grodnitskaya,ВЛИЯНИЕ ЛЕСНЫХ ПОЖАРОВ НА МИКРОБИОЛОГИЧЕСКИЕ,,2022,,,,,,ЛЕСНЫХ,Prose profile descriptor linked at document level because this document contains one reported Russian coordinate; it is not a row-level or independently surveyed pit coordinate.,"{""profile_candidate_id"": ""pochvovedenie:Pochved2204009Grodnitskaya:text:raw:p:land:122"", ""spatial_linkage"": ""document_single_reported_coordinate""}
 Mucoromycota 2.23 56.96 0 0.28 1.16 2.53 0.14 0.7 15.21 1.46 Неклассифици- рованные грибы 13.66 38.48 8.04 11.17 8.44 2.22 3.02 0.16 4.85 25.88  ПОЧВОВЕДЕНИЕ   № 4   2022 ВЛИЯНИЕ ЛЕСНЫХ ПОЖАРОВ НА МИКРОБИОЛОГИЧЕСКИЕ СВОЙСТВА 467 рогенных горизонтах отличается от таковой непи- рогенных. Существенный вклад в освоение пиро- генных горизонтов торфяных олиготрофных почв вносят представители Proteobacteria, ",Pochved2204009Grodnitskaya.txt
profile:prose:6effad5c66ae6e3577d9,site:pochvovedenie:Pochved2204009Grodnitskaya:text:raw:dms:l:0,60.87277777777778,89.40444444444445,reported,pochvovedenie,pochvovedenie:Pochved2204009Grodnitskaya,ВЛИЯНИЕ ЛЕСНЫХ ПОЖАРОВ НА МИКРОБИОЛОГИЧЕСКИЕ,,2022,,,,подзолу,Russian/national term (unverified),,Prose profile descriptor linked at document level because this document contains one reported Russian coordinate; it is not a row-level or independently surveyed pit coordinate.,"{""profile_candidate_id"": ""pochvovedenie:Pochved2204009Grodnitskaya:text:raw:p:soil:37"", ""spatial_linkage"": ""document_single_reported_coordinate""}
а (угли, сажа и продукты горения). В горизонтах T2–T3 разложение торфа низкое (10%), T4pyr – полно- стью выгорел. Уровень почвенно-грунтовых вод на 45 см. Почва отнесена к торфяно-подзолу гле- евому иллювиально-гумусово-железистому (пи- рогенному) [9], по [32] – Gleyic Histic Podzol. Возраст торфов. В торфяных разрезах, заложен- ных на исследованных участках, на различных глу- бинах отобрано 14 образцов ",Pochved2204009Grodnitskaya.txt
profile:prose:6f23bf5b2bdc5b208ab9,site:pochvovedenie:Pochved2204009Grodnitskaya:text:raw:dms:l:0,60.87277777777778,89.40444444444445,reported,pochvovedenie,pochvovedenie:Pochved2204009Grodnitskaya,ВЛИЯНИЕ ЛЕСНЫХ ПОЖАРОВ НА МИКРОБИОЛОГИЧЕСКИЕ,,2022,,,,,,залежи,Prose profile descriptor linked at document level because this document contains one reported Russian coordinate; it is not a row-level or independently surveyed pit coordinate.,"{""profile_candidate_id"": ""pochvovedenie:Pochved2204009Grodnitskaya:text:raw:p:land:115"", ""spatial_linkage"": ""document_single_reported_coordinate""}
ТO6–ТO11 (пушицево-сфагновый вер- ховой торф), Т12pyr, G – с глубины 240 см, подсти- лаемый влажным белесым песком, бесструктур- ный, с сизыми пятнами закиси железа. В основа- нии залежи обнаружены угли – 10%. В горизонтах ТО1–ТО5 степень разложения торфа низкая и средняя (5–10 и 10–25%), в ТO6–ТO11 высокая (30–35%). Почва торфяная олиготрофная [9], по международной классификации [32] она отнесе- на к F",Pochved2204009Grodnitskaya.txt
profile:prose:71e4d42d254f33d80626,site:pochvovedenie:Pochved2207004Gabov:text:raw:degree_decimal_minutes_russian_cardinal:0,65.9,60.43333333333333,reported,pochvovedenie,pochvovedenie:Pochved2207004Gabov,РАСПРЕДЕЛЕНИЕ н-АЛКАНОВ,,2022,,,,мерзлотной,Russian/national term (unverified),,Prose profile descriptor linked at document level because this document contains one reported Russian coordinate; it is not a row-level or independently surveyed pit coordinate.,"{""profile_candidate_id"": ""pochvovedenie:Pochved2207004Gabov:text:raw:p:soil:40"", ""spatial_linkage"": ""document_single_reported_coordinate""}
. Данные соединения далее не обсуждаются в статье вследствие их незначимой доли в общей сумме н-алканов. Суммарное со- держание насыщенных углеводородов в торфя- ной олиготрофной (мерзлотной) почве (бугров) – 1.0–191.6 мкг/г (рис. 2), торфяной олиготрофной деструктивной (мерзлотной) почве – 7.7– 137.9 мкг/г (рис. 3), торфяной олиготрофной почве (мочажин) – 34.5–154.9 мкг/г (рис. 4). По профилям разрезов Р-1",Pochved2207004Gabov.txt
profile:prose:766999d020e2146059dc,site:pochvovedenie:Pochved2210047KLIMENKO:text:raw:dms:l:0,45.659055555555554,34.34513888888889,reported,pochvovedenie,pochvovedenie:Pochved2210047KLIMENKO,ИЗМЕНЕНИЕ СОЛЕВОГО СОСТАВА ПОЧВ ПРИ ОРОШЕНИИ,,2022,,,,,,садов,Prose profile descriptor linked at document level because this document contains one reported Russian coordinate; it is not a row-level or independently surveyed pit coordinate.,"{""profile_candidate_id"": ""pochvovedenie:Pochved2210047KLIMENKO:text:raw:p:land:47"", ""spatial_linkage"": ""document_single_reported_coordinate""}
0′48″ E, 24 м над ур. м.) расположен в 18 км к юго-западу от ближайшего берега оз. Сиваш (с. Мелковод- ное), рис. 1. Для определения генетической при- надлежности почв на участках садов закладывали разрезы до глубины 65–70 см и проводили добу-  ПОЧВОВЕДЕНИЕ   № 12   2022 ИЗМЕНЕНИЕ СОЛЕВОГО СОСТАВА ПОЧВ 1559 ривание с описанием морфологии до солевого го- ризонта. Почва участка 1 – агрозем аккумулятивно-",Pochved2210047KLIMENKO.txt
profile:prose:76ac4c49959f42110f9a,site:pochvovedenie:Pochved2204009Grodnitskaya:text:raw:dms:l:0,60.87277777777778,89.40444444444445,reported,pochvovedenie,pochvovedenie:Pochved2204009Grodnitskaya,ВЛИЯНИЕ ЛЕСНЫХ ПОЖАРОВ НА МИКРОБИОЛОГИЧЕСКИЕ,,2022,,,,торфяно,Russian/national term (unverified),,Prose profile descriptor linked at document level because this document contains one reported Russian coordinate; it is not a row-level or independently surveyed pit coordinate.,"{""profile_candidate_id"": ""pochvovedenie:Pochved2204009Grodnitskaya:text:raw:p:soil:36"", ""spatial_linkage"": ""document_single_reported_coordinate""}
о покрова (угли, сажа и продукты горения). В горизонтах T2–T3 разложение торфа низкое (10%), T4pyr – полно- стью выгорел. Уровень почвенно-грунтовых вод на 45 см. Почва отнесена к торфяно-подзолу гле- евому иллювиально-гумусово-железистому (пи- рогенному) [9], по [32] – Gleyic Histic Podzol. Возраст торфов. В торфяных разрезах, заложен- ных на исследованных участках, на различных глу- бинах отобрано 14 о",Pochved2204009Grodnitskaya.txt
profile:prose:7981bdbbd19fdca1aacc,site:pochvovedenie:Pochved2210047KLIMENKO:text:raw:dms:l:0,45.659055555555554,34.34513888888889,reported,pochvovedenie,pochvovedenie:Pochved2210047KLIMENKO,ИЗМЕНЕНИЕ СОЛЕВОГО СОСТАВА ПОЧВ ПРИ ОРОШЕНИИ,,2022,,,,,,садом,Prose profile descriptor linked at document level because this document contains one reported Russian coordinate; it is not a row-level or independently surveyed pit coordinate.,"{""profile_candidate_id"": ""pochvovedenie:Pochved2210047KLIMENKO:text:raw:p:land:60"", ""spatial_linkage"": ""document_single_reported_coordinate""}
неорошаемой как весной, так и осенью. Рис. 5. Влияние орошения слабосолоноватой водой на сумму солей и содержание токсичной щелочности в агроземе со- лонцеватом квазиглееватом под садом персика, участок 2 (с. Луганское, 2020 г.): 1 – контроль (неорошаемая пашня); 2 – 20 см; 3 – 125 см; 4 – 250 см от водовыпуска. Горизонтальные отрезки – ошибка среднего. 20 40 60 80 100 120 0 0.01 0.02 0.03 0.04 0.05 Гл",Pochved2210047KLIMENKO.txt
profile:prose:7d4281130af10efd90e2,site:pochvovedenie:Pochved2207004Gabov:text:raw:degree_decimal_minutes_russian_cardinal:0,65.9,60.43333333333333,reported,pochvovedenie,pochvovedenie:Pochved2207004Gabov,РАСПРЕДЕЛЕНИЕ н-АЛКАНОВ,,2022,,,,торфяной,Russian/national term (unverified),,Prose profile descriptor linked at document level because this document contains one reported Russian coordinate; it is not a row-level or independently surveyed pit coordinate.,"{""profile_candidate_id"": ""pochvovedenie:Pochved2207004Gabov:text:raw:p:soil:54"", ""spatial_linkage"": ""document_single_reported_coordinate""}
более теплом периоде климатического оптимума голоцена. Суммарная аккумуляция н-алканов в го- ризонтах 40–100 см максимальна и составляет 122.2–154.9 мкг/г. Верхние 40 см в разрезе торфяной олиготроф- ной почвы (мочажин) представлены сфагновым типом торфа (доля Sphagnum – 75–90%), выделя- ющими при разложении н-алканы С23, С25. Также в ботаническом составе присутствует осока воло- систоплодная (Carex lasio",Pochved2207004Gabov.txt
profile:prose:7e5fd61f00017d1022a5,site:pochvovedenie:Pochved2207004Gabov:text:raw:degree_decimal_minutes_russian_cardinal:0,65.9,60.43333333333333,reported,pochvovedenie,pochvovedenie:Pochved2207004Gabov,РАСПРЕДЕЛЕНИЕ н-АЛКАНОВ,,2022,,,,торфяниках,Russian/national term (unverified),,Prose profile descriptor linked at document level because this document contains one reported Russian coordinate; it is not a row-level or independently surveyed pit coordinate.,"{""profile_candidate_id"": ""pochvovedenie:Pochved2207004Gabov:text:raw:p:soil:1"", ""spatial_linkage"": ""document_single_reported_coordinate""}
кар, Республика Коми, 167000 Россия *e-mail: gabov@ib.komisc.ru Поступила в редакцию 29.11.2021 г. После доработки 07.12.2021 г. Принята к публикации 26.01.2022 г. В исследованных торфяниках определены н-алканы С14Н44–С31Н64, содержание которых по всем исследованным профилям почв связано как с разным ботаническим составом растительных остат- ков торфяников, так и разными климатическими условиями их формиров",Pochved2207004Gabov.txt
profile:prose:806c36b3ff9d1002082d,site:pochvovedenie:Pochved2210047KLIMENKO:text:raw:dms:l:0,45.659055555555554,34.34513888888889,reported,pochvovedenie,pochvovedenie:Pochved2210047KLIMENKO,ИЗМЕНЕНИЕ СОЛЕВОГО СОСТАВА ПОЧВ ПРИ ОРОШЕНИИ,,2022,Т6а,,,каштановая,Russian/national term (unverified),,Prose profile descriptor linked at document level because this document contains one reported Russian coordinate; it is not a row-level or independently surveyed pit coordinate.,"{""profile_candidate_id"": ""pochvovedenie:Pochved2210047KLIMENKO:text:raw:p:soil:9"", ""spatial_linkage"": ""document_single_reported_coordinate""}
ный глу- бокогипссодержащий легкоглинистый на лёссо- видных глинах (разрез Т6а, почва орошаемая), формула профиля: kr,ca–Pca–Pca,sn,cs–Pca,sn,ad– BCAnc–BCca–Cca,cs [19], или темно-каштановая солонцеватая пахотная [18], или Haplic Kastanozem (Aric, Loamic, Protosodic) по WRB-2015 [40]. Краткое морфологическое описание части почвенного профиля, вскрытого разрезом Т6а, заложенном в 1 м от дерева яблони, 70 см ",Pochved2210047KLIMENKO.txt
profile:prose:80f276291726367c4a02,site:pochvovedenie:Pochved2204009Grodnitskaya:text:raw:dms:l:0,60.87277777777778,89.40444444444445,reported,pochvovedenie,pochvovedenie:Pochved2204009Grodnitskaya,ВЛИЯНИЕ ЛЕСНЫХ ПОЖАРОВ НА МИКРОБИОЛОГИЧЕСКИЕ,,2022,,,,подзолах,Russian/national term (unverified),,Prose profile descriptor linked at document level because this document contains one reported Russian coordinate; it is not a row-level or independently surveyed pit coordinate.,"{""profile_candidate_id"": ""pochvovedenie:Pochved2204009Grodnitskaya:text:raw:p:soil:66"", ""spatial_linkage"": ""document_single_reported_coordinate""}
орг отмечен в аэробной зоне FHS1 – 0.006% и в анаэробной зоне FHS2 – 0.025%. Зна- чения QR варьировали по профилю участков, наибольшие отмечены в аэробной зоне (рис. 2). В торфяно-подзолах участков PZ1 и PZ2 орга- ногенные горизонты характеризовались меньшей мощностью по сравнению с участками FHS. Ре- акция среды в верхних горизонтах среднекислая, в них не выделяется строго анаэробной зоны. Вниз по профил",Pochved2204009Grodnitskaya.txt
profile:prose:825f00b2242e9ded67ef,site:pochvovedenie:Pochved2204009Grodnitskaya:text:raw:dms:l:0,60.87277777777778,89.40444444444445,reported,pochvovedenie,pochvovedenie:Pochved2204009Grodnitskaya,ВЛИЯНИЕ ЛЕСНЫХ ПОЖАРОВ НА МИКРОБИОЛОГИЧЕСКИЕ,,2022,,,,торфяную,Russian/national term (unverified),,Prose profile descriptor linked at document level because this document contains one reported Russian coordinate; it is not a row-level or independently surveyed pit coordinate.,"{""profile_candidate_id"": ""pochvovedenie:Pochved2204009Grodnitskaya:text:raw:p:soil:20"", ""spatial_linkage"": ""document_single_reported_coordinate""}
ни- ческие описания и закладывали почвенные раз- резы. Согласно [6], в состав торфяных почв вклю- чали верхний слой торфа, в котором расположена основная масса корней, нижележащую торфяную залежь и верхние горизонты минеральной почвы. Верхний аэрируемый слой торфа представляет со- бой современную стадию почвообразования, ни- жележащие слои – предшествующие стадии раз- вития. Генетические горизонты торфяны",Pochved2204009Grodnitskaya.txt
profile:prose:826a224177bf4ba425cb,site:pochvovedenie:Pochved2207004Gabov:text:raw:degree_decimal_minutes_russian_cardinal:0,65.9,60.43333333333333,reported,pochvovedenie,pochvovedenie:Pochved2207004Gabov,РАСПРЕДЕЛЕНИЕ н-АЛКАНОВ,,2022,,,,торфяников,Russian/national term (unverified),,Prose profile descriptor linked at document level because this document contains one reported Russian coordinate; it is not a row-level or independently surveyed pit coordinate.,"{""profile_candidate_id"": ""pochvovedenie:Pochved2207004Gabov:text:raw:p:soil:46"", ""spatial_linkage"": ""document_single_reported_coordinate""}
рхно- сти доля золы мала (табл. 1), доля органического углерода также практически постоянна – 51.0– 57.4; 50.2–56.9% соответственно. Массовая доля н-алканов в горизонтах бугристых торфяников достигает 137.9 (Р-2) и 191.6 мкг/г (Р-1). На следующей стадии торфонакопления (101– 134 см Р-2, 126–197 см Р-1) (6510 л. н.) в расти- тельном покрове возрастает доля вахты трехлист- ной (Menyanthes trifoliata), осоки т",Pochved2207004Gabov.txt
profile:prose:8521095da40c771fbca7,site:pochvovedenie:Pochved2202008Loiko:text:raw:dms:l:0,60.40897222222222,73.94630555555555,reported,pochvovedenie,pochvovedenie:Pochved2202008Loiko,ДРЕВЕСНЫЕ УГЛИ В ПОДЗОЛАХ СРЕДНЕЙ ТАЙГИ ЗАПАДНОЙ СИБИРИ,,2022,,,,Подзол,Russian/national term (unverified),,Prose profile descriptor linked at document level because this document contains one reported Russian coordinate; it is not a row-level or independently surveyed pit coordinate.,"{""profile_candidate_id"": ""pochvovedenie:Pochved2202008Loiko:text:raw:p:soil:15"", ""spatial_linkage"": ""document_single_reported_coordinate""}
чены в “подвешенных” в горизонте E мор- фонах BF/BC, и лишь один в нижней части пят- нистого полиморфона на уровне горизонта BC.  180 ПОЧВОВЕДЕНИЕ   № 2   2022 ЛОЙКО и др. Рис. 2. Подзол иллювиально-железистый и основные морфоны: a – фоновая часть ареала подзола без крупных мор- фонов с малыми “e” карманами и язычками; b – крупный язык с оруденением (до 130 см); c – крупный карман (до 42 см), заканчиваю",Pochved2202008Loiko.txt
profile:prose:8bfb73f445feb1ee8d86,site:pochvovedenie:Pochved2207004Gabov:text:raw:degree_decimal_minutes_russian_cardinal:0,65.9,60.43333333333333,reported,pochvovedenie,pochvovedenie:Pochved2207004Gabov,РАСПРЕДЕЛЕНИЕ н-АЛКАНОВ,,2022,,,,мерзлотная,Russian/national term (unverified),,Prose profile descriptor linked at document level because this document contains one reported Russian coordinate; it is not a row-level or independently surveyed pit coordinate.,"{""profile_candidate_id"": ""pochvovedenie:Pochved2207004Gabov:text:raw:p:soil:17"", ""spatial_linkage"": ""document_single_reported_coordinate""}
3 и ГОСТ 11306-2013 при помощи мотобурения с использованием оригинальных пробоотборников в 2015–2017 гг. Описания поч- венных разрезов приведены ниже. Р-1 – торфяная олиготрофная (мерзлотная) почва (бугров) (табл. 1). Разрез заложен на участ- ке крупного торфяного бугра с хорошо развитой кустарничково-моховой растительностью, диа- метр бугра около 12 м. В покрове вороника, брус- ника, голубика, морошка, зел",Pochved2207004Gabov.txt
profile:prose:8ef9434ede94baa3f059,site:pochvovedenie:Pochved2207004Gabov:text:raw:degree_decimal_minutes_russian_cardinal:0,65.9,60.43333333333333,reported,pochvovedenie,pochvovedenie:Pochved2207004Gabov,РАСПРЕДЕЛЕНИЕ н-АЛКАНОВ,,2022,,,,торфяной,Russian/national term (unverified),,Prose profile descriptor linked at document level because this document contains one reported Russian coordinate; it is not a row-level or independently surveyed pit coordinate.,"{""profile_candidate_id"": ""pochvovedenie:Pochved2207004Gabov:text:raw:p:soil:27"", ""spatial_linkage"": ""document_single_reported_coordinate""}
езов Р-1 и Р-2 темно-коричневый, более разложив- шийся для почв на эродированном торфяном пятне. В центральной части профилей торф сла- бо- и среднеразложившийся, в эвтрофном типе торфяной залежи степень разложения (R) увели- чивается вниз по профилю, достигая 45–50%. В пределах сезонно-талого слоя (СТС) образцы торфа олиготрофной и мезоолиготрофной части разрезов на бугре (Р-1, Р-2) кислые с pH 3.5–4.1, ",Pochved2207004Gabov.txt
profile:prose:95f56341b4e147a2c60b,site:pochvovedenie:Pochved2207004Gabov:text:raw:degree_decimal_minutes_russian_cardinal:0,65.9,60.43333333333333,reported,pochvovedenie,pochvovedenie:Pochved2207004Gabov,РАСПРЕДЕЛЕНИЕ н-АЛКАНОВ,,2022,,,,торфяного,Russian/national term (unverified),,Prose profile descriptor linked at document level because this document contains one reported Russian coordinate; it is not a row-level or independently surveyed pit coordinate.,"{""profile_candidate_id"": ""pochvovedenie:Pochved2207004Gabov:text:raw:p:soil:21"", ""spatial_linkage"": ""document_single_reported_coordinate""}
 – карликовая береза. Корни растений проникают до глубины залегания мерзлоты (40– 44 см). Р-2 – торфяная олиготрофная деструктивная (мерзлотная) почва. Разрез заложен ближе к краю торфяного бугра, в 5 м к западу от Р-1, на оголен- ном торфяном пятне, лишенном растительного покрова. Площадь торфяного пятна ~6 м2, на по- верхности пятна четко выражено криогенное растрескивание и участки микропучения верх- не",Pochved2207004Gabov.txt
profile:prose:96d0525a7d886e1ef398,site:pochvovedenie:Pochved2207004Gabov:text:raw:degree_decimal_minutes_russian_cardinal:0,65.9,60.43333333333333,reported,pochvovedenie,pochvovedenie:Pochved2207004Gabov,РАСПРЕДЕЛЕНИЕ н-АЛКАНОВ,,2022,,,,торфяного,Russian/national term (unverified),,Prose profile descriptor linked at document level because this document contains one reported Russian coordinate; it is not a row-level or independently surveyed pit coordinate.,"{""profile_candidate_id"": ""pochvovedenie:Pochved2207004Gabov:text:raw:p:soil:12"", ""spatial_linkage"": ""document_single_reported_coordinate""}
ная олиго- трофная (мерзлотная) почва (бугров) (Fibric Folic Cryic Histosols – согласно классификации WRB 2015 г.) (Р-1), торфяная олиготрофная деструк- тивная (мерзлотная) почва (торфяного пятна) (Fibric Folic Cryic Histosols (Turbic)) (Р-2), торфя- ная олиготрофная почва (мочажин) (Fibric Floatic Histosol) (Р-3). Координаты: 65°54′ с. ш. 60°26′ в. д. Разрезы заложены приблизительно в 11 км на юго-восток ",Pochved2207004Gabov.txt
profile:prose:9a12ad49f91a31e347f1,site:pochvovedenie:Pochved2203014Yakovleva:text:raw:dms:l:1,67.75483333333334,63.29255555555555,reported,pochvovedenie,pochvovedenie:Pochved2203014Yakovleva,ФОРМИРОВАНИЕ СОСТАВА ПОЛИЦИКЛИЧЕСКИХ АРОМАТИЧЕСКИХ,,2022,,,,мерзлотного,Russian/national term (unverified),,Prose profile descriptor linked at document level because this document contains one reported Russian coordinate; it is not a row-level or independently surveyed pit coordinate.,"{""profile_candidate_id"": ""pochvovedenie:Pochved2203014Yakovleva:text:raw:p:soil:55"", ""spatial_linkage"": ""document_single_reported_coordinate""}
лое многолетней мерзлоты массовая доля ПАУ уменьшается до 4124 нг/г. Для торфа мочажин также характерна обратная тен- денция в накоплении нафталина и бенз[ghi]пери- лена. Торфяник мерзлотного бугра до глубины 25 см формируется как низинное болото, далее торфооб- разование проходит по верховому типу (рис. S1). Ботанический состав верхнего горизонта до 10 см представлен в основном Polytrichum sp., степень разл",Pochved2203014Yakovleva.txt
profile:prose:9e4df75e743819049323,site:pochvovedenie:Pochved2204009Grodnitskaya:text:raw:dms:l:0,60.87277777777778,89.40444444444445,reported,pochvovedenie,pochvovedenie:Pochved2204009Grodnitskaya,ВЛИЯНИЕ ЛЕСНЫХ ПОЖАРОВ НА МИКРОБИОЛОГИЧЕСКИЕ,,2022,,,,подзолов,Russian/national term (unverified),,Prose profile descriptor linked at document level because this document contains one reported Russian coordinate; it is not a row-level or independently surveyed pit coordinate.,"{""profile_candidate_id"": ""pochvovedenie:Pochved2204009Grodnitskaya:text:raw:p:soil:101"", ""spatial_linkage"": ""document_single_reported_coordinate""}
ковой непи- рогенных. Существенный вклад в освоение пиро- генных горизонтов торфяных олиготрофных почв вносят представители Proteobacteria, Euryarchaeota и Thaumarchaeota, торфяно-подзолов – Proteobacteria, Microgenomates, Actinobacteria и Thaumarchaeota. Гри- бы развиваются лучше в непирогенных горизонтах, в то время как в пирогенных их количество и био- разнообразие снижено. В состав микобиомов верх- не",Pochved2204009Grodnitskaya.txt
profile:prose:a6207ba0dd5b6392146a,site:pochvovedenie:Pochved2207004Gabov:text:raw:degree_decimal_minutes_russian_cardinal:0,65.9,60.43333333333333,reported,pochvovedenie,pochvovedenie:Pochved2207004Gabov,РАСПРЕДЕЛЕНИЕ н-АЛКАНОВ,,2022,,,,мерзлотная,Russian/national term (unverified),,Prose profile descriptor linked at document level because this document contains one reported Russian coordinate; it is not a row-level or independently surveyed pit coordinate.,"{""profile_candidate_id"": ""pochvovedenie:Pochved2207004Gabov:text:raw:p:soil:11"", ""spatial_linkage"": ""document_single_reported_coordinate""}
сследования – торфяная олиго- трофная (мерзлотная) почва (бугров) (Fibric Folic Cryic Histosols – согласно классификации WRB 2015 г.) (Р-1), торфяная олиготрофная деструк- тивная (мерзлотная) почва (торфяного пятна) (Fibric Folic Cryic Histosols (Turbic)) (Р-2), торфя- ная олиготрофная почва (мочажин) (Fibric Floatic Histosol) (Р-3). Координаты: 65°54′ с. ш. 60°26′ в. д. Разрезы заложены приблизительно в 11",Pochved2207004Gabov.txt
profile:prose:a7786abe0bc95c4e68c6,site:pochvovedenie:Pochved2207004Gabov:text:raw:degree_decimal_minutes_russian_cardinal:0,65.9,60.43333333333333,reported,pochvovedenie,pochvovedenie:Pochved2207004Gabov,РАСПРЕДЕЛЕНИЕ н-АЛКАНОВ,,2022,,,,торфяная,Russian/national term (unverified),,Prose profile descriptor linked at document level because this document contains one reported Russian coordinate; it is not a row-level or independently surveyed pit coordinate.,"{""profile_candidate_id"": ""pochvovedenie:Pochved2207004Gabov:text:raw:p:soil:19"", ""spatial_linkage"": ""document_single_reported_coordinate""}
 зеленые мхи (pp. Dicra- num, Polytricum) и лишайники (p. Cladina), по кра- ям бугра – карликовая береза. Корни растений проникают до глубины залегания мерзлоты (40– 44 см). Р-2 – торфяная олиготрофная деструктивная (мерзлотная) почва. Разрез заложен ближе к краю торфяного бугра, в 5 м к западу от Р-1, на оголен- ном торфяном пятне, лишенном растительного покрова. Площадь торфяного пятна ~6 м2, на по- вер",Pochved2207004Gabov.txt
profile:prose:a93547f78388771af434,site:pochvovedenie:Pochved2207004Gabov:text:raw:degree_decimal_minutes_russian_cardinal:0,65.9,60.43333333333333,reported,pochvovedenie,pochvovedenie:Pochved2207004Gabov,РАСПРЕДЕЛЕНИЕ н-АЛКАНОВ,,2022,,,,Histosol,WRB,,Prose profile descriptor linked at document level because this document contains one reported Russian coordinate; it is not a row-level or independently surveyed pit coordinate.,"{""profile_candidate_id"": ""pochvovedenie:Pochved2207004Gabov:text:raw:p:soil:13"", ""spatial_linkage"": ""document_single_reported_coordinate""}
, торфяная олиготрофная деструк- тивная (мерзлотная) почва (торфяного пятна) (Fibric Folic Cryic Histosols (Turbic)) (Р-2), торфя- ная олиготрофная почва (мочажин) (Fibric Floatic Histosol) (Р-3). Координаты: 65°54′ с. ш. 60°26′ в. д. Разрезы заложены приблизительно в 11 км на юго-восток от ст. В. Инта (рис. 1). Многолетняя мерзлота в теплое время года находится на глуби- не 40–50 см в почвах, покрытых ра",Pochved2207004Gabov.txt
profile:prose:aa116a4350a99d8bef51,site:pochvovedenie:Pochved2204009Grodnitskaya:text:raw:dms:l:0,60.87277777777778,89.40444444444445,reported,pochvovedenie,pochvovedenie:Pochved2204009Grodnitskaya,ВЛИЯНИЕ ЛЕСНЫХ ПОЖАРОВ НА МИКРОБИОЛОГИЧЕСКИЕ,,2022,,,,торфяных,Russian/national term (unverified),,Prose profile descriptor linked at document level because this document contains one reported Russian coordinate; it is not a row-level or independently surveyed pit coordinate.,"{""profile_candidate_id"": ""pochvovedenie:Pochved2204009Grodnitskaya:text:raw:p:soil:21"", ""spatial_linkage"": ""document_single_reported_coordinate""}
альной почвы. Верхний аэрируемый слой торфа представляет со- бой современную стадию почвообразования, ни- жележащие слои – предшествующие стадии раз- вития. Генетические горизонты торфяных почв выделяли по ботаническому составу торфа, степе- ни его разложения и кислотности. В почвенных профилях всех участков на различной глубине об- наружены признаки пожаров (пирогенные слои). В настоящей работе приводим ",Pochved2204009Grodnitskaya.txt
profile:prose:ad9832742a677dd6b1a7,site:pochvovedenie:Pochved2203014Yakovleva:text:raw:dms:l:1,67.75483333333334,63.29255555555555,reported,pochvovedenie,pochvovedenie:Pochved2203014Yakovleva,ФОРМИРОВАНИЕ СОСТАВА ПОЛИЦИКЛИЧЕСКИХ АРОМАТИЧЕСКИХ,,2022,,,,торфяника,Russian/national term (unverified),,Prose profile descriptor linked at document level because this document contains one reported Russian coordinate; it is not a row-level or independently surveyed pit coordinate.,"{""profile_candidate_id"": ""pochvovedenie:Pochved2203014Yakovleva:text:raw:p:soil:99"", ""spatial_linkage"": ""document_single_reported_coordinate""}
немерзлых породах. Пи- ковых значений ПАУ в торфе мочажины не выяв- лено. До глубины 60 см имеет место обратная связь в накоплении нафталина и бенз[ghi]перилена. Верхние горизонты торфяника бугра форми- руются как верховое болото (рис. S7). В ботаниче- ском составе слоя 0–28 см господствуют Eriopho- rum sp. и в меньшей степени Sphagnum sp. Представ- ленный главным образом легко разлагаемыми травами [3], сл",Pochved2203014Yakovleva.txt
profile:prose:af7b13a1084a4e4c11c7,site:pochvovedenie:Pochved2202008Loiko:text:raw:dms:l:0,60.40897222222222,73.94630555555555,reported,pochvovedenie,pochvovedenie:Pochved2202008Loiko,ДРЕВЕСНЫЕ УГЛИ В ПОДЗОЛАХ СРЕДНЕЙ ТАЙГИ ЗАПАДНОЙ СИБИРИ,,2022,,,,подзолов,Russian/national term (unverified),,Prose profile descriptor linked at document level because this document contains one reported Russian coordinate; it is not a row-level or independently surveyed pit coordinate.,"{""profile_candidate_id"": ""pochvovedenie:Pochved2202008Loiko:text:raw:p:soil:13"", ""spatial_linkage"": ""document_single_reported_coordinate""}
я калибровки использо- вали он-лайн версию программы OxCal 4.4 с ка- либровочной шкалой IntCal20 [83]. РЕЗУЛЬТАТЫ Морфоны и горизонты подзолов. Средняя фор- мула профиля изученных подзолов (рис. 2a): Opyr(0–2)–E(2–29)–BF1y(29–38)–BF2y(38–45)– BCff(45+). Глубины границ горизонтов сильно варьируют. Средняя глубина нижней границы гор. E составляет (среднее ± стандартное отклоне- ние) – 28.7 ± 15.6, п/гор. BF",Pochved2202008Loiko.txt
profile:prose:b5d2abfa0dd059db80f8,site:pochvovedenie:Pochved2210047KLIMENKO:text:raw:dms:l:0,45.659055555555554,34.34513888888889,reported,pochvovedenie,pochvovedenie:Pochved2210047KLIMENKO,ИЗМЕНЕНИЕ СОЛЕВОГО СОСТАВА ПОЧВ ПРИ ОРОШЕНИИ,,2022,,,,,,пашня,Prose profile descriptor linked at document level because this document contains one reported Russian coordinate; it is not a row-level or independently surveyed pit coordinate.,"{""profile_candidate_id"": ""pochvovedenie:Pochved2210047KLIMENKO:text:raw:p:land:48"", ""spatial_linkage"": ""document_single_reported_coordinate""}
B-2015 [40]. Краткое морфологическое описание части почвенного профиля, вскрытого разрезом Т6а, заложенном в 1 м от дерева яблони, 70 см от ли- нии ряда, поверхность почвы ровная, пашня, вскипание от HCl с поверхности и по всему про- филю. Координаты 45°39′32.6″ N, 34°20′42.5″ E, высота над ур. м. 37 м (рис. 2). kr,ca, 0–1 см, осветленная корка, белесый, уплотненный, влажноватый, легкоглинистый, много ",Pochved2210047KLIMENKO.txt
profile:prose:b9500f4a4961a62a2b64,site:pochvovedenie:Pochved2204009Grodnitskaya:text:raw:dms:l:0,60.87277777777778,89.40444444444445,reported,pochvovedenie,pochvovedenie:Pochved2204009Grodnitskaya,ВЛИЯНИЕ ЛЕСНЫХ ПОЖАРОВ НА МИКРОБИОЛОГИЧЕСКИЕ,,2022,,,,глеевых,Russian/national term (unverified),,Prose profile descriptor linked at document level because this document contains one reported Russian coordinate; it is not a row-level or independently surveyed pit coordinate.,"{""profile_candidate_id"": ""pochvovedenie:Pochved2204009Grodnitskaya:text:raw:p:soil:47"", ""spatial_linkage"": ""document_single_reported_coordinate""}
нижалась по профилю. Торфяные олиго- трофные почвы (FHS1 и FHS2) характеризуются сильнокислой и кислой реакцией среды (рНводн 3.3–5.0). В органогенных горизонтах торфяно- подзолов глеевых (PZ1 и PZ2) кислотность близ- ка к олиготрофным почвам – (рНводн 3.8–4.0), минеральные горизонты менее кислые – от 4.8– 5.9 (табл. 2). Для органогенных горизонтов всех разрезов характерна низкая зольность (массовая доля",Pochved2204009Grodnitskaya.txt
profile:prose:ba71e3dc938ebad270fd,site:pochvovedenie:Pochved2203014Yakovleva:text:raw:dms:l:1,67.75483333333334,63.29255555555555,reported,pochvovedenie,pochvovedenie:Pochved2203014Yakovleva,ФОРМИРОВАНИЕ СОСТАВА ПОЛИЦИКЛИЧЕСКИХ АРОМАТИЧЕСКИХ,,2022,,,,Торфяная,Russian/national term (unverified),,Prose profile descriptor linked at document level because this document contains one reported Russian coordinate; it is not a row-level or independently surveyed pit coordinate.,"{""profile_candidate_id"": ""pochvovedenie:Pochved2203014Yakovleva:text:raw:p:soil:21"", ""spatial_linkage"": ""document_single_reported_coordinate""}
 моча- жин. Болотный массив представляет собой буг- ристо-мочажинный комплекс с термокарстовы- ми озерами. В границах болота преобладают по площади торфяные бугры различной формы. Торфяная олиготрофная (мерзлотная) почва бугров (уч. 1). Hemic Folic Cryic Histosol. Коорди- наты: 67°03′ N, 62°56′ E. Почва описана в 7 км к юго-западу от ст. Сейда. Разрез заложен на бугре диаметром 10–12 м. Высота бугра 0.5–1",Pochved2203014Yakovleva.txt
profile:prose:bd4ace2a20e1898f2a08,site:pochvovedenie:Pochved2207004Gabov:text:raw:degree_decimal_minutes_russian_cardinal:0,65.9,60.43333333333333,reported,pochvovedenie,pochvovedenie:Pochved2207004Gabov,РАСПРЕДЕЛЕНИЕ н-АЛКАНОВ,,2022,,,,торфяном,Russian/national term (unverified),,Prose profile descriptor linked at document level because this document contains one reported Russian coordinate; it is not a row-level or independently surveyed pit coordinate.,"{""profile_candidate_id"": ""pochvovedenie:Pochved2207004Gabov:text:raw:p:soil:26"", ""spatial_linkage"": ""document_single_reported_coordinate""}
плекса. Многолетняя мерзлота до глубины 160 см отсутствует. Торф в верхней части профилей почв разрезов Р-1 и Р-2 темно-коричневый, более разложив- шийся для почв на эродированном торфяном пятне. В центральной части профилей торф сла- бо- и среднеразложившийся, в эвтрофном типе торфяной залежи степень разложения (R) увели- чивается вниз по профилю, достигая 45–50%. В пределах сезонно-талого слоя (СТС) обр",Pochved2207004Gabov.txt
profile:prose:c34a2513e7c929eea5f7,site:pochvovedenie:Pochved2203014Yakovleva:text:raw:dms:l:1,67.75483333333334,63.29255555555555,reported,pochvovedenie,pochvovedenie:Pochved2203014Yakovleva,ФОРМИРОВАНИЕ СОСТАВА ПОЛИЦИКЛИЧЕСКИХ АРОМАТИЧЕСКИХ,,2022,,,,торфяном,Russian/national term (unverified),,Prose profile descriptor linked at document level because this document contains one reported Russian coordinate; it is not a row-level or independently surveyed pit coordinate.,"{""profile_candidate_id"": ""pochvovedenie:Pochved2203014Yakovleva:text:raw:p:soil:35"", ""spatial_linkage"": ""document_single_reported_coordinate""}
 Warnstorfia fluitans. Торфяная олиготрофная (мерзлотная) почва бугров (уч. 2б). Fibric Folic Cryic Histosol. Коорди- наты: 67°45′17.4″ N, 63°17′33.2″ E. Разрез заложен на плоском торфяном плато на территории НАО в 28 км к СЗ от п. Воргашор, 3.5 км к западу от оз. Лекъямботы, в бассейне р. Лекъямбо-Ты-Вис. Глубина залегания многолетней мерзлоты – 26 см. Поверхность плато имеет бугорковатый микроре- льеф, ",Pochved2203014Yakovleva.txt
profile:prose:c374ed70a95538196dca,site:pochvovedenie:Pochved2204009Grodnitskaya:text:raw:dms:l:0,60.87277777777778,89.40444444444445,reported,pochvovedenie,pochvovedenie:Pochved2204009Grodnitskaya,ВЛИЯНИЕ ЛЕСНЫХ ПОЖАРОВ НА МИКРОБИОЛОГИЧЕСКИЕ,,2022,,,,торфяно,Russian/national term (unverified),,Prose profile descriptor linked at document level because this document contains one reported Russian coordinate; it is not a row-level or independently surveyed pit coordinate.,"{""profile_candidate_id"": ""pochvovedenie:Pochved2204009Grodnitskaya:text:raw:p:soil:59"", ""spatial_linkage"": ""document_single_reported_coordinate""}
02 0.19 10.93 1.2 98.3  460 ПОЧВОВЕДЕНИЕ   № 4   2022 ГРОДНИЦКАЯ и др. ногенных горизонтах (за исключением горизон- тов TO) не превышает 0.3 смоль (экв)/кг. Органогенные горизонты торфяно-подзолов (PZ1 и PZ2) характеризуются более высокими концентрациями обменного Ca: в PZ1 – 5.0–9.4, в PZ2 – 1.9–6.8 смоль (экв)/кг. Концентрации Mg2+, K+ и Na+ в целом повторяют профильные закономерности распределения обм",Pochved2204009Grodnitskaya.txt
profile:prose:c63c9ebe8b123ebc7d59,site:pochvovedenie:Pochved2202008Loiko:text:raw:dms:l:0,60.40897222222222,73.94630555555555,reported,pochvovedenie,pochvovedenie:Pochved2202008Loiko,ДРЕВЕСНЫЕ УГЛИ В ПОДЗОЛАХ СРЕДНЕЙ ТАЙГИ ЗАПАДНОЙ СИБИРИ,,2022,,,,подзола,Russian/national term (unverified),,Prose profile descriptor linked at document level because this document contains one reported Russian coordinate; it is not a row-level or independently surveyed pit coordinate.,"{""profile_candidate_id"": ""pochvovedenie:Pochved2202008Loiko:text:raw:p:soil:16"", ""spatial_linkage"": ""document_single_reported_coordinate""}
асти пят- нистого полиморфона на уровне горизонта BC.  180 ПОЧВОВЕДЕНИЕ   № 2   2022 ЛОЙКО и др. Рис. 2. Подзол иллювиально-железистый и основные морфоны: a – фоновая часть ареала подзола без крупных мор- фонов с малыми “e” карманами и язычками; b – крупный язык с оруденением (до 130 см); c – крупный карман (до 42 см), заканчивающийся языком; d – подвешенный морфон иллювиального горизонта в горизонте E; ",Pochved2202008Loiko.txt
profile:prose:c89629348a32b09a36bc,site:pochvovedenie:Pochved2201004Fokina:text:raw:dms:l:3,63.07058333333334,179.37347222222223,reported,pochvovedenie,pochvovedenie:Pochved2201004Fokina,БИОЛОГИЧЕСКАЯ АКТИВНОСТЬ И ХИМИЧЕСКИЕ СВОЙСТВА,,2022,,,,торфянисто,Russian/national term (unverified),,Prose profile descriptor linked at document level because this document contains one reported Russian coordinate; it is not a row-level or independently surveyed pit coordinate.,"{""profile_candidate_id"": ""pochvovedenie:Pochved2201004Fokina:text:raw:p:soil:9"", ""spatial_linkage"": ""document_single_reported_coordinate""}
tre), иван-чай (Cha- maenerion angustifolium) и полынь (Artemisia spp.) 4 63°04′14.1″ N, 179°22′24.5″ E Условно фоновый участок на расстоянии 700 м от поселка Беринговский;  почвы торфянисто-глеевые, органогенный горизонт мощностью 10 см; расти- тельность представлена сообществами с участием ольхового стланика (Dus- chekia kamtschatica), рододендрона золотистого (Rhododendron aureum),  вороники, арктоуса (A",Pochved2201004Fokina.txt
profile:prose:cea77b1bc43015263a25,site:pochvovedenie:Pochved2211011Ovchinnikov:text:raw:dms:l:1,50.1575,48.52583333333333,reported,pochvovedenie,pochvovedenie:Pochved2211011Ovchinnikov,ПОЧВЕННО-ЭКОЛОГИЧЕСКИЕ УСЛОВИЯ НА ТЕРРИТОРИЯХ,,2022,,,,Cambisol,WRB,,Prose profile descriptor linked at document level because this document contains one reported Russian coordinate; it is not a row-level or independently surveyed pit coordinate.,"{""profile_candidate_id"": ""pochvovedenie:Pochved2211011Ovchinnikov:text:raw:p:soil:2"", ""spatial_linkage"": ""document_single_reported_coordinate""}
ий “Алгай” и “Орошаемое”, возраст которых составляет при- мерно VII–Vтыс. лет до н. э. (рис. 1). Современ- ные почвы региона представлены светло-кашта- новыми карбонатными (Eutric Cambisol (Loamic, Protocalcic, Ochric)), в разрезах археологических раскопов – антропогенно-преобразованными почвами [19, 20, 36]. В работе применен следующий комплекс ме- тодов. Сравнительно-географический метод использо- вали ",Pochved2211011Ovchinnikov.txt
profile:prose:d2d69eea453782deb61d,site:pochvovedenie:Pochved2210047KLIMENKO:text:raw:dms:l:0,45.659055555555554,34.34513888888889,reported,pochvovedenie,pochvovedenie:Pochved2210047KLIMENKO,ИЗМЕНЕНИЕ СОЛЕВОГО СОСТАВА ПОЧВ ПРИ ОРОШЕНИИ,,2022,Л11б,,,,,саду,Prose profile descriptor linked at document level because this document contains one reported Russian coordinate; it is not a row-level or independently surveyed pit coordinate.,"{""profile_candidate_id"": ""pochvovedenie:Pochved2210047KLIMENKO:text:raw:p:land:50"", ""spatial_linkage"": ""document_single_reported_coordinate""}
l– Pel,sn–P2sn,ad–P3sn–BCAnc,sn–BCAnc,q–BCca,q, Cca,cs [19], или лугово-каштановая солонцеватая [18], или Luvic Kastanozem (Aric, Loamic, Proto- sodic) [40]. Разрез Л11б заложен в саду персика на ровном месте, координаты 45°49′08.2″ N и 34°14′58.5″ E, 20 м над ур. м. (рис. S1). Карбонаты выщелочены до глубины 44 см. В верхнем слое 0–1 см (kr,el) появляются признаки солонцеватости – освет- ленная корка",Pochved2210047KLIMENKO.txt
profile:prose:d70f6393b6455a1a6a20,site:pochvovedenie:Pochved2210047KLIMENKO:text:raw:dms:l:0,45.659055555555554,34.34513888888889,reported,pochvovedenie,pochvovedenie:Pochved2210047KLIMENKO,ИЗМЕНЕНИЕ СОЛЕВОГО СОСТАВА ПОЧВ ПРИ ОРОШЕНИИ,,2022,,,,,,садах,Prose profile descriptor linked at document level because this document contains one reported Russian coordinate; it is not a row-level or independently surveyed pit coordinate.,"{""profile_candidate_id"": ""pochvovedenie:Pochved2210047KLIMENKO:text:raw:p:land:57"", ""spatial_linkage"": ""document_single_reported_coordinate""}
ь некоторые различия в количе- стве токсичных солей по профилю почвы в на- саждениях персика и яблони. Так как плоды яб- Таблица 2. Химический состав вод из артезианских скважин в садах у сел Тимофеевка (участок 1) и Луганское (участок 2) Джанкойского района, 2019–2021 гг. Примечание. SARadj – уточненное значение SAR (sodium adsorption ratio) [27, 39]. Ион   во всех образцах отсутствовал. Дата отбора  ",Pochved2210047KLIMENKO.txt
profile:prose:dfffb88b2ce15e68bcbb,site:pochvovedenie:Pochved2207004Gabov:text:raw:degree_decimal_minutes_russian_cardinal:0,65.9,60.43333333333333,reported,pochvovedenie,pochvovedenie:Pochved2207004Gabov,РАСПРЕДЕЛЕНИЕ н-АЛКАНОВ,,2022,,,,торфяном,Russian/national term (unverified),,Prose profile descriptor linked at document level because this document contains one reported Russian coordinate; it is not a row-level or independently surveyed pit coordinate.,"{""profile_candidate_id"": ""pochvovedenie:Pochved2207004Gabov:text:raw:p:soil:22"", ""spatial_linkage"": ""document_single_reported_coordinate""}
ны залегания мерзлоты (40– 44 см). Р-2 – торфяная олиготрофная деструктивная (мерзлотная) почва. Разрез заложен ближе к краю торфяного бугра, в 5 м к западу от Р-1, на оголен- ном торфяном пятне, лишенном растительного покрова. Площадь торфяного пятна ~6 м2, на по- верхности пятна четко выражено криогенное растрескивание и участки микропучения верх- него слоя торфа. На поверхности пятна единич- но встрече",Pochved2207004Gabov.txt
profile:prose:e4736008b6503a13be51,site:pochvovedenie:Pochved2203014Yakovleva:text:raw:dms:l:1,67.75483333333334,63.29255555555555,reported,pochvovedenie,pochvovedenie:Pochved2203014Yakovleva,ФОРМИРОВАНИЕ СОСТАВА ПОЛИЦИКЛИЧЕСКИХ АРОМАТИЧЕСКИХ,,2022,,,,торфяные,Russian/national term (unverified),,Prose profile descriptor linked at document level because this document contains one reported Russian coordinate; it is not a row-level or independently surveyed pit coordinate.,"{""profile_candidate_id"": ""pochvovedenie:Pochved2203014Yakovleva:text:raw:p:soil:20"", ""spatial_linkage"": ""document_single_reported_coordinate""}
 и в торфяной олиготрофной почве моча- жин. Болотный массив представляет собой буг- ристо-мочажинный комплекс с термокарстовы- ми озерами. В границах болота преобладают по площади торфяные бугры различной формы. Торфяная олиготрофная (мерзлотная) почва бугров (уч. 1). Hemic Folic Cryic Histosol. Коорди- наты: 67°03′ N, 62°56′ E. Почва описана в 7 км к юго-западу от ст. Сейда. Разрез заложен на бугре диаме",Pochved2203014Yakovleva.txt
profile:prose:e57b5247f95aa77a8ead,site:pochvovedenie:Pochved2210047KLIMENKO:text:raw:dms:l:0,45.659055555555554,34.34513888888889,reported,pochvovedenie,pochvovedenie:Pochved2210047KLIMENKO,ИЗМЕНЕНИЕ СОЛЕВОГО СОСТАВА ПОЧВ ПРИ ОРОШЕНИИ,,2022,Л11б,,,Kastanozem,WRB,,Prose profile descriptor linked at document level because this document contains one reported Russian coordinate; it is not a row-level or independently surveyed pit coordinate.,"{""profile_candidate_id"": ""pochvovedenie:Pochved2210047KLIMENKO:text:raw:p:soil:16"", ""spatial_linkage"": ""document_single_reported_coordinate""}
немощный легкоглинистый на лессовидных глинах, формула профиля: kr,el– Pel,sn–P2sn,ad–P3sn–BCAnc,sn–BCAnc,q–BCca,q, Cca,cs [19], или лугово-каштановая солонцеватая [18], или Luvic Kastanozem (Aric, Loamic, Proto- sodic) [40]. Разрез Л11б заложен в саду персика на ровном месте, координаты 45°49′08.2″ N и 34°14′58.5″ E, 20 м над ур. м. (рис. S1). Карбонаты выщелочены до глубины 44 см. В верхнем слое 0–1 см (k",Pochved2210047KLIMENKO.txt
profile:prose:e62f6ce651ab53a3c673,site:pochvovedenie:Pochved2201004Fokina:text:raw:dms:l:3,63.07058333333334,179.37347222222223,reported,pochvovedenie,pochvovedenie:Pochved2201004Fokina,БИОЛОГИЧЕСКАЯ АКТИВНОСТЬ И ХИМИЧЕСКИЕ СВОЙСТВА,,2022,,,,глеевые,Russian/national term (unverified),,Prose profile descriptor linked at document level because this document contains one reported Russian coordinate; it is not a row-level or independently surveyed pit coordinate.,"{""profile_candidate_id"": ""pochvovedenie:Pochved2201004Fokina:text:raw:p:soil:8"", ""spatial_linkage"": ""document_single_reported_coordinate""}
в Cetraria  islandica, Stereocaulon alpinum, S. glareosum, S. tomentosum и Thamnolia subuliformis 3 63°03′56.2″ N, 179°21′33.9″ E Участок вблизи угольного склада; почвы торфянисто-глеевые, органогенный  горизонт нарушен; в растительном покрове наряду с сорно-рудеральными  видами, характерными для участка 2, появляются “аборигенные” виды – воро- ника (Empetrum subholarcticum), багульник (Ledum palustre), ",Pochved2201004Fokina.txt
profile:prose:e7f5da6d2304809e73fd,site:pochvovedenie:Pochved2203014Yakovleva:text:raw:dms:l:1,67.75483333333334,63.29255555555555,reported,pochvovedenie,pochvovedenie:Pochved2203014Yakovleva,ФОРМИРОВАНИЕ СОСТАВА ПОЛИЦИКЛИЧЕСКИХ АРОМАТИЧЕСКИХ,,2022,,,,торфяное,Russian/national term (unverified),,Prose profile descriptor linked at document level because this document contains one reported Russian coordinate; it is not a row-level or independently surveyed pit coordinate.,"{""profile_candidate_id"": ""pochvovedenie:Pochved2203014Yakovleva:text:raw:p:soil:39"", ""spatial_linkage"": ""document_single_reported_coordinate""}
 р. Dicranum, р. Cladonia. Торфяная олиготрофная (мерзлотная) почва мо- чажин (уч. 2б). Fibric Floatic Cryic Histosol. Разрез заложен в центре естественной трещины, пересе- кающей торфяное плато, в 30 м к юго-западу от разреза Р-2б-1. Ширина трещины 1–1.5 м, длина – 25–30 м. Глубина залегания многолетней мерзло- ты – 80 см. Микрорельеф практически не выра- жен, участок ровный без видимых гряд. В расти- те",Pochved2203014Yakovleva.txt
profile:prose:ebf3cc26842adf08a3a3,site:pochvovedenie:Pochved2204009Grodnitskaya:text:raw:dms:l:0,60.87277777777778,89.40444444444445,reported,pochvovedenie,pochvovedenie:Pochved2204009Grodnitskaya,ВЛИЯНИЕ ЛЕСНЫХ ПОЖАРОВ НА МИКРОБИОЛОГИЧЕСКИЕ,,2022,,,,торфяной,Russian/national term (unverified),,Prose profile descriptor linked at document level because this document contains one reported Russian coordinate; it is not a row-level or independently surveyed pit coordinate.,"{""profile_candidate_id"": ""pochvovedenie:Pochved2204009Grodnitskaya:text:raw:p:soil:91"", ""spatial_linkage"": ""document_single_reported_coordinate""}
оторофных почв и торфяно-подзолов показали, что пожары оказа- ли существенное влияние на их развитие. Отме- чено, что пирогенные горизонты торфяных почв отличаются от вмещающей их торфяной залежи, проявляющиеся в ряде химических свойств. Дан- ные горизонты отличаются по содержанию углеро- да и азота, обогащены зольными элементами. Это сказывается на развитии и активности микробных сообществ. Содержание ми",Pochved2204009Grodnitskaya.txt
profile:prose:fbe9a03337581db9dbaa,site:pochvovedenie:Pochved2210047KLIMENKO:text:raw:dms:l:0,45.659055555555554,34.34513888888889,reported,pochvovedenie,pochvovedenie:Pochved2210047KLIMENKO,ИЗМЕНЕНИЕ СОЛЕВОГО СОСТАВА ПОЧВ ПРИ ОРОШЕНИИ,,2022,Л11б,,,,,сад,Prose profile descriptor linked at document level because this document contains one reported Russian coordinate; it is not a row-level or independently surveyed pit coordinate.,"{""profile_candidate_id"": ""pochvovedenie:Pochved2210047KLIMENKO:text:raw:p:land:65"", ""spatial_linkage"": ""document_single_reported_coordinate""}
ого ботанического сада АААА-А20- 120111090087-0. КОНФЛИКТ ИНТЕРЕСОВ Авторы заявляют, что у них нет конфликта инте- ресов. ДОПОЛНИТЕЛЬНЫЕ МАТЕРИАЛЫ Рис. S1. Разрез Л11б (участок 2, сад персика). Таблица S1. Катионно-анионный состав водной вытяжки из агрозема аккумулятивно-карбонатного солонцеватого квазиглееватого, участок 2. Таблица S2. Состав гипотетических солей агрозема аккумулятивно-карбонатного ",Pochved2210047KLIMENKO.txt
profile:prose:ff925a3266cc9f981cc2,site:pochvovedenie:Pochved2204009Grodnitskaya:text:raw:dms:l:0,60.87277777777778,89.40444444444445,reported,pochvovedenie,pochvovedenie:Pochved2204009Grodnitskaya,ВЛИЯНИЕ ЛЕСНЫХ ПОЖАРОВ НА МИКРОБИОЛОГИЧЕСКИЕ,,2022,,,,торфяная,Russian/national term (unverified),,Prose profile descriptor linked at document level because this document contains one reported Russian coordinate; it is not a row-level or independently surveyed pit coordinate.,"{""profile_candidate_id"": ""pochvovedenie:Pochved2204009Grodnitskaya:text:raw:p:soil:30"", ""spatial_linkage"": ""document_single_reported_coordinate""}
тнами закиси железа. В основа- нии залежи обнаружены угли – 10%. В горизонтах ТО1–ТО5 степень разложения торфа низкая и средняя (5–10 и 10–25%), в ТO6–ТO11 высокая (30–35%). Почва торфяная олиготрофная [9], по международной классификации [32] она отнесе- на к Fibric Histosol. Участок PZ1 расположен на границе сосняка багульниково-сфагнового и верхового болота (60°44′53.8″ N, 89°00′18.5″ E, высота 121 м на",Pochved2204009Grodnitskaya.txt
profile:coordinate_first_label:096b75b7aedf19fcd2b4,site:pochvovedenie:Pochved2260141Sosorova:text:raw:degree_decimal_minutes:0,51.545366666666666,107.0432,reported,pochvovedenie,pochvovedenie:Pochved2260141Sosorova,СОРБЦИЯ ФОСФОРА ЗАСОЛЕННЫМИ ПОЧВАМИ,,2023,5,"солончак квазиглеевый сульфатный (So- lonchaks (Loamic, Sulfatic))",,,,,Explicit profile/pit label within 180 characters of an author-reported coordinate.,"{""spatial_linkage"": ""coordinate_local_explicit_profile_label"", ""coordinate_candidate_id"": ""pochvovedenie:Pochved2260141Sosorova:text:raw:degree_decimal_minutes:0"", ""label_distance_characters"": 234}
 3 (h = 505 м над ур. м., 51°46.423′ N, 107°22.828′ E) заложен в окрестностях села Хубис- хал Иволгинского района в 300 м от разреза 4 под чиевым сообществом. Почва – аллювиальная светлогумусовая засоленная. Fluvisols (Albic, Salic). Разрез 5 (Р.2-2022 г.) (h = 562 м над ур. м., 51°32.722′ N, 107°2.592′ E) заложен у правого бор- та озера Белое (Иволгинский район) под чиево- твердоватоосоково-разнотравным сообществом. Почва – солончак квазиглеевый сульфатный (So- lonchaks (Loamic, Sulfatic)). Разрез 1-2022 г. (h = 493 м над ур. м., 51°32.16′ N, 107°01.350′ E) заложен в 100 м на восток от Итиги- ловского источника на равнине, прилегающей к озеру Белому (Иволгинский район) под ири",Pochved2260141Sosorova.txt
profile:coordinate_first_label:0ad7f3fb7dfaae94e767,site:pochvovedenie:Pochved2360019Elizarov:text:raw:ru_abbr:decimal:3,54.023276,77.233769,reported,pochvovedenie,pochvovedenie:Pochved2360019Elizarov,ЗАСОЛЕНИЕ И ОСОЛОНЦЕВАНИЕ ПОЧВ РЕЧНЫХ ДОЛИН,,2023,1,,,,,,Explicit profile/pit label within 180 characters of an author-reported coordinate.,"{""spatial_linkage"": ""coordinate_local_explicit_profile_label"", ""coordinate_candidate_id"": ""pochvovedenie:Pochved2360019Elizarov:text:raw:ru_abbr:decimal:3"", ""label_distance_characters"": 93}
ок располагался на се- верном склоне гривы к р. Баган (п. Ивановка Ново- сибирской области). Разрез 1 заложен в элювиаль- ной части исследованного ландшафта на пахотном черноземе южном осолоделом маломощном ма- логумусном легкосуглинистом (54.023276° N, 77.233769° E). В транссупераквальном ландшафте заложены разрезы 2 (54.025837° N, 77.234112° E) и 3 (54.026018° N, 77.234051° E). Почва разреза 2 – луговая сильносолонцеватая маломощная мало- гумусная легкосуглинистая. Почва разреза 3 – со- лонец черноземно-луговой солончаковый высо- когипсовый мелкий среднесуглинистый (рис. 2). Хи",Pochved2360019Elizarov.txt
profile:coordinate_first_label:1a8187c3784ed4d5f231,site:pochvovedenie:Pochved2260100Patova:text:raw:dms:l:1,65.2225,60.325,reported,pochvovedenie,pochvovedenie:Pochved2260100Patova,ЦИАНОБАКТЕРИИ И ВОДОРОСЛИ БИОЛОГИЧЕСКИХ ПОЧВЕННЫХ,,2023,2,,,,,,Explicit profile/pit label within 180 characters of an author-reported coordinate.,"{""spatial_linkage"": ""coordinate_local_explicit_profile_label"", ""coordinate_candidate_id"": ""pochvovedenie:Pochved2260100Patova:text:raw:dms:l:1"", ""label_distance_characters"": 161}
 Площадь, м2* 1 2 3 4 Площадка 1 Пятнистая кустарничково- мохово-лишайниковая тундра 65°12′17.8″ N 60°16′0″ E Верхняя часть склона/до 5° 781 0.23 0.05 0.15 0.03 Площадка 2 Пятнистая ерниково-лишай- никово-моховая тундра 65°13′21″ N 60°19′30″ E Нижняя часть склона/выров- ненный участок 615 0.33 0.12 0.17 0.04  ПОЧВОВЕДЕНИЕ   № 2   2023 ЦИАНОБАКТЕРИИ И ВОДОРОСЛИ 213 на медальоны с БК здесь встречаются реже и за- нимают около 5% от ОПП и приурочены к межбугровым понижениям, где происходит акку- муляци",Pochved2260100Patova.txt
profile:coordinate_first_label:356366ce62f55923e4c8,site:pochvovedenie:Pochved2260060YAMNOVA:text:raw:ru_abbr:decimal:1,51.20619,56.89969,reported,pochvovedenie,pochvovedenie:Pochved2260060YAMNOVA,ГИПСОНОСНЫЕ ГАЖЕВЫЕ ПОЧВЫ,,2023,3,,,,,,Explicit profile/pit label within 180 characters of an author-reported coordinate.,"{""spatial_linkage"": ""coordinate_local_explicit_profile_label"", ""coordinate_candidate_id"": ""pochvovedenie:Pochved2260060YAMNOVA:text:raw:ru_abbr:decimal:1"", ""label_distance_characters"": 180}
и отложениями кунгурского яруса пермской системы, суммарная мощность пластов гипса достигает 500 м. Это степная зона. В качестве примера рассмотрим полугидро- морфный незасоленный разрез 3, заложенный у ручья Ащибляк (рис. 4a), координаты: 51.20619 N; 56.89969 E. Почва – гипсопетрозем гумусовый слаборазвитый (по КиДПР, [11]), по WRB [45] – Haplic Gypsisol (Hypergypsic, Bathypetrogypsic, Bathygleyic). Согласно классификации 1977 г. [12] – слаборазвитая высоко очень сильнозагипсован- ная глубокоглееватая почва. Характерной особенностью профиля является наличие мощного (>1 м) бе",Pochved2260060YAMNOVA.txt
profile:coordinate_first_label:56adf4e40454aaee1f90,site:pochvovedenie:Pochved2260086Desyatkin:text:raw:dms:l:1,68.06694444444445,151.78591666666665,reported,pochvovedenie,pochvovedenie:Pochved2260086Desyatkin,МЕРЗЛОТНЫЕ ПОЧВЫ БАССЕЙНА р. АЛАЗЕЯ:,,2023,Р-01,,,,,,Explicit profile/pit label within 180 characters of an author-reported coordinate.,"{""spatial_linkage"": ""coordinate_local_explicit_profile_label"", ""coordinate_candidate_id"": ""pochvovedenie:Pochved2260086Desyatkin:text:raw:dms:l:1"", ""label_distance_characters"": 189}
Бол. оз. Мал. Бол. Чукочья к р я ж  С уо р-У ят а к р я ж   У л а х а н - С и с гна-Таса енегорск ронцово о нд ако в ско е о ско го р ь е одах  134 ПОЧВОВЕДЕНИЕ   № 2   2023 ДЕСЯТКИН и др. Разрез Р-01.08.Al (координаты: 68°04′01.0″ N; 151°47′09.3″ E) заложен в 0.5 – 0.6 км на юго-запад от п. Сватай на территории злакового пушицево- вейникового приозерного луга котловины оз. Сватай. Индексы горизонтов профиля даны по классификации [12]. Морфологическое строение профиля: Аd (0–9 см) – плотно переплетенный ",Pochved2260086Desyatkin.txt
profile:coordinate_first_label:578d6b0fe0716fddc74a,site:pochvovedenie:Pochved2360052Zamotaev:text:raw:degree_decimal_minutes_cardinal:6,51.63953333333333,35.50665,reported,pochvovedenie,pochvovedenie:Pochved2360052Zamotaev,ПОЧВООБРАЗОВАНИЕ НА ОТХОДАХ САХАРНОЙ ПРОМЫШЛЕННОСТИ,,2023,PN-03-2021,темногумусовая арти-стратифицированная на артифимострате,"AUdc–AU–ТСНca,rr–ТСН2-7ca,rr,(rh),(q)",,,,Explicit profile/pit label within 180 characters of an author-reported coordinate.,"{""spatial_linkage"": ""coordinate_local_explicit_profile_label"", ""coordinate_candidate_id"": ""pochvovedenie:Pochved2360052Zamotaev:text:raw:degree_decimal_minutes_cardinal:6"", ""label_distance_characters"": 261}
Е/г [56]. II-2. В сухих днищах, заброшенных с неуда- ленным осадком сточных вод карт ПФ Пенского сахарного завода, исследованы почвы на тонко- слоистых минеральных и органических отходах сахарного производства. Карты не затапливаются к моменту описания 20 лет. Разрез PN-03-2021 (51°38.372′ N; 35°30.399′ E) описан под плотными зарослями крапивы двудомной (асс. Urtica dioica); формула профиля: AUdc–AU–ТСНca,rr–ТСН2- 7 ca,rr,(rh),(q) (рис. 2b). Почва определена нами как темногумусовая арти-стратифицированная на артифимострате [23, 30]. По классификации WRB [52], почву можно отнести к Spolic Techno- sols (Alkalic, Calcaric) с некоторым допущением, поскольку слоистость как квалифика",Pochved2360052Zamotaev.txt
profile:coordinate_first_label:6464e9e18a70203b09e6,site:pochvovedenie:Pochved2360052Zamotaev:text:raw:degree_decimal_minutes_cardinal:4,51.626733333333334,35.250233333333334,reported,pochvovedenie,pochvovedenie:Pochved2360052Zamotaev,ПОЧВООБРАЗОВАНИЕ НА ОТХОДАХ САХАРНОЙ ПРОМЫШЛЕННОСТИ,,2023,LG-10-20,перегнойно-гумусовая квазиглеевая арти- стратифицированная,"AHca,dc–ТСНca,rr–Q1–Q2mc",,,,Explicit profile/pit label within 180 characters of an author-reported coordinate.,"{""spatial_linkage"": ""coordinate_local_explicit_profile_label"", ""coordinate_candidate_id"": ""pochvovedenie:Pochved2360052Zamotaev:text:raw:degree_decimal_minutes_cardinal:4"", ""label_distance_characters"": 263}
а описаны два типичных почвенных профиля. Они сформированы на границе водной и обсыха- ющей поверхностей, полностью покрытых гид- рофильными растениями, преимущественно ряс- кой малой (Lemna minor) и отдельными мезо- фильными травянистыми видами по бортам карты. Разрез LG-10-20 (51°37.604′ N, 35°15.014′ E), формула профиля AHca,dc–ТСНca,rr–Q1–Q2mc, почва перегнойно-гумусовая квазиглеевая арти- стратифицированная (рис. 2a). Согласно WRB [52], почва отвечает определению Calcaric Gleysol (Alcalic, Clayic); техногенную слоистость мог бы отразить отсутствующий квалификатор Techno- fluvic. Разрез LG-06-22 (51°37.646′ N; 35°14.646′ E), формула профиля Нca–TCH–Q1ca,rr–Q2mc. Поч- ва опр",Pochved2360052Zamotaev.txt
profile:coordinate_first_label:b3344b37400b29fbe9e3,site:pochvovedenie:Pochved2360046Dubrovina:text:raw:dms:l:0,62.466861111111115,35.311638888888886,reported,pochvovedenie,pochvovedenie:Pochved2360046Dubrovina,ПОЧВЫ И ПУЛЫ УГЛЕРОДА НА ШУНГИТОВЫХ ПОРОДАХ,,2023,62,,,,,,Explicit profile/pit label within 180 characters of an author-reported coordinate.,"{""spatial_linkage"": ""coordinate_local_explicit_profile_label"", ""coordinate_candidate_id"": ""pochvovedenie:Pochved2360046Dubrovina:text:raw:dms:l:0"", ""label_distance_characters"": 212}
мная фитомасса; дебрис – сухостой и валеж; лесная подстилка; углерод почвы в слое 0–100 см. Запасы Таблица 1. Характеристика участков Рельеф, координаты Землепользование Растительность Почва Плоский  выровненный участок 62°28′0.7″ N,  35°18′41.9″ E Пашня, дискование,  двупольный севооборот  (картофель – многолет- ние травы) Козлятник восточный (Galega orientalis  Lam.) 30%, посевы сильно засорены, в  основном злаковыми травами Агрогумусовая темнопрофильная Mollic Umbrisol (Aric) Верхняя часть  пологого ",Pochved2360046Dubrovina.txt
profile:coordinate_first_label:c21fad20a654048f245e,site:pochvovedenie:Pochved2260060YAMNOVA:text:raw:ru_abbr:decimal:0,53.122525,104.884196,reported,pochvovedenie,pochvovedenie:Pochved2260060YAMNOVA,ГИПСОНОСНЫЕ ГАЖЕВЫЕ ПОЧВЫ,,2023,7-02И,гажевый солончак,,солончак,Russian/national term (unverified),,Explicit profile/pit label within 180 characters of an author-reported coordinate.,"{""spatial_linkage"": ""coordinate_local_explicit_profile_label"", ""coordinate_candidate_id"": ""pochvovedenie:Pochved2260060YAMNOVA:text:raw:ru_abbr:decimal:0"", ""label_distance_characters"": 153}
под воздействия водоемов и превратились в пер- вые надпойменные террасы. Пример гажевой почвы Предбайкалья – га- жевый солончак – представлен на рис. 3. Разрез 7-02И расположен на первой надпойменной тер- расе р. Куды (рис. 2b), координаты 53.122525 N; 104.884196 E. Почва сформирована на красно-бу- рых кембрийских глинах усольской свиты. Ниже гумусового горизонта залегает хорошо сформи- рованный гажевый горизонт, в котором видна большая морозобойная трещина, глубже – погре- бенный гумусовый горизонт, лежащий на крас- но-бурых кембрийских глинах (рис. 3a). Солончак гажевый в наст",Pochved2260060YAMNOVA.txt
profile:coordinate_first_label:c46970aa0b3b60f5598a,site:pochvovedenie:Pochved2260086Desyatkin:text:raw:dms:l:0,70.86697222222222,153.75944444444445,reported,pochvovedenie,pochvovedenie:Pochved2260086Desyatkin,МЕРЗЛОТНЫЕ ПОЧВЫ БАССЕЙНА р. АЛАЗЕЯ:,,2023,Р-37,,,,,,Explicit profile/pit label within 180 characters of an author-reported coordinate.,"{""spatial_linkage"": ""coordinate_local_explicit_profile_label"", ""coordinate_candidate_id"": ""pochvovedenie:Pochved2260086Desyatkin:text:raw:dms:l:0"", ""label_distance_characters"": 189}
икрорельефа, но на участках перехода приморского луга к более вы- соким гипсометрическим позициям, можно об- наружить появление системы вторичных мало- мощных повторно-жильных льдов (ПЖЛ). Разрез Р-37.08.Al (координаты: 70°52′01.1″ N, 153°45′34″ E) заложен восточнее устья р. Алазея на приморском осоково-злаково-разнотравном затапливаемом лугу, на берегу Восточно-Сибир- ского моря, в 10 м от береговой линии. Эта террито- рия подвержена постоянному влиянию морских приливов. Минеральные горизонты характер",Pochved2260086Desyatkin.txt
profile:coordinate_first_label:d3c01cb1fe00cfd4e69c,site:pochvovedenie:Pochved2360052Zamotaev:text:raw:degree_decimal_minutes_cardinal:0,51.62246666666667,35.264116666666666,reported,pochvovedenie,pochvovedenie:Pochved2360052Zamotaev,ПОЧВООБРАЗОВАНИЕ НА ОТХОДАХ САХАРНОЙ ПРОМЫШЛЕННОСТИ,,2023,LG-02-20,,,,,,Explicit profile/pit label within 180 characters of an author-reported coordinate.,"{""spatial_linkage"": ""coordinate_local_explicit_profile_label"", ""coordinate_candidate_id"": ""pochvovedenie:Pochved2360052Zamotaev:text:raw:degree_decimal_minutes_cardinal:0"", ""label_distance_characters"": 263}
мг/дм3 0–0.01 0.024 Cu (общее содержание) мг/дм3 0–0.005 0.0023 Sr (общее содержание) мг/дм3 0–0.4 0.5 Cd (общее содержание) мг/дм3 0–0.005 0.0012  ПОЧВОВЕДЕНИЕ   № 11   2023 ПОЧВООБРАЗОВАНИЕ НА ОТХОДАХ САХАРНОЙ ПРОМЫШЛЕННОСТИ 1459 Темногумусовые типичные почвы (разрез LG-02-20 (51°37.348′ N, 35°15.847′ E), разрез LG-03-20 (51°36.818′ N, 35°15.389′ E), разрез LG-06-20 (51°36.902′ N, 35°14.913′ E) имеют ясно выражен- ные темно-серые (10YR 3/2) или буровато-темно- серые (10YR 2/2, 10YR 2/2-2/3) темногумусовые горизонты мощностью до 30 и более см и хорошо выраженную ореховато-комковато-зернистую пре- имущественно копрогенную структуру. Они харак- теризуются близкими значениями рН ",Pochved2360052Zamotaev.txt
profile:coordinate_first_label:d46c2eabeecfb6f84379,site:pochvovedenie:Pochved2260086Desyatkin:text:raw:dms:l:2,69.24797222222222,154.3183611111111,reported,pochvovedenie,pochvovedenie:Pochved2260086Desyatkin,МЕРЗЛОТНЫЕ ПОЧВЫ БАССЕЙНА р. АЛАЗЕЯ:,,2023,Р-26,,,,,,Explicit profile/pit label within 180 characters of an author-reported coordinate.,"{""spatial_linkage"": ""coordinate_local_explicit_profile_label"", ""coordinate_candidate_id"": ""pochvovedenie:Pochved2260086Desyatkin:text:raw:dms:l:2"", ""label_distance_characters"": 189}
мощных ПЖЛ. Мощность сезонно-талого слоя в зависимости от рельефа и географического положения, протаивает на глу- бину от 20 до 80 см. Температура мерзлых грунтов варьирует от –5 до –11°С. Разрез Р-26.09.Al (координаты: 69°14′52.7″ N; 154°19′06.1″ E) заложен на водоразделе под ли- шайниково-зеленомошной лиственничной реди- ной кустарничково-тощеберезовой на пологом приозерном склоне южной экспозиции, в 40 м от береговой линии оз. Байдыы (озеро не относится к термокарстовым). Индексы горизонтов этого проф",Pochved2260086Desyatkin.txt
profile:coordinate_first_label:d7da8a8d6fe8a3fa100f,site:pochvovedenie:Pochved2260100Patova:text:raw:dms:l:0,65.20494444444445,60.266666666666666,reported,pochvovedenie,pochvovedenie:Pochved2260100Patova,ЦИАНОБАКТЕРИИ И ВОДОРОСЛИ БИОЛОГИЧЕСКИХ ПОЧВЕННЫХ,,2023,1,,,,,,Explicit profile/pit label within 180 characters of an author-reported coordinate.,"{""spatial_linkage"": ""coordinate_local_explicit_profile_label"", ""coordinate_candidate_id"": ""pochvovedenie:Pochved2260100Patova:text:raw:dms:l:0"", ""label_distance_characters"": 157}
рочек; 3 – голого грунта; 4 – каменистых участков. Тип сообщества Координаты Особенности рельефа/ крутизна склона Высота,  м над ур. м. Площадь, м2* 1 2 3 4 Площадка 1 Пятнистая кустарничково- мохово-лишайниковая тундра 65°12′17.8″ N 60°16′0″ E Верхняя часть склона/до 5° 781 0.23 0.05 0.15 0.03 Площадка 2 Пятнистая ерниково-лишай- никово-моховая тундра 65°13′21″ N 60°19′30″ E Нижняя часть склона/выров- ненный участок 615 0.33 0.12 0.17 0.04  ПОЧВОВЕДЕНИЕ   № 2   2023 ЦИАНОБАКТЕРИИ И ВОДОРОСЛИ 213 на",Pochved2260100Patova.txt
profile:coordinate_first_label:d8ce60c37d58991c9449,site:pochvovedenie:Pochved2360052Zamotaev:text:raw:degree_decimal_minutes_cardinal:5,51.627433333333336,35.2441,reported,pochvovedenie,pochvovedenie:Pochved2360052Zamotaev,ПОЧВООБРАЗОВАНИЕ НА ОТХОДАХ САХАРНОЙ ПРОМЫШЛЕННОСТИ,,2023,LG-06-22,перегнойная квазиглеевая арти-стратифицированная,"Нca–TCH–Q1ca,rr–Q2mc",,,,Explicit profile/pit label within 180 characters of an author-reported coordinate.,"{""spatial_linkage"": ""coordinate_local_explicit_profile_label"", ""coordinate_candidate_id"": ""pochvovedenie:Pochved2360052Zamotaev:text:raw:degree_decimal_minutes_cardinal:5"", ""label_distance_characters"": 263}
a,dc–ТСНca,rr–Q1–Q2mc, почва перегнойно-гумусовая квазиглеевая арти- стратифицированная (рис. 2a). Согласно WRB [52], почва отвечает определению Calcaric Gleysol (Alcalic, Clayic); техногенную слоистость мог бы отразить отсутствующий квалификатор Techno- fluvic. Разрез LG-06-22 (51°37.646′ N; 35°14.646′ E), формула профиля Нca–TCH–Q1ca,rr–Q2mc. Поч- ва определена как перегнойная квазиглеевая ар- ти-стратифицированная. В действующих картах на осадках сточных вод формируются почвы гидроморфного ряда. При том, что карты используются около 70 лет, почвы представляют собой кратковременные, но ярко выраженные стадии почвообразования в течение каждого периода осушения (аэрации), длите",Pochved2360052Zamotaev.txt
profile:coordinate_first_label:e8c6528a05e6d846b55c,site:pochvovedenie:Pochved2260159Malyshev:text:raw:dms:l:2,45.61083333333333,44.3275,reported,pochvovedenie,pochvovedenie:Pochved2260159Malyshev,СРАВНЕНИЕ ПЛОЩАДНЫХ И ПРОФИЛЬНЫХ ПОКАЗАТЕЛЕЙ,,2023,3,,,,,,Explicit profile/pit label within 180 characters of an author-reported coordinate.,"{""spatial_linkage"": ""coordinate_local_explicit_profile_label"", ""coordinate_candidate_id"": ""pochvovedenie:Pochved2260159Malyshev:text:raw:dms:l:2"", ""label_distance_characters"": 164}
 окрестностях с. Отказное (44°17′23″ N, 43°51′22″ E) в верхней части пологой балки на це- линном участке. Здесь изучали черноземы южные (Haplic Chernozems по WRB). Площадка 3 распо- ложена в окрестностях п. Зунда-Толга (45°36′39″ N, 44°19′39″ E) на водораздельном пространстве. Здесь изучали светло-каштановые солонцеватые почвы (Haplic Kastanozems (Endosalic, Cambic) по WRB). Почвообразующими породами для всех изученных почв являлись лёссовидные суглинки. С целью оценки влияния рельефа на показа- тел",Pochved2260159Malyshev.txt
profile:direct_author:98b0c498db6cfbcc5f4d548a,site:pochvovedenie:Pochved2360052Zamotaev:text:raw:degree_decimal_minutes_cardinal:3,51.625,35.25621666666667,reported,pochvovedenie,pochvovedenie:Pochved2360052Zamotaev,ПОЧВООБРАЗОВАНИЕ НА ОТХОДАХ САХАРНОЙ ПРОМЫШЛЕННОСТИ,,2023,LG-08-20,пелоземы гумусовые техногенные на артииндустрате,W–TCHca(1-3),,,,Direct audited coordinate-label-type-formula statement from primary text.,"{""spatial_linkage"": ""direct_coordinate_label_type_formula"", ""coordinate_candidate_id"": ""pochvovedenie:Pochved2360052Zamotaev:text:raw:degree_decimal_minutes_cardinal:3""}
Разрез LG-08-20 (51°37.500′ N, 35°15.373′ E). Почвы с формулой профиля W–TCHca(1-3) определены как пелоземы гумусовые техногенные на артииндустрате из отдела слаборазвитых почв.",Pochved2360052Zamotaev.txt
profile:explicit_pit:1a8187c3784ed4d5f231,site:pochvovedenie:Pochved2260100Patova:text:raw:dms:l:1,65.2225,60.325,reported,pochvovedenie,pochvovedenie:Pochved2260100Patova,ЦИАНОБАКТЕРИИ И ВОДОРОСЛИ БИОЛОГИЧЕСКИХ ПОЧВЕННЫХ,,2023,2,,,,,,Explicit pit label and author-reported coordinate in one source phrase.,"{""spatial_linkage"": ""explicit_labeled_pit_coordinate"", ""coordinate_candidate_id"": ""pochvovedenie:Pochved2260100Patova:text:raw:dms:l:1""}
Площадка 2
Пятнистая ерниково-лишай-
никово-моховая тундра
65°13′21″ N
60°19′30″ E
Нижняя часть склона/выров-
ненный участок
615
0.33
0.12
0.17
0.04

ПОЧВОВЕДЕНИЕ 
 № 2 
 2023
ЦИАНОБАКТЕРИИ И ВОДОРОСЛИ
213
на медальоны с БК здесь встречаются реже и за-
нимают ",Pochved2260100Patova.txt
profile:explicit_pit:3781b3445a4905c3643e,site:pochvovedenie:Pochved2360052Zamotaev:text:raw:degree_decimal_minutes_cardinal:2,51.615033333333336,35.24855,reported,pochvovedenie,pochvovedenie:Pochved2360052Zamotaev,ПОЧВООБРАЗОВАНИЕ НА ОТХОДАХ САХАРНОЙ ПРОМЫШЛЕННОСТИ,,2023,LG-06-20,,,,,,Explicit pit label and author-reported coordinate in one source phrase.,"{""spatial_linkage"": ""explicit_labeled_pit_coordinate"", ""coordinate_candidate_id"": ""pochvovedenie:Pochved2360052Zamotaev:text:raw:degree_decimal_minutes_cardinal:2""}
разрез LG-06-20
(51°36.902′ N, 35°14.913′ E) имеют ясно выражен-
ные темно-серые (10YR 3/2) или буровато-темно-
серые (10YR 2/2, 10YR 2/2-2/3) темногумусовые
горизонты мощностью до 30 и более см и хорошо
выраженную ореховато-комковато-зернистую пре-
имуществен",Pochved2360052Zamotaev.txt
profile:explicit_pit:4dec2a390f352955f520,site:pochvovedenie:Pochved2360005Garkusha:text:raw:dms:l:3,47.040974999999996,41.28488888888889,reported,pochvovedenie,pochvovedenie:Pochved2360005Garkusha,ЭМИССИЯ МЕТАНА РИСОВЫМИ ПОЛЯМИ РОСТОВСКОЙ ОБЛАСТИ,,2023,3-2,,,,,,Explicit pit label and author-reported coordinate in one source phrase.,"{""spatial_linkage"": ""explicit_labeled_pit_coordinate"", ""coordinate_candidate_id"": ""pochvovedenie:Pochved2360005Garkusha:text:raw:dms:l:3""}
точка 3-2, в 100 м 
северо-восточнее 
точки 3-1
47°02′27.51″ N, 
41°17′05.60″ E
–
0–2
2–5
5–10
10–15
20–25
29.0
8.01
( )
−
1.64 5.54 2
648
0.115
0.211
1.405
37.0
7.19
–10.8
<
0.025
0.005
1.368
31.6
7.29
–12.8
28.0
8.22
( )
−
3.02 3.93 2
6723
<
0.030
0.005
1.80",Pochved2360005Garkusha.txt
profile:prose:0118d757659062a9e02f,site:pochvovedenie:Pochved2260123Golovchenko:text:raw:dms:l:3,56.51916666666666,84.64083333333333,reported,pochvovedenie,pochvovedenie:Pochved2260123Golovchenko,МИЦЕЛИАЛЬНЫЙ КОМПОНЕНТ ЭУТРОФНЫХ ТОРФЯНЫХ ПОЧВ,,2023,,,,подзолистой,Russian/national term (unverified),,Prose profile descriptor linked at document level because this document contains one reported Russian coordinate; it is not a row-level or independently surveyed pit coordinate.,"{""profile_candidate_id"": ""pochvovedenie:Pochved2260123Golovchenko:text:raw:p:soil:39"", ""spatial_linkage"": ""document_single_reported_coordinate""}
омассы в общем содержа- нии углерода органического вещества колебалась от 0.2 до 3% [10]; в подстилках заповедных ельни- ков ‒ от 5.5 до 17.2%, в минеральных горизонтах почв (бело-подзолистой и бурозема) под этими же ельниками ‒ от 48 до 68% [23]. Показатели обилия актиномицетов и грибов, по- лученные методом посева. В зоне основной де- струкции органического детрита исследуемых почв численность культивируем",Pochved2260123Golovchenko.txt
profile:prose:0150f7914c0cd9828a94,site:pochvovedenie:Pochved2260123Golovchenko:text:raw:dms:l:3,56.51916666666666,84.64083333333333,reported,pochvovedenie,pochvovedenie:Pochved2260123Golovchenko,МИЦЕЛИАЛЬНЫЙ КОМПОНЕНТ ЭУТРОФНЫХ ТОРФЯНЫХ ПОЧВ,,2023,,,,торфяными,Russian/national term (unverified),,Prose profile descriptor linked at document level because this document contains one reported Russian coordinate; it is not a row-level or independently surveyed pit coordinate.,"{""profile_candidate_id"": ""pochvovedenie:Pochved2260123Golovchenko:text:raw:p:soil:3"", ""spatial_linkage"": ""document_single_reported_coordinate""}
-микроскопическим и чашечным методами. Видовую идентификацию культивируемых представи- телей проводили на основании фенотипических признаков. В подстилках по сравнению с эутрофно- торфяными горизонтами зафиксировано превышение длины грибного мицелия в 2‒10 раз, числен- ности культивируемых грибов на 2‒3 порядка и актиномицетов на 1‒2 порядка. Ферментативный слой подстилки характеризовался максимальным соде",Pochved2260123Golovchenko.txt
profile:prose:01f8dda64e252fa74271,site:pochvovedenie:Pochved2360041Grodnitskaya:text:raw:ru_abbr:dms:0,56.36666666666667,92.95,reported,pochvovedenie,pochvovedenie:Pochved2360041Grodnitskaya,БИОИНДИКАЦИЯ СОСТОЯНИЯ ТЕМНО-СЕРОЙ ПОЧВЫ В СОСНЯКАХ,,2023,,,,,,лесной,Prose profile descriptor linked at document level because this document contains one reported Russian coordinate; it is not a row-level or independently surveyed pit coordinate.,"{""profile_candidate_id"": ""pochvovedenie:Pochved2360041Grodnitskaya:text:raw:p:land:7"", ""spatial_linkage"": ""document_single_reported_coordinate""}
 находится в горизонте О и служит стабильной формой углерода экосистемы [31]. В исследовании [31] показано, что в среднем об- разуется 5.2 ± 2.5% PyC от сгоревшей биомассы, а один лесной пожар или повторное возгорание ге- нерируют около 2.2 ± 1.7 МГ/га в виде PyC. Осно- вываясь на этих данных и на визуальном количе- стве золы и обуглившихся древесных остатков, предположили, что поступление пирогенного у",Pochved2360041Grodnitskaya.txt
profile:prose:02df7ec568fd37d93257,site:pochvovedenie:Pochved2360033Goncharova:text:raw:dms:l:0,65.31466666666667,72.88172222222221,reported,pochvovedenie,pochvovedenie:Pochved2360033Goncharova,ЭМИССИЯ СО2 ПОЧВАМИ ЭКОТОННОЙ ЗОНЫ,,2023,,,,Podzol,WRB,,Prose profile descriptor linked at document level because this document contains one reported Russian coordinate; it is not a row-level or independently surveyed pit coordinate.,"{""profile_candidate_id"": ""pochvovedenie:Pochved2360033Goncharova:text:raw:p:soil:16"", ""spatial_linkage"": ""document_single_reported_coordinate""}
о рельефа и высокой не- однородности структуры почвенного покрова и свойств почв. Почвенный покров представлен подзолами иллювиально-железистыми и подбура- ми оподзоленными (Albic Podzol) [8, 52]. Профиль подзола/подбура (O–(E)–BHF–BС) состоит из оторфованной подстилки мощностью 5–10 см, осветленного песчаного подзолистого горизонта различной мощности (иногда выражен фрагмен- тарно или отсутствует), илл",Pochved2360033Goncharova.txt
profile:prose:05c438023acfdf9a2701,site:pochvovedenie:Pochved2260141Sosorova:text:raw:degree_decimal_minutes:0,51.545366666666666,107.0432,reported,pochvovedenie,pochvovedenie:Pochved2260141Sosorova,СОРБЦИЯ ФОСФОРА ЗАСОЛЕННЫМИ ПОЧВАМИ,,2023,,,,подзолистых,Russian/national term (unverified),,Prose profile descriptor linked at document level because this document contains one reported Russian coordinate; it is not a row-level or independently surveyed pit coordinate.,"{""profile_candidate_id"": ""pochvovedenie:Pochved2260141Sosorova:text:raw:p:soil:104"", ""spatial_linkage"": ""document_single_reported_coordinate""}
1975. 656 с. 3. Артемьева З.С. Роль органических и органо-мине- ральных составляющих в формировании фосфат- ного режима пахотных горизонтов эрозионно-де- градированных агродерново-подзолистых почв // Бюл. Почв. ин-та им. В.В. Докучаева. 2015. Вып. 78. С. 70-86. 4. Важенин И.Г., Важенина Е.А. Проблема фосфатов в Забайкалье. Тр. конф. почвоведов Сибири и Дальнего Востока. Новосибирск, 1964. С. 433–441. 5. Гамз",Pochved2260141Sosorova.txt
profile:prose:081000e76007c92cca5c,site:pochvovedenie:Pochved2260123Golovchenko:text:raw:dms:l:3,56.51916666666666,84.64083333333333,reported,pochvovedenie,pochvovedenie:Pochved2260123Golovchenko,МИЦЕЛИАЛЬНЫЙ КОМПОНЕНТ ЭУТРОФНЫХ ТОРФЯНЫХ ПОЧВ,,2023,,,,торфяного,Russian/national term (unverified),,Prose profile descriptor linked at document level because this document contains one reported Russian coordinate; it is not a row-level or independently surveyed pit coordinate.,"{""profile_candidate_id"": ""pochvovedenie:Pochved2260123Golovchenko:text:raw:p:soil:41"", ""spatial_linkage"": ""document_single_reported_coordinate""}
и на 1‒2 по- рядка больше, чем в горизонте ТЕ (табл. 3). Многолетнее изучение актиномицетных ком- плексов в разных типах лесных биогеоценозов Рис. 2. Доли подстилки (О) и эутрофно-торфяного горизонта (ТЕ) в профильном запасе (0.55 м) актиномицетной (а) и грибной (b) биомассы. 100 75 50 25 0 % ТЛ1 ТЛ2 ТО ТП 100 75 50 25 0 % ТЛ2 ТЛ1 ТП ТО Торфяник Торфяник 17 83 10 90 7 93 4 96 67 33 32 68 26 74 8 92 О ТЕ (a",Pochved2260123Golovchenko.txt
profile:prose:087df90e7349ef586eda,site:pochvovedenie:Pochved2260159Malyshev:text:raw:dms:l:2,45.61083333333333,44.3275,reported,pochvovedenie,pochvovedenie:Pochved2260159Malyshev,СРАВНЕНИЕ ПЛОЩАДНЫХ И ПРОФИЛЬНЫХ ПОКАЗАТЕЛЕЙ,,2023,,,,каштановых,Russian/national term (unverified),,Prose profile descriptor linked at document level because this document contains one reported Russian coordinate; it is not a row-level or independently surveyed pit coordinate.,"{""profile_candidate_id"": ""pochvovedenie:Pochved2260159Malyshev:text:raw:p:soil:17"", ""spatial_linkage"": ""document_single_reported_coordinate""}
а. Изменения   на площадках и χ в профиле почвы на различных типах ландшафта представ- лены на рис. 4. По полученным данным можно сказать, что значения   и χ верхнего слоя светло- каштановых почв снижаются от элювиальной к трансэлювиально-аккумулятивной позиции скло- на. Максимальные значения   характерны для площадки А7-1, расположенной в верхней части склона, для нее характерен максимальный коэф- фициент ",Pochved2260159Malyshev.txt
profile:prose:0a1899de25f73465e804,site:pochvovedenie:Pochved2260141Sosorova:text:raw:degree_decimal_minutes:0,51.545366666666666,107.0432,reported,pochvovedenie,pochvovedenie:Pochved2260141Sosorova,СОРБЦИЯ ФОСФОРА ЗАСОЛЕННЫМИ ПОЧВАМИ,,2023,,,,солончак,Russian/national term (unverified),,Prose profile descriptor linked at document level because this document contains one reported Russian coordinate; it is not a row-level or independently surveyed pit coordinate.,"{""profile_candidate_id"": ""pochvovedenie:Pochved2260141Sosorova:text:raw:p:soil:27"", ""spatial_linkage"": ""document_single_reported_coordinate""}
 –  1232 ПОЧВОВЕДЕНИЕ   № 10   2023 СОСОРОВА и др. Рис. 1. Картосхема расположения почвенных разрезов солончаков. г. Улан-Удэ Р. 3, Р4 Р. 1-2022, Р. 2-2022 Р. 13 Р. 14 Р. 12 Р. 11 солончак типичный сульфатно-хлоридно-содо- вый (Calcic Sodic Solonchaks (Loamic, Carbonatic)). Разрез 12 (h = 549 м над ур. м., 51°4.162′ N, 106°19.746′ E) заложен в пойме реки Баян-Гол (Селенгинский район) под ирисово-китайско-",Pochved2260141Sosorova.txt
profile:prose:0b7ae2cd194adae210be,site:pochvovedenie:Pochved2260141Sosorova:text:raw:degree_decimal_minutes:0,51.545366666666666,107.0432,reported,pochvovedenie,pochvovedenie:Pochved2260141Sosorova,СОРБЦИЯ ФОСФОРА ЗАСОЛЕННЫМИ ПОЧВАМИ,,2023,12,,,аллювиальная,Russian/national term (unverified),,Prose profile descriptor linked at document level because this document contains one reported Russian coordinate; it is not a row-level or independently surveyed pit coordinate.,"{""profile_candidate_id"": ""pochvovedenie:Pochved2260141Sosorova:text:raw:p:soil:54"", ""spatial_linkage"": ""document_single_reported_coordinate""}
, b ‒ разрез 12 – солончак темный сульфатный, c – разрез 13 – солончак типичный хлоридно-сульфатно-содовый, d – разрез 14 – солончак соровый содово-хлоридно-сульфатный, разрез 4 – аллювиальная светлогумусовая засо- ленная, e – разрез 3 – аллювиальная светлогумусовая засоленная, разрез 1 – солончак типичный сульфатно-хло- ридно-содовый, f – разрез 5 (Р.2-2022) – солончак квазиглеевый сульфатный. 2 4 6 8 10 12 ",Pochved2260141Sosorova.txt
profile:prose:0cc3f91b0aa736eabb6d,site:pochvovedenie:Pochved2360042Semenov:text:raw:dms:l:0,56.098305555555555,37.82161111111112,reported,pochvovedenie,pochvovedenie:Pochved2360042Semenov,"ИЗМЕРЕНИЕ ПОЧВЕННЫХ ПУЛОВ ОРГАНИЧЕСКОГО УГЛЕРОДА,",,2023,,,,Chernozem,WRB,,Prose profile descriptor linked at document level because this document contains one reported Russian coordinate; it is not a row-level or independently surveyed pit coordinate.,"{""profile_candidate_id"": ""pochvovedenie:Pochved2360042Semenov:text:raw:p:soil:1"", ""spatial_linkage"": ""document_single_reported_coordinate""}
тки 11.05.2023 г. Принята к публикации 12.05.2023 г. Исследования проводили с образцами разных горизонтов дерново-подзолистой почвы (Albic Reti- sol) и типичного чернозема (Haplic Chernozem), отобранными под естественными угодьями и паш- ней. Определяли содержание углерода в структурных (твердые органические частицы размером 2– 0.05 мм, CРОМ и минерально-ассоциированное органическое вещество размером <0.05",Pochved2360042Semenov.txt
profile:prose:0cdd80c5951379813f77,site:pochvovedenie:Pochved2260141Sosorova:text:raw:degree_decimal_minutes:0,51.545366666666666,107.0432,reported,pochvovedenie,pochvovedenie:Pochved2260141Sosorova,СОРБЦИЯ ФОСФОРА ЗАСОЛЕННЫМИ ПОЧВАМИ,,2023,3,,,Аллювиальная,Russian/national term (unverified),,Prose profile descriptor linked at document level because this document contains one reported Russian coordinate; it is not a row-level or independently surveyed pit coordinate.,"{""profile_candidate_id"": ""pochvovedenie:Pochved2260141Sosorova:text:raw:p:soil:40"", ""spatial_linkage"": ""document_single_reported_coordinate""}
1.27 18.0 2.4 0.12 0.12 0.4 3.4 Вg 18(21)–34(41) 26.3 11.0 8.1 8.8 2.2 0.38 27.5 1.6 0.10 0.20 0.5 5.6 Q 34(41)–55 30.1 10.8 8.2 10.4 1.4 0.21 41.5 1.1 0.10 0.12 0.6 4.3 Разрез 3. Аллювиальная светлогумусовая засоленная (Иволгинский район, с. Хубисхал) AJ 0–30(43) 18.4 4.9 8.0 11.2 1.6 0.34 1.2 1.5 – 0.16 6.0 26.3 Сульфатный Bса 30(43)–50 30.1 10.8 8.2 13.0 6.5 0.64 7.8 0.6 – 0.12 1.0 16.0 Разрез 4. Аллювиаль",Pochved2260141Sosorova.txt
profile:prose:0ea4bbcf81f56c1931e3,site:pochvovedenie:Pochved2260141Sosorova:text:raw:degree_decimal_minutes:0,51.545366666666666,107.0432,reported,pochvovedenie,pochvovedenie:Pochved2260141Sosorova,СОРБЦИЯ ФОСФОРА ЗАСОЛЕННЫМИ ПОЧВАМИ,,2023,4,,,Аллювиальная,Russian/national term (unverified),,Prose profile descriptor linked at document level because this document contains one reported Russian coordinate; it is not a row-level or independently surveyed pit coordinate.,"{""profile_candidate_id"": ""pochvovedenie:Pochved2260141Sosorova:text:raw:p:soil:41"", ""spatial_linkage"": ""document_single_reported_coordinate""}
олгинский район, с. Хубисхал) AJ 0–30(43) 18.4 4.9 8.0 11.2 1.6 0.34 1.2 1.5 – 0.16 6.0 26.3 Сульфатный Bса 30(43)–50 30.1 10.8 8.2 13.0 6.5 0.64 7.8 0.6 – 0.12 1.0 16.0 Разрез 4. Аллювиальная светлогумусовая засоленная (Иволгинский район, с. Хубисхал) AJ1 0–6 15.7 2.8 8.0 12.3 0.4 0.17 2.2 2.0 0.17 0.16 2.9 49.2 Сульфатный AJ2 6–21(26) 21.0 2.8 8.3 10.6 5.2 0.35 1.5 1.2 0.09 0.16 0.4 8.4 Bsn,ca 21(26)–50 28.",Pochved2260141Sosorova.txt
profile:prose:10cdc0a6f53a12726661,site:pochvovedenie:Pochved2260143Yudin:text:raw:dms:l:0,51.629444444444445,36.26111111111111,reported,pochvovedenie,pochvovedenie:Pochved2260143Yudin,КОЛИЧЕСТВЕННАЯ ХАРАКТЕРИСТИКА МИКРОСТРОЕНИЯ,,2023,,,,подзолистой,Russian/national term (unverified),,Prose profile descriptor linked at document level because this document contains one reported Russian coordinate; it is not a row-level or independently surveyed pit coordinate.,"{""profile_candidate_id"": ""pochvovedenie:Pochved2260143Yudin:text:raw:p:soil:6"", ""spatial_linkage"": ""document_single_reported_coordinate""}
ианте с прямым посевом – всего 2.53%. По этому показателю чернозем в варианте с прямым посевом приближается к горизонту А экраниро- ванного чернозема [4] или горизонту А2 дерново- подзолистой почвы [22]. Реконструкция структу- ры порового пространства по данным компью- терной томографии показывает его значительную фрагментацию на мезоуровне структурной орга- низации в варианте с прямым посевом. Это под- твер",Pochved2260143Yudin.txt
profile:prose:1530583e413bea2e3d20,site:pochvovedenie:Pochved2360042Semenov:text:raw:dms:l:0,56.098305555555555,37.82161111111112,reported,pochvovedenie,pochvovedenie:Pochved2360042Semenov,"ИЗМЕРЕНИЕ ПОЧВЕННЫХ ПУЛОВ ОРГАНИЧЕСКОГО УГЛЕРОДА,",,2023,,,,подзоли,Russian/national term (unverified),,Prose profile descriptor linked at document level because this document contains one reported Russian coordinate; it is not a row-level or independently surveyed pit coordinate.,"{""profile_candidate_id"": ""pochvovedenie:Pochved2360042Semenov:text:raw:p:soil:11"", ""spatial_linkage"": ""document_single_reported_coordinate""}
уломет- рических фракций и содержания углерода в этих фракциях были получены фактические содержа- ния углерода в пулах РОМ и МАОМ. В гумусовых горизонтах целинных участков дерново-подзоли- стой почвы и типичного чернозема в пуле СРОМ содержалось 7.91 (38.4% от Cорг) и 17.7 г/кг (41.5% от Cорг) углерода соответственно. Эти величины согласуются с ранее полученными значениями содержания СРОМ в ряду зональны",Pochved2360042Semenov.txt
profile:prose:1d8f7eedc71a338ec913,site:pochvovedenie:Pochved2260143Yudin:text:raw:dms:l:0,51.629444444444445,36.26111111111111,reported,pochvovedenie,pochvovedenie:Pochved2260143Yudin,КОЛИЧЕСТВЕННАЯ ХАРАКТЕРИСТИКА МИКРОСТРОЕНИЯ,,2023,,,,чернозем,Russian/national term (unverified),,Prose profile descriptor linked at document level because this document contains one reported Russian coordinate; it is not a row-level or independently surveyed pit coordinate.,"{""profile_candidate_id"": ""pochvovedenie:Pochved2260143Yudin:text:raw:p:soil:5"", ""spatial_linkage"": ""document_single_reported_coordinate""}
 пор. Если в целинном варианте открытая пористость 34.95% [1], то в ва- рианте с традиционной обработкой – 21.64%, а в варианте с прямым посевом – всего 2.53%. По этому показателю чернозем в варианте с прямым посевом приближается к горизонту А экраниро- ванного чернозема [4] или горизонту А2 дерново- подзолистой почвы [22]. Реконструкция структу- ры порового пространства по данным компью- терной томографи",Pochved2260143Yudin.txt
profile:prose:1e6b20f0bea9d0e1a91f,site:pochvovedenie:Pochved2260159Malyshev:text:raw:dms:l:2,45.61083333333333,44.3275,reported,pochvovedenie,pochvovedenie:Pochved2260159Malyshev,СРАВНЕНИЕ ПЛОЩАДНЫХ И ПРОФИЛЬНЫХ ПОКАЗАТЕЛЕЙ,,2023,,,,чернозем,Russian/national term (unverified),,Prose profile descriptor linked at document level because this document contains one reported Russian coordinate; it is not a row-level or independently surveyed pit coordinate.,"{""profile_candidate_id"": ""pochvovedenie:Pochved2260159Malyshev:text:raw:p:soil:10"", ""spatial_linkage"": ""document_single_reported_coordinate""}
тная вос- приимчивость в верхних горизонтах почв была s Æ s Æ s Æ s Æ Таблица 1. Статистические характеристики площадной магнитной восприимчивости Параметр Почва светло-каштановая чернозем южный чернозем обыкновенный Объем выборки 121 121 121 Нижний квартиль 0.58 0.48 0.54 Медиана 0.63 0.57 0.63 Верхний квартиль 0.72 0.65 0.70 Минимум 0.45 0.21 0.24 Максимум 0.94 1.06 0.85 Среднее 0.65 0.57 0.62 Вариация ",Pochved2260159Malyshev.txt
profile:prose:1fa271d04273200920c1,site:pochvovedenie:Pochved2260141Sosorova:text:raw:degree_decimal_minutes:0,51.545366666666666,107.0432,reported,pochvovedenie,pochvovedenie:Pochved2260141Sosorova,СОРБЦИЯ ФОСФОРА ЗАСОЛЕННЫМИ ПОЧВАМИ,,2023,12,,,Солончак,Russian/national term (unverified),,Prose profile descriptor linked at document level because this document contains one reported Russian coordinate; it is not a row-level or independently surveyed pit coordinate.,"{""profile_candidate_id"": ""pochvovedenie:Pochved2260141Sosorova:text:raw:p:soil:45"", ""spatial_linkage"": ""document_single_reported_coordinate""}
8.9 19.0 4.8 0.54 1.7 1.4 0.06 0.852 1.1 20.7 Gs,ca 43–60 27.7 3.9 8.6 – – 0.24 5.5 0.8 0.08 0.09 0.7 17.4 СGs,ca 60–80 35.3 4.2 8.7 – – 0.23 4.6 1.0 0.06 0.10 0.5 17.4 Разрез 12. Солончак темный (Селенгинский район, пойма р. Баян-Гол) S[Ao] 0–6 27.1 3.4 8.0 20.0 4.8 1.07 1.9 5.4 0.27 3.10 3.5 51.3 Сульфатный S[АU] 6–20 18.2 4.2 8.2 19.0 3.5 0.88 3.0 3.9 0.20 2.60 2.4 20.7 [AU]Bсa,s,g 20–30 16.4 4.3 8.4 1",Pochved2260141Sosorova.txt
profile:prose:208d29c8df844d7a266a,site:pochvovedenie:Pochved2360042Semenov:text:raw:dms:l:0,56.098305555555555,37.82161111111112,reported,pochvovedenie,pochvovedenie:Pochved2360042Semenov,"ИЗМЕРЕНИЕ ПОЧВЕННЫХ ПУЛОВ ОРГАНИЧЕСКОГО УГЛЕРОДА,",,2023,,,,Дерново-подзолистая,Russian/national term (unverified),,Prose profile descriptor linked at document level because this document contains one reported Russian coordinate; it is not a row-level or independently surveyed pit coordinate.,"{""profile_candidate_id"": ""pochvovedenie:Pochved2360042Semenov:text:raw:p:soil:50"", ""spatial_linkage"": ""document_single_reported_coordinate""}
нического ве- щества в профилях почв разного землепользования, % от Сорг. 2–12 см 12–32 см 32–48 см 0–18 см 18–35 см 35–55 см 2–40 см 40–67 см 67–100 см 0–20 см 20–65 см 65–100 см Дерново-подзолистая почва, ельник Дерново-подзолистая почва, пашня Чернозем типичный, степь Чернозем типичный, пашня c 17 a 3 b 80 a 2 c 22 b 76 c 43 b 66 a 1 c 48 a 1 b 51 a 2 c 22 b 76 b 81 c 15 a 4 b 81 c 13 a 6 c 15 a 5 b 80 b 75 c 21 ",Pochved2360042Semenov.txt
profile:prose:20c393ed5f1936318db6,site:pochvovedenie:Pochved2260123Golovchenko:text:raw:dms:l:3,56.51916666666666,84.64083333333333,reported,pochvovedenie,pochvovedenie:Pochved2260123Golovchenko,МИЦЕЛИАЛЬНЫЙ КОМПОНЕНТ ЭУТРОФНЫХ ТОРФЯНЫХ ПОЧВ,,2023,,,,торфяников,Russian/national term (unverified),,Prose profile descriptor linked at document level because this document contains one reported Russian coordinate; it is not a row-level or independently surveyed pit coordinate.,"{""profile_candidate_id"": ""pochvovedenie:Pochved2260123Golovchenko:text:raw:p:soil:27"", ""spatial_linkage"": ""document_single_reported_coordinate""}
д лиственными породами и смешанным лесом (рис. 1b). В вертикальном гра- диенте горизонта ТЕ происходило дальнейшее уменьшение длины грибного мицелия, и в слое 30‒50 см большинства торфяников она составля- ла 0.2‒0.4 км/г. Исследование микробных комплексов лесных почв (бело-подзолистой и бурозема) Централь- ного лесного государственного биосферного за- поведника (Тверская область) люминесцентно- микроскопиче",Pochved2260123Golovchenko.txt
profile:prose:211a74f73105896c4224,site:pochvovedenie:Pochved2360041Grodnitskaya:text:raw:ru_abbr:dms:0,56.36666666666667,92.95,reported,pochvovedenie,pochvovedenie:Pochved2360041Grodnitskaya,БИОИНДИКАЦИЯ СОСТОЯНИЯ ТЕМНО-СЕРОЙ ПОЧВЫ В СОСНЯКАХ,,2023,,,,,,лесных,Prose profile descriptor linked at document level because this document contains one reported Russian coordinate; it is not a row-level or independently surveyed pit coordinate.,"{""profile_candidate_id"": ""pochvovedenie:Pochved2360041Grodnitskaya:text:raw:p:land:8"", ""spatial_linkage"": ""document_single_reported_coordinate""}
.7%). К концу се- зона вегетации увеличилась доля грибов р. Tricho- derma. Ранее показано, что вышеуказанные грибы являются карботрофами, они встречались в пи- рогенных горизонтах лесных почв [9, 33, 36]. Зна- чительное количество грибов родов Trichoderma и Penicillium на углях указывает, что они способны утилизировать пирогенный углерод и продукты пиролиза, переводя их в доступный для других организмов",Pochved2360041Grodnitskaya.txt
profile:prose:21a84caee423ba4cd033,site:pochvovedenie:Pochved2360037Korneykova:text:raw:dms:l:1,68.97305555555556,33.08888888888889,reported,pochvovedenie,pochvovedenie:Pochved2360037Korneykova,АНАЛИЗ ЭМИССИИ СО2 ГОРОДСКИМИ ПОЧВАМИ,,2023,,,,торфяный,Russian/national term (unverified),,Prose profile descriptor linked at document level because this document contains one reported Russian coordinate; it is not a row-level or independently surveyed pit coordinate.,"{""profile_candidate_id"": ""pochvovedenie:Pochved2360037Korneykova:text:raw:p:soil:23"", ""spatial_linkage"": ""document_single_reported_coordinate""}
гическим свойствам, при этом основные зако- номерности антропогенной трансформации в обоих городах были идентичны. В отличие от фо- новых подзолов, где поверхностный подстилоч- но-торфяный горизонт О характеризовался кис- лой реакцией среды и очень высоким содержанием углерода, профили урбаноземов городских участ- ков содержали поверхностный серо-гумусовый горизонт AYur (Апатиты) и органогенный горизонт R",Pochved2360037Korneykova.txt
profile:prose:2224e369af83e289ea44,site:pochvovedenie:Pochved2360037Korneykova:text:raw:dms:l:1,68.97305555555556,33.08888888888889,reported,pochvovedenie,pochvovedenie:Pochved2360037Korneykova,АНАЛИЗ ЭМИССИИ СО2 ГОРОДСКИМИ ПОЧВАМИ,,2023,,,,глееватом,Russian/national term (unverified),,Prose profile descriptor linked at document level because this document contains one reported Russian coordinate; it is not a row-level or independently surveyed pit coordinate.,"{""profile_candidate_id"": ""pochvovedenie:Pochved2360037Korneykova:text:raw:p:soil:14"", ""spatial_linkage"": ""document_single_reported_coordinate""}
ысокой степенью разложения органиче- ских остатков. Ниже яркий, охристой окраски, ил- лювиально-железистый горизонт BF (10–35 см). В подстилающем переходном к материнской по- роде глееватом горизонте BCg максимальное ко- личество включений окатанного и неокатанного щебня и валунов. Почва – подзол грубогумусиро- ванный  иллювиально-железистый  глееватый (Folic Leptic Albic Podzol (Arenic)). Раститель- ность",Pochved2360037Korneykova.txt
profile:prose:22d808d52a60810cc9e0,site:pochvovedenie:Pochved2260141Sosorova:text:raw:degree_decimal_minutes:0,51.545366666666666,107.0432,reported,pochvovedenie,pochvovedenie:Pochved2260141Sosorova,СОРБЦИЯ ФОСФОРА ЗАСОЛЕННЫМИ ПОЧВАМИ,,2023,12,,,солончака,Russian/national term (unverified),,Prose profile descriptor linked at document level because this document contains one reported Russian coordinate; it is not a row-level or independently surveyed pit coordinate.,"{""profile_candidate_id"": ""pochvovedenie:Pochved2260141Sosorova:text:raw:p:soil:94"", ""spatial_linkage"": ""document_single_reported_coordinate""}
2.74 мМ Р/кг, в ни- жележащих горизонтах – 16.26–30.39 мМ P/кг. Самые низкие значения Аmax выявлены для со- лончака сорового (2.64–4.02 мМ P/кг). В целом все почвы, за исключением солончака сорового, имели значение Аmax в пределах 17.70– 42.74 мМ P/кг, что свидетельствует о различии сорбционных свойств почв. KL находилась в пределах 0.3–14.0 л/мМ. Со- лончак темный (разрез 12) и солончак квазиглеевый разре",Pochved2260141Sosorova.txt
profile:prose:245eb6db96adb454c9b4,site:pochvovedenie:Pochved2260141Sosorova:text:raw:degree_decimal_minutes:0,51.545366666666666,107.0432,reported,pochvovedenie,pochvovedenie:Pochved2260141Sosorova,СОРБЦИЯ ФОСФОРА ЗАСОЛЕННЫМИ ПОЧВАМИ,,2023,,,,солончаке,Russian/national term (unverified),,Prose profile descriptor linked at document level because this document contains one reported Russian coordinate; it is not a row-level or independently surveyed pit coordinate.,"{""profile_candidate_id"": ""pochvovedenie:Pochved2260141Sosorova:text:raw:p:soil:82"", ""spatial_linkage"": ""document_single_reported_coordinate""}
ра в этих почвах варьировало от 77.0 до 98.1 в silandic Ando- solс (Руанда) и от 65.6 до 95.9 в vitric Andosol (Сан- Томе). Максимальная буферная емкость фосфора (МБЕР) выявлена в солончаке квазиглеевом (раз- рез 5 (Р.2-2022) и типичном (разрез 1-2022), а ми- нимальная – в солончаке соровом (разрез 14). Различие в буферной емкости почв по отноше- нию к ионам фосфора связаны со свойствами почв и механизмами",Pochved2260141Sosorova.txt
profile:prose:24c2c0e9e662541d9bc5,site:pochvovedenie:Pochved2360042Semenov:text:raw:dms:l:0,56.098305555555555,37.82161111111112,reported,pochvovedenie,pochvovedenie:Pochved2360042Semenov,"ИЗМЕРЕНИЕ ПОЧВЕННЫХ ПУЛОВ ОРГАНИЧЕСКОГО УГЛЕРОДА,",,2023,,,,,,лесной,Prose profile descriptor linked at document level because this document contains one reported Russian coordinate; it is not a row-level or independently surveyed pit coordinate.,"{""profile_candidate_id"": ""pochvovedenie:Pochved2360042Semenov:text:raw:p:land:65"", ""spatial_linkage"": ""document_single_reported_coordinate""}
 гумусового горизонта углеродом РОМ: в дерново-подзолистой почве в 4 раза, а в черноземе – в 1.8 раза до 23.8 и 30.4% от Cорг. Ра- нее показано существенное обеднение СPOM се- рой лесной почвы и типичного чернозема, нахо- дящихся в сельскохозяйственном использова- нии, соответственно в 3–3.2 и 2–2.8 раз по сравнению с необрабатываемыми аналогами (с 36–40% от Сорг под естественной растительно- стью до 14",Pochved2360042Semenov.txt
profile:prose:268cec9c4ad09eae58a6,site:pochvovedenie:Pochved2360033Goncharova:text:raw:dms:l:0,65.31466666666667,72.88172222222221,reported,pochvovedenie,pochvovedenie:Pochved2360033Goncharova,ЭМИССИЯ СО2 ПОЧВАМИ ЭКОТОННОЙ ЗОНЫ,,2023,,,,Торфяники,Russian/national term (unverified),,Prose profile descriptor linked at document level because this document contains one reported Russian coordinate; it is not a row-level or independently surveyed pit coordinate.,"{""profile_candidate_id"": ""pochvovedenie:Pochved2360033Goncharova:text:raw:p:soil:22"", ""spatial_linkage"": ""document_single_reported_coordinate""}
истого горизонта может достигать 40–50 см, подстилочно-торфя- ный горизонт выражен слабо. Почвы характери- зуются низкими запасами углерода, небольшими запасами корневой биомассы. Торфяники представлены плоско- и крупно- бугристыми формами. Плоскобугристые торфя- ники за счет криогенного пучения приподняты над общим уровнем верховых болот на 0.5–1.5 м и характеризуются плоскими и слабонаклонными  ПОЧВОВЕДЕ",Pochved2360033Goncharova.txt
profile:prose:284971275e86938e07cc,site:pochvovedenie:Pochved2260123Golovchenko:text:raw:dms:l:3,56.51916666666666,84.64083333333333,reported,pochvovedenie,pochvovedenie:Pochved2260123Golovchenko,МИЦЕЛИАЛЬНЫЙ КОМПОНЕНТ ЭУТРОФНЫХ ТОРФЯНЫХ ПОЧВ,,2023,,,,,,лесного,Prose profile descriptor linked at document level because this document contains one reported Russian coordinate; it is not a row-level or independently surveyed pit coordinate.,"{""profile_candidate_id"": ""pochvovedenie:Pochved2260123Golovchenko:text:raw:p:land:81"", ""spatial_linkage"": ""document_single_reported_coordinate""}
 мицелия. Для почв лесного (ТЛ1) и озерного (ТО) забола- чивания – это ферментативный слой подстилки, для почвы пойменного (ТП) заболачивания – верхняя часть горизонта ТЕ. В почве лесного забо- лачивания под березняком (ТЛ2) такой горизонт выделить проблематично, так как в пределах зоны основной деструкции детрита длина актиномицет- ного мицелия флуктуировала слабо (рис. 1а). Длина грибного мицелия в сло",Pochved2260123Golovchenko.txt
profile:prose:2ba3da84d989e5397af0,site:pochvovedenie:Pochved2260141Sosorova:text:raw:degree_decimal_minutes:0,51.545366666666666,107.0432,reported,pochvovedenie,pochvovedenie:Pochved2260141Sosorova,СОРБЦИЯ ФОСФОРА ЗАСОЛЕННЫМИ ПОЧВАМИ,,2023,,,,солончаков,Russian/national term (unverified),,Prose profile descriptor linked at document level because this document contains one reported Russian coordinate; it is not a row-level or independently surveyed pit coordinate.,"{""profile_candidate_id"": ""pochvovedenie:Pochved2260141Sosorova:text:raw:p:soil:59"", ""spatial_linkage"": ""document_single_reported_coordinate""}
миче- ское, в горизонтах с относительно высоким со- держанием фракции глины); 4) аморфным кремнеземом путем механиче- ского захвата (оклюдирование, в основном в верхних горизонтах солончаков); 5) органическим веществом [22] с образовани- ем органо-минеральных комплексов. Коллоиды гумуса поглощают фосфат-ионы химически и физически. При этом поглощение фосфат-ионов гумусом значительно ниже, чем R2O3 и щелочно",Pochved2260141Sosorova.txt
profile:prose:3136a289d54c299c5b89,site:pochvovedenie:Pochved2360033Goncharova:text:raw:dms:l:0,65.31466666666667,72.88172222222221,reported,pochvovedenie,pochvovedenie:Pochved2360033Goncharova,ЭМИССИЯ СО2 ПОЧВАМИ ЭКОТОННОЙ ЗОНЫ,,2023,,,,торфяника,Russian/national term (unverified),,Prose profile descriptor linked at document level because this document contains one reported Russian coordinate; it is not a row-level or independently surveyed pit coordinate.,"{""profile_candidate_id"": ""pochvovedenie:Pochved2360033Goncharova:text:raw:p:soil:32"", ""spatial_linkage"": ""document_single_reported_coordinate""}
сех корней находится в верхнем тор- фяном горизонте мощностью 6–10 см. В почве отсутствуют корни больше 5 мм, долевое участие тонких корней от 25 до 45% [4]. Крупнобугристые формы торфяника имеют куполообразную форму, приподняты над уровнем окружающих верховых бо- лот на 3–4 м (абсолютные отметки 25 м над ур. м.). Для них характерно отсутствие сплошного расти- тельного  покрова:  встречаются  значительные ",Pochved2360033Goncharova.txt
profile:prose:3323b4de972886a31400,site:pochvovedenie:Pochved2260141Sosorova:text:raw:degree_decimal_minutes:0,51.545366666666666,107.0432,reported,pochvovedenie,pochvovedenie:Pochved2260141Sosorova,СОРБЦИЯ ФОСФОРА ЗАСОЛЕННЫМИ ПОЧВАМИ,,2023,14,,,Солончак,Russian/national term (unverified),,Prose profile descriptor linked at document level because this document contains one reported Russian coordinate; it is not a row-level or independently surveyed pit coordinate.,"{""profile_candidate_id"": ""pochvovedenie:Pochved2260141Sosorova:text:raw:p:soil:38"", ""spatial_linkage"": ""document_single_reported_coordinate""}
18.2 5.1 0.48 3.6 0.6 0.03 0.60 0.4 38.1 BСs 50–80 40.7 15.2 9.6 17.1 3.2 0.31 0.6 0.4 0.03 0.07 0.4 15.7 Сs 80–100 26.6 5.1 8.7 16.5 3.0 0.35 0.3 0.3 0.01 0.06 0.2 8.1 Разрез 14. Солончак соровый (Заиграевский район, берег оз. Гуджирное) I слой 0–22 15.5 3.7 9.0 10.0 5.2 2.45 7.7 0.3 0.02 – 3.7 31.1 Содово-хлоридно- сульфатный II слой 22–53 12.4 3.1 8.7 3.0 0.4 0.17 0.2 0.1 0.007 – 1.2 5.3 Разрез 5 (Р.2-",Pochved2260141Sosorova.txt
profile:prose:38913ad58721f064090b,site:pochvovedenie:Pochved2260159Malyshev:text:raw:dms:l:2,45.61083333333333,44.3275,reported,pochvovedenie,pochvovedenie:Pochved2260159Malyshev,СРАВНЕНИЕ ПЛОЩАДНЫХ И ПРОФИЛЬНЫХ ПОКАЗАТЕЛЕЙ,,2023,,,,каштановая,Russian/national term (unverified),,Prose profile descriptor linked at document level because this document contains one reported Russian coordinate; it is not a row-level or independently surveyed pit coordinate.,"{""profile_candidate_id"": ""pochvovedenie:Pochved2260159Malyshev:text:raw:p:soil:9"", ""spatial_linkage"": ""document_single_reported_coordinate""}
очвах магнитная вос- приимчивость в верхних горизонтах почв была s Æ s Æ s Æ s Æ Таблица 1. Статистические характеристики площадной магнитной восприимчивости Параметр Почва светло-каштановая чернозем южный чернозем обыкновенный Объем выборки 121 121 121 Нижний квартиль 0.58 0.48 0.54 Медиана 0.63 0.57 0.63 Верхний квартиль 0.72 0.65 0.70 Минимум 0.45 0.21 0.24 Максимум 0.94 1.06 0.85 Среднее 0.65 0.57 0.62 ",Pochved2260159Malyshev.txt
profile:prose:39a8092d59ce420d84f6,site:pochvovedenie:Pochved2360033Goncharova:text:raw:dms:l:0,65.31466666666667,72.88172222222221,reported,pochvovedenie,pochvovedenie:Pochved2360033Goncharova,ЭМИССИЯ СО2 ПОЧВАМИ ЭКОТОННОЙ ЗОНЫ,,2023,,,,торфяников,Russian/national term (unverified),,Prose profile descriptor linked at document level because this document contains one reported Russian coordinate; it is not a row-level or independently surveyed pit coordinate.,"{""profile_candidate_id"": ""pochvovedenie:Pochved2360033Goncharova:text:raw:p:soil:62"", ""spatial_linkage"": ""document_single_reported_coordinate""}
, то наблюда- ется явная тенденция к их повышению: увеличи- лись среднегодовые температуры почв торфяника и леса как на глубине 20 см, так и на поверхности. Так, температура почвы торфяников на глубине 20 см стала устойчиво положительной, а на по- верхности увеличилась почти на 1°С. Явных при- 2 СО ЭМ Таблица 2. Коэффициенты корреляции между температурой, влажностью верхнего горизонта почв, мощностью СТС и ",Pochved2360033Goncharova.txt
profile:prose:3a233a23708ab4c2689c,site:pochvovedenie:Pochved2260123Golovchenko:text:raw:dms:l:3,56.51916666666666,84.64083333333333,reported,pochvovedenie,pochvovedenie:Pochved2260123Golovchenko,МИЦЕЛИАЛЬНЫЙ КОМПОНЕНТ ЭУТРОФНЫХ ТОРФЯНЫХ ПОЧВ,,2023,,,,торфяному,Russian/national term (unverified),,Prose profile descriptor linked at document level because this document contains one reported Russian coordinate; it is not a row-level or independently surveyed pit coordinate.,"{""profile_candidate_id"": ""pochvovedenie:Pochved2260123Golovchenko:text:raw:p:soil:4"", ""spatial_linkage"": ""document_single_reported_coordinate""}
2 серий и 4 секций. В грибном комплексе преобладали представители родов Penicillium, Talaromyces, Trichoderma, в актиномицетном ‒ рода Streptomyces. Подстилки не уступали эутрофно-торфяному горизонту по видовому разнообразию грибов и актиномицетов. Видовое сходство комплексов грибов подстилок и горизонта ТЕ ‒ 0.68, комплексов актиномицетов ‒ 0.27. Ключевые слова: Sapric Histosols, подстилка, грибы, актином",Pochved2260123Golovchenko.txt
profile:prose:3a6d905d99aded96ad1d,site:pochvovedenie:Pochved2360042Semenov:text:raw:dms:l:0,56.098305555555555,37.82161111111112,reported,pochvovedenie,pochvovedenie:Pochved2360042Semenov,"ИЗМЕРЕНИЕ ПОЧВЕННЫХ ПУЛОВ ОРГАНИЧЕСКОГО УГЛЕРОДА,",,2023,,,,podzolic,WRB,,Prose profile descriptor linked at document level because this document contains one reported Russian coordinate; it is not a row-level or independently surveyed pit coordinate.,"{""profile_candidate_id"": ""pochvovedenie:Pochved2360042Semenov:text:raw:p:soil:60"", ""spatial_linkage"": ""document_single_reported_coordinate""}
mm in size (CMAOM)) and process (potentially mineralizable organic matter (C0) and microbial bio- mass (Cmic)) pools were determined. In the humus horizon of virgin and arable sod-podzolic soils, the CPOM, CMAOM, C0, and Cmic pools contained 38 and 24, 56 and 72, 5.9 and 5.6, 1.2 and 1.3% of Corg, respectively. The sizes of these pools in virgin and arable chernozem were 42 and 30, 53 and 68, 3.6 and 2.8,",Pochved2360042Semenov.txt
profile:prose:3d3aadf11d19b66a32c4,site:pochvovedenie:Pochved2360037Korneykova:text:raw:dms:l:1,68.97305555555556,33.08888888888889,reported,pochvovedenie,pochvovedenie:Pochved2360037Korneykova,АНАЛИЗ ЭМИССИИ СО2 ГОРОДСКИМИ ПОЧВАМИ,,2023,,,,подзол,Russian/national term (unverified),,Prose profile descriptor linked at document level because this document contains one reported Russian coordinate; it is not a row-level or independently surveyed pit coordinate.,"{""profile_candidate_id"": ""pochvovedenie:Pochved2360037Korneykova:text:raw:p:soil:15"", ""spatial_linkage"": ""document_single_reported_coordinate""}
зонт BF (10–35 см). В подстилающем переходном к материнской по- роде глееватом горизонте BCg максимальное ко- личество включений окатанного и неокатанного щебня и валунов. Почва – подзол грубогумусиро- ванный  иллювиально-железистый  глееватый (Folic Leptic Albic Podzol (Arenic)). Раститель- ность представлена типичным сообществом се- верной тайги с преобладанием Pinus friesiana Wich. и Picea obovata Le",Pochved2360037Korneykova.txt
profile:prose:40449bd581fa160088c7,site:pochvovedenie:Pochved2260141Sosorova:text:raw:degree_decimal_minutes:0,51.545366666666666,107.0432,reported,pochvovedenie,pochvovedenie:Pochved2260141Sosorova,СОРБЦИЯ ФОСФОРА ЗАСОЛЕННЫМИ ПОЧВАМИ,,2023,3,,,солончак,Russian/national term (unverified),,Prose profile descriptor linked at document level because this document contains one reported Russian coordinate; it is not a row-level or independently surveyed pit coordinate.,"{""profile_candidate_id"": ""pochvovedenie:Pochved2260141Sosorova:text:raw:p:soil:57"", ""spatial_linkage"": ""document_single_reported_coordinate""}
виальная светлогумусовая засо- ленная, e – разрез 3 – аллювиальная светлогумусовая засоленная, разрез 1 – солончак типичный сульфатно-хло- ридно-содовый, f – разрез 5 (Р.2-2022) – солончак квазиглеевый сульфатный. 2 4 6 8 10 12 14 16 18 20 22 24 26 28 0 1 2 3 4 5 0–6 20–30 30–58 58–100 6–20 2 4 6 8 10 12 14 16 18 20 22 24 26 28 0 1 2 3 4 5 30–42 42–50 50–80 80–100 0–30 2 4 6 8 10 12 14 16 18 20 22 24 26 2",Pochved2260141Sosorova.txt
profile:prose:409ac1d26cd2f333d98b,site:pochvovedenie:Pochved2360033Goncharova:text:raw:dms:l:0,65.31466666666667,72.88172222222221,reported,pochvovedenie,pochvovedenie:Pochved2360033Goncharova,ЭМИССИЯ СО2 ПОЧВАМИ ЭКОТОННОЙ ЗОНЫ,,2023,,,,торфяно,Russian/national term (unverified),,Prose profile descriptor linked at document level because this document contains one reported Russian coordinate; it is not a row-level or independently surveyed pit coordinate.,"{""profile_candidate_id"": ""pochvovedenie:Pochved2360033Goncharova:text:raw:p:soil:31"", ""spatial_linkage"": ""document_single_reported_coordinate""}
 горизонтах до слабокислой в минеральных. Со- держание общего углерода в торфяных горизон- тах около 43%, в минеральных – не превышает 1%. Зольность торфа в среднем 9%. Запасы С в торфяно-криоземах составляют в среднем 26 кг С/м2 (до мерзлой породы). Запасы корневой био- массы в почве от 200 до 300 г/м2, причем практи- чески 100% всех корней находится в верхнем тор- фяном горизонте мощностью 6–10 см. В п",Pochved2360033Goncharova.txt
profile:prose:41e168bd9d8d60525b23,site:pochvovedenie:Pochved2360033Goncharova:text:raw:dms:l:0,65.31466666666667,72.88172222222221,reported,pochvovedenie,pochvovedenie:Pochved2360033Goncharova,ЭМИССИЯ СО2 ПОЧВАМИ ЭКОТОННОЙ ЗОНЫ,,2023,,,,,,лесные,Prose profile descriptor linked at document level because this document contains one reported Russian coordinate; it is not a row-level or independently surveyed pit coordinate.,"{""profile_candidate_id"": ""pochvovedenie:Pochved2360033Goncharova:text:raw:p:land:103"", ""spatial_linkage"": ""document_single_reported_coordinate""}
 белесой, коричневатой, кото- рый сменяется мерзлой песчаной породой. Реак- ция среды меняется от сильнокислой в торфяных Рис. 1. Основные ландшафты – объекты района исследования: лесные экосистемы (1), мерзлые бугристые торфя- ники (2), болотные экосистемы (3), термокарстовые понижения (4). 1 1 2 3 1 4 2 3 3 2  1038 ПОЧВОВЕДЕНИЕ   № 9   2023 ГОНЧАРОВА и др. горизонтах до слабокислой в минеральных. Со- ",Pochved2360033Goncharova.txt
profile:prose:4444b039c9d750a9b1e1,site:pochvovedenie:Pochved2260141Sosorova:text:raw:degree_decimal_minutes:0,51.545366666666666,107.0432,reported,pochvovedenie,pochvovedenie:Pochved2260141Sosorova,СОРБЦИЯ ФОСФОРА ЗАСОЛЕННЫМИ ПОЧВАМИ,,2023,,,,солончака,Russian/national term (unverified),,Prose profile descriptor linked at document level because this document contains one reported Russian coordinate; it is not a row-level or independently surveyed pit coordinate.,"{""profile_candidate_id"": ""pochvovedenie:Pochved2260141Sosorova:text:raw:p:soil:2"", ""spatial_linkage"": ""document_single_reported_coordinate""}
 адсорбции (Аmax) в гумусовых горизонтах данных почв изменялось в преде- лах 23.04–42.74 мМ P/кг, в нижележащих горизонтах – 16.26–30.39 мМ P/кг. В целом все почвы, за исключением солончака сорового, имели значение Аmax в пределах 17.70–42.74 мМ P/кг. Низкое сорбционное значение фосфора выявлено у солончака сорового. Константа адсорбции Ленгмюра (KL) варьировала в пределах 0.3–14.0 л/мМ. Солончаки темный и",Pochved2260141Sosorova.txt
profile:prose:45135c25138f4153ad10,site:pochvovedenie:Pochved2260141Sosorova:text:raw:degree_decimal_minutes:0,51.545366666666666,107.0432,reported,pochvovedenie,pochvovedenie:Pochved2260141Sosorova,СОРБЦИЯ ФОСФОРА ЗАСОЛЕННЫМИ ПОЧВАМИ,,2023,,,,солончак,Russian/national term (unverified),,Prose profile descriptor linked at document level because this document contains one reported Russian coordinate; it is not a row-level or independently surveyed pit coordinate.,"{""profile_candidate_id"": ""pochvovedenie:Pochved2260141Sosorova:text:raw:p:soil:46"", ""spatial_linkage"": ""document_single_reported_coordinate""}
х соединениях или связана с вторичными оксидами алюминия и же- леза, что может снизить его доступность для рас- тений и микробов [45]. Авторы [30] подчеркивают, что гидроморф- ный солончак характеризуется высоким валовым = тв равн , d K С С  ПОЧВОВЕДЕНИЕ   № 10   2023 СОРБЦИЯ ФОСФОРА ЗАСОЛЕННЫМИ ПОЧВАМИ 1235 содержанием фосфора: в горизонтах Ad и A1 0.26 и 0.16% соответственно. С глубиной его количе- ство",Pochved2260141Sosorova.txt
profile:prose:45fddabfc6392721170c,site:pochvovedenie:Pochved2360042Semenov:text:raw:dms:l:0,56.098305555555555,37.82161111111112,reported,pochvovedenie,pochvovedenie:Pochved2360042Semenov,"ИЗМЕРЕНИЕ ПОЧВЕННЫХ ПУЛОВ ОРГАНИЧЕСКОГО УГЛЕРОДА,",,2023,,,,подзоли,Russian/national term (unverified),,Prose profile descriptor linked at document level because this document contains one reported Russian coordinate; it is not a row-level or independently surveyed pit coordinate.,"{""profile_candidate_id"": ""pochvovedenie:Pochved2360042Semenov:text:raw:p:soil:3"", ""spatial_linkage"": ""document_single_reported_coordinate""}
точным (медлен- ным) и пассивным пулами органического веще- ства в профиле почв. ОБЪЕКТЫ И МЕТОДЫ Отбор и подготовка почвенных проб. В исследо- ваниях использовали образцы дерново-подзоли- стой почвы (Albic Retisol), отобранные под корен- ным ельником с папоротником, кислицей, май- ником, голокучником и другими видами в травянистом ярусе и со старопахотного участка под яровыми культурами. Образцы типично",Pochved2360042Semenov.txt
profile:prose:4dbffbd652dcf30d6635,site:pochvovedenie:Pochved2360037Korneykova:text:raw:dms:l:1,68.97305555555556,33.08888888888889,reported,pochvovedenie,pochvovedenie:Pochved2360037Korneykova,АНАЛИЗ ЭМИССИИ СО2 ГОРОДСКИМИ ПОЧВАМИ,,2023,,,,Podzol,WRB,,Prose profile descriptor linked at document level because this document contains one reported Russian coordinate; it is not a row-level or independently surveyed pit coordinate.,"{""profile_candidate_id"": ""pochvovedenie:Pochved2360037Korneykova:text:raw:p:soil:11"", ""spatial_linkage"": ""document_single_reported_coordinate""}
 горизонта BH и глубже, встречается большое ко- личество каменистых включений, в том числе щебень и отдельные валуны. Почва – подзол ил- лювиально-гумусовый глееватый (Folic Albic Podzol (Arenic)). Участок расположен в зоне лесотундры, выде- лено два типа растительных сообществ. Первый тип представлен березовым криволесьем с доми- нированием Betula tortuosa Ledeb. в древесном ярусе, Chamaepericlymenum s",Pochved2360037Korneykova.txt
profile:prose:4eb62446ca6bb79ad8a9,site:pochvovedenie:Pochved2360037Korneykova:text:raw:dms:l:1,68.97305555555556,33.08888888888889,reported,pochvovedenie,pochvovedenie:Pochved2360037Korneykova,АНАЛИЗ ЭМИССИИ СО2 ГОРОДСКИМИ ПОЧВАМИ,,2023,,,,подзолов,Russian/national term (unverified),,Prose profile descriptor linked at document level because this document contains one reported Russian coordinate; it is not a row-level or independently surveyed pit coordinate.,"{""profile_candidate_id"": ""pochvovedenie:Pochved2360037Korneykova:text:raw:p:soil:22"", ""spatial_linkage"": ""document_single_reported_coordinate""}
рфологии, физико-химическим и микробио- логическим свойствам, при этом основные зако- номерности антропогенной трансформации в обоих городах были идентичны. В отличие от фо- новых подзолов, где поверхностный подстилоч- но-торфяный горизонт О характеризовался кис- лой реакцией среды и очень высоким содержанием углерода, профили урбаноземов городских участ- ков содержали поверхностный серо-гумусовый горизон",Pochved2360037Korneykova.txt
profile:prose:51cb4e7a89756d7c1255,site:pochvovedenie:Pochved2360072Samsonova:text:raw:strict:l:0,56.04,37.1662,reported,pochvovedenie,pochvovedenie:Pochved2360072Samsonova,ИССЛЕДОВАНИЕ НЕОПРЕДЕЛЕННОСТИ ОЦЕНОК ЗАПАСОВ,,2023,,,,podzolic,WRB,,Prose profile descriptor linked at document level because this document contains one reported Russian coordinate; it is not a row-level or independently surveyed pit coordinate.,"{""profile_candidate_id"": ""pochvovedenie:Pochved2360072Samsonova:text:raw:p:soil:12"", ""spatial_linkage"": ""document_single_reported_coordinate""}
il: vkbun@mail.ru A study of the uncertainty sources in the assessment of organic carbon stocks in a layer of 0–30 cm at the scale of the sampling area (100 × 100 m) laid on soddy-podzolic cultivated soil (Albic Glossic Retisol (Aric, Loamic, Ochric)) was carried out. In the experiment, two sampling methods were used – the classic 10-cm layers from profiles and with an auger to the depth of 0–30 cm. The s",Pochved2360072Samsonova.txt
profile:prose:58792f93a8348546fff9,site:pochvovedenie:Pochved2360047Kurganova:text:raw:strict:l:0,54.902,37.555,reported,pochvovedenie,pochvovedenie:Pochved2360047Kurganova,ТЕМПЕРАТУРНАЯ ЧУВСТВИТЕЛЬНОСТЬ ДЫХАНИЯ ПОЧВ ЛУГОВЫХ,,2023,,,,,,forest,Prose profile descriptor linked at document level because this document contains one reported Russian coordinate; it is not a row-level or independently surveyed pit coordinate.,"{""profile_candidate_id"": ""pochvovedenie:Pochved2360047Kurganova:text:raw:p:land:21"", ""spatial_linkage"": ""document_single_reported_coordinate""}
ce and Management. 2007. V. 1(2). Р. 2.  https://doi.org/10.1186/1750-0680-2-2 35. Larionova A.A., Rozanova L.N., Samoylov T.I. Dynam- ics of gas exchange in the profile of a gray forest soil // Soviet soil science. 1989. V. 3. P. 104–110. 36. Liu Y., He N., Zhu J., Xu L., Yu G., Niu S., Sun X., Wen X. Regional variation in the temperature sensitivity of soil organic matter decomposition in China’s fore",Pochved2360047Kurganova.txt
profile:prose:5b967a812dff683680d8,site:pochvovedenie:Pochved2360042Semenov:text:raw:dms:l:0,56.098305555555555,37.82161111111112,reported,pochvovedenie,pochvovedenie:Pochved2360042Semenov,"ИЗМЕРЕНИЕ ПОЧВЕННЫХ ПУЛОВ ОРГАНИЧЕСКОГО УГЛЕРОДА,",,2023,,,,подзолистой,Russian/national term (unverified),,Prose profile descriptor linked at document level because this document contains one reported Russian coordinate; it is not a row-level or independently surveyed pit coordinate.,"{""profile_candidate_id"": ""pochvovedenie:Pochved2360042Semenov:text:raw:p:soil:54"", ""spatial_linkage"": ""document_single_reported_coordinate""}
оверных прогнозов углеродного бюджета и эмиссионной способности почв. Рис. 4. Распределение РОМ и МАОМ между активным, медленным и пассивным пулами ПОВ разных горизонтов дер- ново-подзолистой почвы (ельник, пашня) и типичного чернозема (степь, пашня), % от Сорг. Почвенное органическое вещество Пул твердых органических  частиц (РОМ)  11–41% Пул минерально-ассоциированного  органического вещества  (МАОМ) 53–89",Pochved2360042Semenov.txt
profile:prose:5fd78157a10fd3516f20,site:pochvovedenie:Pochved2270002Pyatova:text:raw:dms:l:0,56.46516666666667,32.97108333333333,reported,pochvovedenie,pochvovedenie:Pochved2270002Pyatova,ОЦЕНКА ВКЛАДА РАЗЛИЧНЫХ КОМПОНЕНТОВ В АДСОРБЦИЮ Cu(II),,2023,,,,глеева,Russian/national term (unverified),,Prose profile descriptor linked at document level because this document contains one reported Russian coordinate; it is not a row-level or independently surveyed pit coordinate.,"{""profile_candidate_id"": ""pochvovedenie:Pochved2270002Pyatova:text:raw:p:soil:7"", ""spatial_linkage"": ""document_single_reported_coordinate""}
ого природного биосферного заповедника в Нели- довском районе Тверской области (56°27′54.6″ N, 32°58′15.9″ E). По классификации почв России 2004 г. почва относится к серогумусовым глеева- тым (ствол постлитогенных почв) [3], по класси- фикации WRB 2014 г. − к реферативной группе Gleyic Umbrisols (Ruptic) [54]. Почвенный про- филь состоит из горизонтов О (0–2 см), AY (2–11 см), ABg (11–24 см) и горизонта",Pochved2270002Pyatova.txt
profile:prose:62bc5e87122fde2a98ec,site:pochvovedenie:Pochved2260141Sosorova:text:raw:degree_decimal_minutes:0,51.545366666666666,107.0432,reported,pochvovedenie,pochvovedenie:Pochved2260141Sosorova,СОРБЦИЯ ФОСФОРА ЗАСОЛЕННЫМИ ПОЧВАМИ,,2023,,,,солончаке,Russian/national term (unverified),,Prose profile descriptor linked at document level because this document contains one reported Russian coordinate; it is not a row-level or independently surveyed pit coordinate.,"{""profile_candidate_id"": ""pochvovedenie:Pochved2260141Sosorova:text:raw:p:soil:66"", ""spatial_linkage"": ""document_single_reported_coordinate""}
разрезов 1, 5 (Р.2-2022), 12 и 13 обусловливают максималь- ную сорбцию и большее сродство фосфат–ионов в них, чем в нижележащих горизонтах. Равномер- ное поглощение фосфат-ионов в солончаке глее- вом (разрез 11) связано с относительно равномер- ным распределением физической глины, карбона- тов и рН. Повышение поглощения фосфат-ионов в нижнем горизонте солончака типичного (разрез 4) обусловлено увеличением ",Pochved2260141Sosorova.txt
profile:prose:6944c7180c311ef2f289,site:pochvovedenie:Pochved2260159Malyshev:text:raw:dms:l:2,45.61083333333333,44.3275,reported,pochvovedenie,pochvovedenie:Pochved2260159Malyshev,СРАВНЕНИЕ ПЛОЩАДНЫХ И ПРОФИЛЬНЫХ ПОКАЗАТЕЛЕЙ,,2023,,,,солонцового,Russian/national term (unverified),,Prose profile descriptor linked at document level because this document contains one reported Russian coordinate; it is not a row-level or independently surveyed pit coordinate.,"{""profile_candidate_id"": ""pochvovedenie:Pochved2260159Malyshev:text:raw:p:soil:25"", ""spatial_linkage"": ""document_single_reported_coordinate""}
 пространственной ва- риабельности химических и физических свойств поверхностных горизонтов почв степной зоны // Почвоведение. 2007. № 10. С. 1168–1178. 17. Хитров Н.Б. Связь почв солонцового комплекса Северного Прикаспия с микрорельефом // Почво- ведение. 2005. № 3. С. 271–284. 18. Чухров Ф.В., Ермилова Л.П., Горшков А.И. Гипер- генные окислы железа в геологических процессах. М.: Наука, 1975. 207 с. 19. Ale",Pochved2260159Malyshev.txt
profile:prose:69959a12d5797659aa0d,site:pochvovedenie:Pochved2260123Golovchenko:text:raw:dms:l:3,56.51916666666666,84.64083333333333,reported,pochvovedenie,pochvovedenie:Pochved2260123Golovchenko,МИЦЕЛИАЛЬНЫЙ КОМПОНЕНТ ЭУТРОФНЫХ ТОРФЯНЫХ ПОЧВ,,2023,,,,торфяном,Russian/national term (unverified),,Prose profile descriptor linked at document level because this document contains one reported Russian coordinate; it is not a row-level or independently surveyed pit coordinate.,"{""profile_candidate_id"": ""pochvovedenie:Pochved2260123Golovchenko:text:raw:p:soil:35"", ""spatial_linkage"": ""document_single_reported_coordinate""}
мальные значения биомассы актиномицетного (АМ), грибного (ГМ) мицелия, спор грибов (СГ) и углерода микробной биомассы мицелиального компонента (АМ + ГМ) в подстилке (О) и эутрофно-торфяном го- ризонте (ТЕ) исследуемых почв Горизонт Биомасса, мкг/г сухого субстрата Углерод биомассы, мг С/г  сухого субстрата АМ ГМ СГ АМ + ГМ О1(L) 9‒21 1424‒4095 108‒330 0.7‒2.1 О2(F) 34‒92 6669‒19208 230‒603 3.3‒9.6 TЕ (0‒2",Pochved2260123Golovchenko.txt
profile:prose:6c0021dafd33be5c154f,site:pochvovedenie:Pochved2360033Goncharova:text:raw:dms:l:0,65.31466666666667,72.88172222222221,reported,pochvovedenie,pochvovedenie:Pochved2360033Goncharova,ЭМИССИЯ СО2 ПОЧВАМИ ЭКОТОННОЙ ЗОНЫ,,2023,,,,подзолистым,Russian/national term (unverified),,Prose profile descriptor linked at document level because this document contains one reported Russian coordinate; it is not a row-level or independently surveyed pit coordinate.,"{""profile_candidate_id"": ""pochvovedenie:Pochved2360033Goncharova:text:raw:p:soil:19"", ""spatial_linkage"": ""document_single_reported_coordinate""}
оленьей Cladonia rangiferina (L.) Weber ex F.H. Wigg. Дан- ные экосистемы встречаются фрагментарно, за- нимая не более 5–10% общей площади сосняков. Почвы характеризуются развитым подзолистым горизонтом и классифицируются как подзолы языковатые. Мощность подзолистого горизонта может достигать 40–50 см, подстилочно-торфя- ный горизонт выражен слабо. Почвы характери- зуются низкими запасами углерода, небольшим",Pochved2360033Goncharova.txt
profile:prose:6eacd034f67cd64e529f,site:pochvovedenie:Pochved2360037Korneykova:text:raw:dms:l:1,68.97305555555556,33.08888888888889,reported,pochvovedenie,pochvovedenie:Pochved2360037Korneykova,АНАЛИЗ ЭМИССИИ СО2 ГОРОДСКИМИ ПОЧВАМИ,,2023,,,,глееватый,Russian/national term (unverified),,Prose profile descriptor linked at document level because this document contains one reported Russian coordinate; it is not a row-level or independently surveyed pit coordinate.,"{""profile_candidate_id"": ""pochvovedenie:Pochved2360037Korneykova:text:raw:p:soil:10"", ""spatial_linkage"": ""document_single_reported_coordinate""}
ощупь супесь. Начиная с горизонта BH и глубже, встречается большое ко- личество каменистых включений, в том числе щебень и отдельные валуны. Почва – подзол ил- лювиально-гумусовый глееватый (Folic Albic Podzol (Arenic)). Участок расположен в зоне лесотундры, выде- лено два типа растительных сообществ. Первый тип представлен березовым криволесьем с доми- нированием Betula tortuosa Ledeb. в древесном ярусе, ",Pochved2360037Korneykova.txt
profile:prose:6f7170fda8e320341c46,site:pochvovedenie:Pochved2260123Golovchenko:text:raw:dms:l:3,56.51916666666666,84.64083333333333,reported,pochvovedenie,pochvovedenie:Pochved2260123Golovchenko,МИЦЕЛИАЛЬНЫЙ КОМПОНЕНТ ЭУТРОФНЫХ ТОРФЯНЫХ ПОЧВ,,2023,,,,бурозема,Russian/national term (unverified),,Prose profile descriptor linked at document level because this document contains one reported Russian coordinate; it is not a row-level or independently surveyed pit coordinate.,"{""profile_candidate_id"": ""pochvovedenie:Pochved2260123Golovchenko:text:raw:p:soil:40"", ""spatial_linkage"": ""document_single_reported_coordinate""}
 содержа- нии углерода органического вещества колебалась от 0.2 до 3% [10]; в подстилках заповедных ельни- ков ‒ от 5.5 до 17.2%, в минеральных горизонтах почв (бело-подзолистой и бурозема) под этими же ельниками ‒ от 48 до 68% [23]. Показатели обилия актиномицетов и грибов, по- лученные методом посева. В зоне основной де- струкции органического детрита исследуемых почв численность культивируемых актиноми",Pochved2260123Golovchenko.txt
profile:prose:701f0d95d1e18d93dc71,site:pochvovedenie:Pochved2260141Sosorova:text:raw:degree_decimal_minutes:0,51.545366666666666,107.0432,reported,pochvovedenie,pochvovedenie:Pochved2260141Sosorova,СОРБЦИЯ ФОСФОРА ЗАСОЛЕННЫМИ ПОЧВАМИ,,2023,5,,,солончаков,Russian/national term (unverified),,Prose profile descriptor linked at document level because this document contains one reported Russian coordinate; it is not a row-level or independently surveyed pit coordinate.,"{""profile_candidate_id"": ""pochvovedenie:Pochved2260141Sosorova:text:raw:p:soil:64"", ""spatial_linkage"": ""document_single_reported_coordinate""}
ов сорбции фосфат-ионов, связанных со свойствами почв. Так, относительно большое различие в сорбции фосфат-ионов солончаком квазиглеевым (разрез 5 (Р.2-2022)) от других подти- пов солончаков обусловлено относительно повы- шенным содержанием карбонатов и гумуса, сум- мой солей, а солончака сорового (разрез 14) – рН, очень низким содержанием гумуса, меньшим со- держанием физической глины, типом засоления и вы",Pochved2260141Sosorova.txt
profile:prose:71bc1cfda6939f6a666b,site:pochvovedenie:Pochved2260141Sosorova:text:raw:degree_decimal_minutes:0,51.545366666666666,107.0432,reported,pochvovedenie,pochvovedenie:Pochved2260141Sosorova,СОРБЦИЯ ФОСФОРА ЗАСОЛЕННЫМИ ПОЧВАМИ,,2023,14,,,аллювиальная,Russian/national term (unverified),,Prose profile descriptor linked at document level because this document contains one reported Russian coordinate; it is not a row-level or independently surveyed pit coordinate.,"{""profile_candidate_id"": ""pochvovedenie:Pochved2260141Sosorova:text:raw:p:soil:55"", ""spatial_linkage"": ""document_single_reported_coordinate""}
3 – солончак типичный хлоридно-сульфатно-содовый, d – разрез 14 – солончак соровый содово-хлоридно-сульфатный, разрез 4 – аллювиальная светлогумусовая засо- ленная, e – разрез 3 – аллювиальная светлогумусовая засоленная, разрез 1 – солончак типичный сульфатно-хло- ридно-содовый, f – разрез 5 (Р.2-2022) – солончак квазиглеевый сульфатный. 2 4 6 8 10 12 14 16 18 20 22 24 26 28 0 1 2 3 4 5 0–6 20–30 30–58 58–100",Pochved2260141Sosorova.txt
profile:prose:7a34596a38a0c2d6844f,site:pochvovedenie:Pochved2260123Golovchenko:text:raw:dms:l:3,56.51916666666666,84.64083333333333,reported,pochvovedenie,pochvovedenie:Pochved2260123Golovchenko,МИЦЕЛИАЛЬНЫЙ КОМПОНЕНТ ЭУТРОФНЫХ ТОРФЯНЫХ ПОЧВ,,2023,,,,глеевая,Russian/national term (unverified),,Prose profile descriptor linked at document level because this document contains one reported Russian coordinate; it is not a row-level or independently surveyed pit coordinate.,"{""profile_candidate_id"": ""pochvovedenie:Pochved2260123Golovchenko:text:raw:p:soil:45"", ""spatial_linkage"": ""document_single_reported_coordinate""}
али чис- ленное преимущество грибов в ферментативном слое подстилок исследуемых почв. Анализ подстилок и гумусово-аккумулятив- ных горизонтов широкого спектра лесных почв (торфяно-глеевая, бело-подзолистая, дерново- палево-подзолистая, бурозем, торфяная низин- ная) выявил, что численность микромицетов в них составляла в большинстве случаев сотни ты- сяч КОЕ/г и была на порядок ниже в иллювиаль- ных гориз",Pochved2260123Golovchenko.txt
profile:prose:7bb98cf41be23c0f0444,site:pochvovedenie:Pochved2260141Sosorova:text:raw:degree_decimal_minutes:0,51.545366666666666,107.0432,reported,pochvovedenie,pochvovedenie:Pochved2260141Sosorova,СОРБЦИЯ ФОСФОРА ЗАСОЛЕННЫМИ ПОЧВАМИ,,2023,5,,,солончаком,Russian/national term (unverified),,Prose profile descriptor linked at document level because this document contains one reported Russian coordinate; it is not a row-level or independently surveyed pit coordinate.,"{""profile_candidate_id"": ""pochvovedenie:Pochved2260141Sosorova:text:raw:p:soil:63"", ""spatial_linkage"": ""document_single_reported_coordinate""}
 в пределах 17.70–42.74 мМ P/кг, что указывает на различие механизмов сорбции фосфат-ионов, связанных со свойствами почв. Так, относительно большое различие в сорбции фосфат-ионов солончаком квазиглеевым (разрез 5 (Р.2-2022)) от других подти- пов солончаков обусловлено относительно повы- шенным содержанием карбонатов и гумуса, сум- мой солей, а солончака сорового (разрез 14) – рН, очень низким содержанием г",Pochved2260141Sosorova.txt
profile:prose:7c48ea0435b6e50f8493,site:pochvovedenie:Pochved2360033Goncharova:text:raw:dms:l:0,65.31466666666667,72.88172222222221,reported,pochvovedenie,pochvovedenie:Pochved2360033Goncharova,ЭМИССИЯ СО2 ПОЧВАМИ ЭКОТОННОЙ ЗОНЫ,,2023,,,,торфяной,Russian/national term (unverified),,Prose profile descriptor linked at document level because this document contains one reported Russian coordinate; it is not a row-level or independently surveyed pit coordinate.,"{""profile_candidate_id"": ""pochvovedenie:Pochved2360033Goncharova:text:raw:p:soil:28"", ""spatial_linkage"": ""document_single_reported_coordinate""}
, Histic Oxyaquic Turbic Cryosol (Arenic). Профиль (O⎯TO–CR⊥) состоит из ягелевого очеса, 1–2 слабо- или среднеразложен- ных торфяных горизонтов олиготрофного типа. Общая мощность торфяной толщи не превышает 50 см. Минеральная часть представлена криотур- бированным супесчаным горизонтом неоднород- ной окраски: серой, белесой, коричневатой, кото- рый сменяется мерзлой песчаной породой. Реак- ция среды меня",Pochved2360033Goncharova.txt
profile:prose:7c865698c67b3c0aaa7f,site:pochvovedenie:Pochved2260123Golovchenko:text:raw:dms:l:3,56.51916666666666,84.64083333333333,reported,pochvovedenie,pochvovedenie:Pochved2260123Golovchenko,МИЦЕЛИАЛЬНЫЙ КОМПОНЕНТ ЭУТРОФНЫХ ТОРФЯНЫХ ПОЧВ,,2023,,,,торфяный,Russian/national term (unverified),,Prose profile descriptor linked at document level because this document contains one reported Russian coordinate; it is not a row-level or independently surveyed pit coordinate.,"{""profile_candidate_id"": ""pochvovedenie:Pochved2260123Golovchenko:text:raw:p:soil:21"", ""spatial_linkage"": ""document_single_reported_coordinate""}
 к типу эутрофные торфяные, подтипу перегнойно-тор- фяные (ТЛ1) и типичные (ТО, ТЛ2, ТП) мощные почвы [18], по WRB – Sapric Histosols [22]. Анализировали подстилку (О) и эутрофно- торфяный горизонт (ТЕ) исследуемых почв. Эти горизонты представляют зону основной деструк- ции органического детрита в этих почвах. По бо- лотной терминологии эта зона без подстилки со- ответствует деятельному слою эвтрофных тор",Pochved2260123Golovchenko.txt
profile:prose:82e2a34c34c55be0bd91,site:pochvovedenie:Pochved2260123Golovchenko:text:raw:dms:l:3,56.51916666666666,84.64083333333333,reported,pochvovedenie,pochvovedenie:Pochved2260123Golovchenko,МИЦЕЛИАЛЬНЫЙ КОМПОНЕНТ ЭУТРОФНЫХ ТОРФЯНЫХ ПОЧВ,,2023,,,,торфяного,Russian/national term (unverified),,Prose profile descriptor linked at document level because this document contains one reported Russian coordinate; it is not a row-level or independently surveyed pit coordinate.,"{""profile_candidate_id"": ""pochvovedenie:Pochved2260123Golovchenko:text:raw:p:soil:50"", ""spatial_linkage"": ""document_single_reported_coordinate""}
таммов акти- номицетов, подавляющее большинство из них (70) были идентифицированы до рода Streptomyces, 3 – до рода Micromonospora. Доминирование в образ- цах подстилки и эутрофно-торфяного горизонта представителей рода Streptomyces не случайно, так как они являются наиболее многочисленной груп- пой почвенных мицелиальных прокариот [26, 38]. Стрептомицеты были отнесены к 42 видам из 12 серий и 4 секций (та",Pochved2260123Golovchenko.txt
profile:prose:8459c396217d42daad03,site:pochvovedenie:Pochved2360037Korneykova:text:raw:dms:l:1,68.97305555555556,33.08888888888889,reported,pochvovedenie,pochvovedenie:Pochved2360037Korneykova,АНАЛИЗ ЭМИССИИ СО2 ГОРОДСКИМИ ПОЧВАМИ,,2023,,,,торфяный,Russian/national term (unverified),,Prose profile descriptor linked at document level because this document contains one reported Russian coordinate; it is not a row-level or independently surveyed pit coordinate.,"{""profile_candidate_id"": ""pochvovedenie:Pochved2360037Korneykova:text:raw:p:soil:13"", ""spatial_linkage"": ""document_single_reported_coordinate""}
а- лунные пески и супеси. Почвенный профиль ха- рактерен для иллювиально-железистых подзолов. По сравнению с аналогичной фоновой почвой для г. Мурманск, поверхностный подстилочно- торфяный грубогумусированный горизонт Oao характеризуется меньшей мощностью (0–7 см) и более высокой степенью разложения органиче- ских остатков. Ниже яркий, охристой окраски, ил- лювиально-железистый горизонт BF (10–35 см). В п",Pochved2360037Korneykova.txt
profile:prose:84667a97fb4ba720f7d5,site:pochvovedenie:Pochved2260123Golovchenko:text:raw:dms:l:3,56.51916666666666,84.64083333333333,reported,pochvovedenie,pochvovedenie:Pochved2260123Golovchenko,МИЦЕЛИАЛЬНЫЙ КОМПОНЕНТ ЭУТРОФНЫХ ТОРФЯНЫХ ПОЧВ,,2023,,,,ТОРФЯНЫХ,Russian/national term (unverified),,Prose profile descriptor linked at document level because this document contains one reported Russian coordinate; it is not a row-level or independently surveyed pit coordinate.,"{""profile_candidate_id"": ""pochvovedenie:Pochved2260123Golovchenko:text:raw:p:soil:9"", ""spatial_linkage"": ""document_single_reported_coordinate""}
ариотного комплекса этих почв [6]. УДК 631.46,576.8 ТАКСОНОМИЧЕСКОЕ И ФУНКЦИОНАЛЬНОЕ РАЗНООБРАЗИЕ ПОЧВЕННЫХ МИКРОБИОМОВ  ПОЧВОВЕДЕНИЕ   № 5   2023 МИЦЕЛИАЛЬНЫЙ КОМПОНЕНТ ЭУТРОФНЫХ ТОРФЯНЫХ ПОЧВ 537 Динамика концентрации органического угле- рода, формирующего профиль почвы, зависит от процессов его поступления с опадом, перемеще- ния вглубь почвы и микробной трансформации. Особенностью эутрофных торфяных п",Pochved2260123Golovchenko.txt
profile:prose:858dd2732ea6cddc34b4,site:pochvovedenie:Pochved2260123Golovchenko:text:raw:dms:l:3,56.51916666666666,84.64083333333333,reported,pochvovedenie,pochvovedenie:Pochved2260123Golovchenko,МИЦЕЛИАЛЬНЫЙ КОМПОНЕНТ ЭУТРОФНЫХ ТОРФЯНЫХ ПОЧВ,,2023,,,,,,лесных,Prose profile descriptor linked at document level because this document contains one reported Russian coordinate; it is not a row-level or independently surveyed pit coordinate.,"{""profile_candidate_id"": ""pochvovedenie:Pochved2260123Golovchenko:text:raw:p:land:87"", ""spatial_linkage"": ""document_single_reported_coordinate""}
ержание актиномицетов было на порядок больше, чем в слое L и на 1‒2 по- рядка больше, чем в горизонте ТЕ (табл. 3). Многолетнее изучение актиномицетных ком- плексов в разных типах лесных биогеоценозов Рис. 2. Доли подстилки (О) и эутрофно-торфяного горизонта (ТЕ) в профильном запасе (0.55 м) актиномицетной (а) и грибной (b) биомассы. 100 75 50 25 0 % ТЛ1 ТЛ2 ТО ТП 100 75 50 25 0 % ТЛ2 ТЛ1 ТП ТО Торфяник",Pochved2260123Golovchenko.txt
profile:prose:895fcf35c4a2b54f0c96,site:pochvovedenie:Pochved2260123Golovchenko:text:raw:dms:l:3,56.51916666666666,84.64083333333333,reported,pochvovedenie,pochvovedenie:Pochved2260123Golovchenko,МИЦЕЛИАЛЬНЫЙ КОМПОНЕНТ ЭУТРОФНЫХ ТОРФЯНЫХ ПОЧВ,,2023,,,,торфяная,Russian/national term (unverified),,Prose profile descriptor linked at document level because this document contains one reported Russian coordinate; it is not a row-level or independently surveyed pit coordinate.,"{""profile_candidate_id"": ""pochvovedenie:Pochved2260123Golovchenko:text:raw:p:soil:49"", ""spatial_linkage"": ""document_single_reported_coordinate""}
ок исследуемых почв. Анализ подстилок и гумусово-аккумулятив- ных горизонтов широкого спектра лесных почв (торфяно-глеевая, бело-подзолистая, дерново- палево-подзолистая, бурозем, торфяная низин- ная) выявил, что численность микромицетов в них составляла в большинстве случаев сотни ты- сяч КОЕ/г и была на порядок ниже в иллювиаль- ных горизонтах и подстилающей породе [8]. Чис- ленность микромицетов, устан",Pochved2260123Golovchenko.txt
profile:prose:8c8596258434d1f0aca6,site:pochvovedenie:Pochved2360042Semenov:text:raw:dms:l:0,56.098305555555555,37.82161111111112,reported,pochvovedenie,pochvovedenie:Pochved2360042Semenov,"ИЗМЕРЕНИЕ ПОЧВЕННЫХ ПУЛОВ ОРГАНИЧЕСКОГО УГЛЕРОДА,",,2023,,,,Дерново-подзолистая,Russian/national term (unverified),,Prose profile descriptor linked at document level because this document contains one reported Russian coordinate; it is not a row-level or independently surveyed pit coordinate.,"{""profile_candidate_id"": ""pochvovedenie:Pochved2360042Semenov:text:raw:p:soil:14"", ""spatial_linkage"": ""document_single_reported_coordinate""}
частиц (РОМ) в профиле почв разного землепользования Глубина, см Фракция РОМ + песок, %  от массы почвы СРОМ, % от массы  фракции С/N фракции  РОМ СРОМ, г/кг почвы СРОМ, % от Сорг Дерново-подзолистая почва, ельник 2–12 16 ± 3 5.06 ± 0.08 17.8 7.91 ± 1.26 38 12–32 6 ± 1 2.19 ± 0.14 16.6 1.37 ± 0.10 30 32–48 4 ± 1 0.76 ± 0.05 14.4 0.32 ± 0.03 16 Дерново-подзолистая почва, пашня 0–18 12 ± 1 1.66 ± 0.03 13.9 1.98 ± 0.08",Pochved2360042Semenov.txt
profile:prose:8cb84c4e9b694325f087,site:pochvovedenie:Pochved2260123Golovchenko:text:raw:dms:l:3,56.51916666666666,84.64083333333333,reported,pochvovedenie,pochvovedenie:Pochved2260123Golovchenko,МИЦЕЛИАЛЬНЫЙ КОМПОНЕНТ ЭУТРОФНЫХ ТОРФЯНЫХ ПОЧВ,,2023,,,,,,лесных,Prose profile descriptor linked at document level because this document contains one reported Russian coordinate; it is not a row-level or independently surveyed pit coordinate.,"{""profile_candidate_id"": ""pochvovedenie:Pochved2260123Golovchenko:text:raw:p:land:90"", ""spatial_linkage"": ""document_single_reported_coordinate""}
. Оба метода фиксировали чис- ленное преимущество грибов в ферментативном слое подстилок исследуемых почв. Анализ подстилок и гумусово-аккумулятив- ных горизонтов широкого спектра лесных почв (торфяно-глеевая, бело-подзолистая, дерново- палево-подзолистая, бурозем, торфяная низин- ная) выявил, что численность микромицетов в них составляла в большинстве случаев сотни ты- сяч КОЕ/г и была на порядок ниже ",Pochved2260123Golovchenko.txt
profile:prose:8e1f852f4de1ff5ac2b1,site:pochvovedenie:Pochved2260141Sosorova:text:raw:degree_decimal_minutes:0,51.545366666666666,107.0432,reported,pochvovedenie,pochvovedenie:Pochved2260141Sosorova,СОРБЦИЯ ФОСФОРА ЗАСОЛЕННЫМИ ПОЧВАМИ,,2023,11,,,солончаковоползунковым,Russian/national term (unverified),,Prose profile descriptor linked at document level because this document contains one reported Russian coordinate; it is not a row-level or independently surveyed pit coordinate.,"{""profile_candidate_id"": ""pochvovedenie:Pochved2260141Sosorova:text:raw:p:soil:29"", ""spatial_linkage"": ""document_single_reported_coordinate""}
renic, Sulfatic, Humic)). Разрез 11 (h = 639 м над ур. м., 50°39.221′ N, 105°39.631′ E) заложен на северном берегу оз. Ка- менный ключ (Джидинский район) в 150 м от уреза воды под солончаковоползунковым сообще- ством. Почва – солончак глеевый хлоридно-суль- фатно-содовый (Sodic Gleyic Solonchaks (Loamic, Carbonatic)). Характеристика некоторых свойств почв пред- ставлена в табл. 1 и ранее опубликованных рабо- тах [27, 2",Pochved2260141Sosorova.txt
profile:prose:9730d5a3fd70274edb49,site:pochvovedenie:Pochved2360037Korneykova:text:raw:dms:l:1,68.97305555555556,33.08888888888889,reported,pochvovedenie,pochvovedenie:Pochved2360037Korneykova,АНАЛИЗ ЭМИССИИ СО2 ГОРОДСКИМИ ПОЧВАМИ,,2023,,,,торфяных,Russian/national term (unverified),,Prose profile descriptor linked at document level because this document contains one reported Russian coordinate; it is not a row-level or independently surveyed pit coordinate.,"{""profile_candidate_id"": ""pochvovedenie:Pochved2360037Korneykova:text:raw:p:soil:25"", ""spatial_linkage"": ""document_single_reported_coordinate""}
верхностных горизонтов почв северных го- родов [43, 56, 69]. В то же время особенности строения профиля фоновых подзолов определя- ют максимальные запасы углерода в поверхност- но-торфяных горизонтах, что и было показано для обоих фоновых объектов. Содержание Сmic в городских почвах Апатитов и Мурманска значимо не различалось, но было в 1.2 и в 6 раз ниже по сравнению с соответствую- щим фоном (дисперсион",Pochved2360037Korneykova.txt
profile:prose:989c77ac8127bb71a2d7,site:pochvovedenie:Pochved2360033Goncharova:text:raw:dms:l:0,65.31466666666667,72.88172222222221,reported,pochvovedenie,pochvovedenie:Pochved2360033Goncharova,ЭМИССИЯ СО2 ПОЧВАМИ ЭКОТОННОЙ ЗОНЫ,,2023,,,,подзолы,Russian/national term (unverified),,Prose profile descriptor linked at document level because this document contains one reported Russian coordinate; it is not a row-level or independently surveyed pit coordinate.,"{""profile_candidate_id"": ""pochvovedenie:Pochved2360033Goncharova:text:raw:p:soil:20"", ""spatial_linkage"": ""document_single_reported_coordinate""}
. Wigg. Дан- ные экосистемы встречаются фрагментарно, за- нимая не более 5–10% общей площади сосняков. Почвы характеризуются развитым подзолистым горизонтом и классифицируются как подзолы языковатые. Мощность подзолистого горизонта может достигать 40–50 см, подстилочно-торфя- ный горизонт выражен слабо. Почвы характери- зуются низкими запасами углерода, небольшими запасами корневой биомассы. Торфяники пр",Pochved2360033Goncharova.txt
profile:prose:9998d030f5bba5ed58b7,site:pochvovedenie:Pochved2360033Goncharova:text:raw:dms:l:0,65.31466666666667,72.88172222222221,reported,pochvovedenie,pochvovedenie:Pochved2360033Goncharova,ЭМИССИЯ СО2 ПОЧВАМИ ЭКОТОННОЙ ЗОНЫ,,2023,,,,подзолами,Russian/national term (unverified),,Prose profile descriptor linked at document level because this document contains one reported Russian coordinate; it is not a row-level or independently surveyed pit coordinate.,"{""profile_candidate_id"": ""pochvovedenie:Pochved2360033Goncharova:text:raw:p:soil:15"", ""spatial_linkage"": ""document_single_reported_coordinate""}
е явления приводят к формированию выраженного остаточно-полигонального рельефа и высокой не- однородности структуры почвенного покрова и свойств почв. Почвенный покров представлен подзолами иллювиально-железистыми и подбура- ми оподзоленными (Albic Podzol) [8, 52]. Профиль подзола/подбура (O–(E)–BHF–BС) состоит из оторфованной подстилки мощностью 5–10 см, осветленного песчаного подзолистого горизонта разли",Pochved2360033Goncharova.txt
profile:prose:9c1d95fe45a786d7a1dd,site:pochvovedenie:Pochved2360041Grodnitskaya:text:raw:ru_abbr:dms:0,56.36666666666667,92.95,reported,pochvovedenie,pochvovedenie:Pochved2360041Grodnitskaya,БИОИНДИКАЦИЯ СОСТОЯНИЯ ТЕМНО-СЕРОЙ ПОЧВЫ В СОСНЯКАХ,,2023,,,,,,лесные,Prose profile descriptor linked at document level because this document contains one reported Russian coordinate; it is not a row-level or independently surveyed pit coordinate.,"{""profile_candidate_id"": ""pochvovedenie:Pochved2360041Grodnitskaya:text:raw:p:land:6"", ""spatial_linkage"": ""document_single_reported_coordinate""}
поскольку пожар прошел неравномер- но (с разной интенсивностью), на участках наря- ду с углями на поверхности почвы осталось много несгоревших растительных остатков. Известно, что лесные пожары генерируют значительное ко- личество пирогенного углерода (PyC), который первоначально находится в горизонте О и служит стабильной формой углерода экосистемы [31]. В исследовании [31] показано, что в среднем об- ",Pochved2360041Grodnitskaya.txt
profile:prose:9df91cfc1dd14c367777,site:pochvovedenie:Pochved2360033Goncharova:text:raw:dms:l:0,65.31466666666667,72.88172222222221,reported,pochvovedenie,pochvovedenie:Pochved2360033Goncharova,ЭМИССИЯ СО2 ПОЧВАМИ ЭКОТОННОЙ ЗОНЫ,,2023,,,,подзола,Russian/national term (unverified),,Prose profile descriptor linked at document level because this document contains one reported Russian coordinate; it is not a row-level or independently surveyed pit coordinate.,"{""profile_candidate_id"": ""pochvovedenie:Pochved2360033Goncharova:text:raw:p:soil:17"", ""spatial_linkage"": ""document_single_reported_coordinate""}
днородности структуры почвенного покрова и свойств почв. Почвенный покров представлен подзолами иллювиально-железистыми и подбура- ми оподзоленными (Albic Podzol) [8, 52]. Профиль подзола/подбура (O–(E)–BHF–BС) состоит из оторфованной подстилки мощностью 5–10 см, осветленного песчаного подзолистого горизонта различной мощности (иногда выражен фрагмен- тарно или отсутствует), иллювиально-железистого супес",Pochved2360033Goncharova.txt
profile:prose:9e12c4436818bfd51a8b,site:pochvovedenie:Pochved2260141Sosorova:text:raw:degree_decimal_minutes:0,51.545366666666666,107.0432,reported,pochvovedenie,pochvovedenie:Pochved2260141Sosorova,СОРБЦИЯ ФОСФОРА ЗАСОЛЕННЫМИ ПОЧВАМИ,,2023,14,,,солончака,Russian/national term (unverified),,Prose profile descriptor linked at document level because this document contains one reported Russian coordinate; it is not a row-level or independently surveyed pit coordinate.,"{""profile_candidate_id"": ""pochvovedenie:Pochved2260141Sosorova:text:raw:p:soil:58"", ""spatial_linkage"": ""document_single_reported_coordinate""}
ННЫМИ ПОЧВАМИ 1237 тает, так как молекулы адсорбата взаимодействуют друг с другом значительно сильнее, чем с поверх- ностью адсорбента. Такой тип изотерм выявлен для слоя 22–53 см солончака сорового (разрез 14), с невысоким содержанием физической глины, растворимых солей, карбонатов, низким ЕКО. Можно выделить следующие основные меха- низмы поглощения фосфат-ионов исследуемыми почвами: 1) образование малор",Pochved2260141Sosorova.txt
profile:prose:a22c0b702adf87306b04,site:pochvovedenie:Pochved2360042Semenov:text:raw:dms:l:0,56.098305555555555,37.82161111111112,reported,pochvovedenie,pochvovedenie:Pochved2360042Semenov,"ИЗМЕРЕНИЕ ПОЧВЕННЫХ ПУЛОВ ОРГАНИЧЕСКОГО УГЛЕРОДА,",,2023,,,,,,лесных,Prose profile descriptor linked at document level because this document contains one reported Russian coordinate; it is not a row-level or independently surveyed pit coordinate.,"{""profile_candidate_id"": ""pochvovedenie:Pochved2360042Semenov:text:raw:p:land:64"", ""spatial_linkage"": ""document_single_reported_coordinate""}
е отношение C/N в составе РОМ, чем в поч- ве. Наоборот, концентрация углерода в МАОМ бы- ла в 1.1–1.4 раза меньше, а отношение C/N уже, чем в почве. По обобщенным данным, в почвах лесных и луговых экосистем отношения C/N во всей почве, РОМ и МАОМ подчиняются пропор- ции 1 : 1.47 : 0.84 [32]. В гумусовых горизонтах ис- следуемых типов почв разного землепользования эти соотношения равнялись 1 : 1.43 : 0.7",Pochved2360042Semenov.txt
profile:prose:a2516818bd840ee4e3dc,site:pochvovedenie:Pochved2360072Samsonova:text:raw:strict:l:0,56.04,37.1662,reported,pochvovedenie,pochvovedenie:Pochved2360072Samsonova,ИССЛЕДОВАНИЕ НЕОПРЕДЕЛЕННОСТИ ОЦЕНОК ЗАПАСОВ,,2023,,,,Retisol,WRB,,Prose profile descriptor linked at document level because this document contains one reported Russian coordinate; it is not a row-level or independently surveyed pit coordinate.,"{""profile_candidate_id"": ""pochvovedenie:Pochved2360072Samsonova:text:raw:p:soil:13"", ""spatial_linkage"": ""document_single_reported_coordinate""}
inty sources in the assessment of organic carbon stocks in a layer of 0–30 cm at the scale of the sampling area (100 × 100 m) laid on soddy-podzolic cultivated soil (Albic Glossic Retisol (Aric, Loamic, Ochric)) was carried out. In the experiment, two sampling methods were used – the classic 10-cm layers from profiles and with an auger to the depth of 0–30 cm. The soil bulk density was determined by the ",Pochved2360072Samsonova.txt
profile:prose:a2b59d29e9ae6d95ff75,site:pochvovedenie:Pochved2260123Golovchenko:text:raw:dms:l:3,56.51916666666666,84.64083333333333,reported,pochvovedenie,pochvovedenie:Pochved2260123Golovchenko,МИЦЕЛИАЛЬНЫЙ КОМПОНЕНТ ЭУТРОФНЫХ ТОРФЯНЫХ ПОЧВ,,2023,,,,подзолистая,Russian/national term (unverified),,Prose profile descriptor linked at document level because this document contains one reported Russian coordinate; it is not a row-level or independently surveyed pit coordinate.,"{""profile_candidate_id"": ""pochvovedenie:Pochved2260123Golovchenko:text:raw:p:soil:47"", ""spatial_linkage"": ""document_single_reported_coordinate""}
нтативном слое подстилок исследуемых почв. Анализ подстилок и гумусово-аккумулятив- ных горизонтов широкого спектра лесных почв (торфяно-глеевая, бело-подзолистая, дерново- палево-подзолистая, бурозем, торфяная низин- ная) выявил, что численность микромицетов в них составляла в большинстве случаев сотни ты- сяч КОЕ/г и была на порядок ниже в иллювиаль- ных горизонтах и подстилающей породе [8]. Чис- ленность ",Pochved2260123Golovchenko.txt
profile:prose:a46779aed34759728d98,site:pochvovedenie:Pochved2260141Sosorova:text:raw:degree_decimal_minutes:0,51.545366666666666,107.0432,reported,pochvovedenie,pochvovedenie:Pochved2260141Sosorova,СОРБЦИЯ ФОСФОРА ЗАСОЛЕННЫМИ ПОЧВАМИ,,2023,,,,Солончак,Russian/national term (unverified),,Prose profile descriptor linked at document level because this document contains one reported Russian coordinate; it is not a row-level or independently surveyed pit coordinate.,"{""profile_candidate_id"": ""pochvovedenie:Pochved2260141Sosorova:text:raw:p:soil:42"", ""spatial_linkage"": ""document_single_reported_coordinate""}
.17 0.16 2.9 49.2 Сульфатный AJ2 6–21(26) 21.0 2.8 8.3 10.6 5.2 0.35 1.5 1.2 0.09 0.16 0.4 8.4 Bsn,ca 21(26)–50 28.6 10.0 8.0 9.9 8.6 0.85 6.8 0.9 0.05 0.16 0.7 4.4 Разрез 1-2022. Солончак типичный (Иволгинский район, с. Оронгой, Итыгиловский источник) АUса 0–43(46) 27.8 14.19 8.4 15.9 6.1 0.60 13.0 4.4 0.10 1.7 0.8 28.6 Сульфатно-хло- ридно-содовый B 43(46)–50 14.8 10.5 8.5 16.2 3.3 0.33 6.8 1.5 0.03 0.1",Pochved2260141Sosorova.txt
profile:prose:a5003056cbb4845bfc3a,site:pochvovedenie:Pochved2260123Golovchenko:text:raw:dms:l:3,56.51916666666666,84.64083333333333,reported,pochvovedenie,pochvovedenie:Pochved2260123Golovchenko,МИЦЕЛИАЛЬНЫЙ КОМПОНЕНТ ЭУТРОФНЫХ ТОРФЯНЫХ ПОЧВ,,2023,,,,ТОРФЯНЫХ,Russian/national term (unverified),,Prose profile descriptor linked at document level because this document contains one reported Russian coordinate; it is not a row-level or independently surveyed pit coordinate.,"{""profile_candidate_id"": ""pochvovedenie:Pochved2260123Golovchenko:text:raw:p:soil:58"", ""spatial_linkage"": ""document_single_reported_coordinate""}
hromogenes  S. recifensis  S. tubercidicus  S. varsoviensis  S. violaceoruber  S. viridobrunneus Горизонт О Горизонт ТЕ  ПОЧВОВЕДЕНИЕ   № 5   2023 МИЦЕЛИАЛЬНЫЙ КОМПОНЕНТ ЭУТРОФНЫХ ТОРФЯНЫХ ПОЧВ 545 Таблица 5. Видовой состав микромицетов и частота их встречаемости в подстилке (О) и эутрофно-торфяном го- ризонте (ТЕ) исследуемых почв Вид микромицетов/Горизонт Частота встречаемости, % О ТЕ Absidia cylindrosp",Pochved2260123Golovchenko.txt
profile:prose:a9223239b3434186ba47,site:pochvovedenie:Pochved2360037Korneykova:text:raw:dms:l:1,68.97305555555556,33.08888888888889,reported,pochvovedenie,pochvovedenie:Pochved2360037Korneykova,АНАЛИЗ ЭМИССИИ СО2 ГОРОДСКИМИ ПОЧВАМИ,,2023,,,,подзолов,Russian/national term (unverified),,Prose profile descriptor linked at document level because this document contains one reported Russian coordinate; it is not a row-level or independently surveyed pit coordinate.,"{""profile_candidate_id"": ""pochvovedenie:Pochved2360037Korneykova:text:raw:p:soil:12"", ""spatial_linkage"": ""document_single_reported_coordinate""}
 на гра- нице лесного массива, характеризуется пологим рельефом, материнские породы – моренные ва- лунные пески и супеси. Почвенный профиль ха- рактерен для иллювиально-железистых подзолов. По сравнению с аналогичной фоновой почвой для г. Мурманск, поверхностный подстилочно- торфяный грубогумусированный горизонт Oao характеризуется меньшей мощностью (0–7 см) и более высокой степенью разложения органиче- с",Pochved2360037Korneykova.txt
profile:prose:a952dd12d014cb3ba40a,site:pochvovedenie:Pochved2360033Goncharova:text:raw:dms:l:0,65.31466666666667,72.88172222222221,reported,pochvovedenie,pochvovedenie:Pochved2360033Goncharova,ЭМИССИЯ СО2 ПОЧВАМИ ЭКОТОННОЙ ЗОНЫ,,2023,,,,подзолистого,Russian/national term (unverified),,Prose profile descriptor linked at document level because this document contains one reported Russian coordinate; it is not a row-level or independently surveyed pit coordinate.,"{""profile_candidate_id"": ""pochvovedenie:Pochved2360033Goncharova:text:raw:p:soil:18"", ""spatial_linkage"": ""document_single_reported_coordinate""}
-железистыми и подбура- ми оподзоленными (Albic Podzol) [8, 52]. Профиль подзола/подбура (O–(E)–BHF–BС) состоит из оторфованной подстилки мощностью 5–10 см, осветленного песчаного подзолистого горизонта различной мощности (иногда выражен фрагмен- тарно или отсутствует), иллювиально-железистого супесчаного горизонта мощностью до 30 см, по- степенно переходящего в песчаную породу неод- нородной окраски: от серо",Pochved2360033Goncharova.txt
profile:prose:aa15a2410815a8c5a6c9,site:pochvovedenie:Pochved2360042Semenov:text:raw:dms:l:0,56.098305555555555,37.82161111111112,reported,pochvovedenie,pochvovedenie:Pochved2360042Semenov,"ИЗМЕРЕНИЕ ПОЧВЕННЫХ ПУЛОВ ОРГАНИЧЕСКОГО УГЛЕРОДА,",,2023,,,,Retisol,WRB,,Prose profile descriptor linked at document level because this document contains one reported Russian coordinate; it is not a row-level or independently surveyed pit coordinate.,"{""profile_candidate_id"": ""pochvovedenie:Pochved2360042Semenov:text:raw:p:soil:4"", ""spatial_linkage"": ""document_single_reported_coordinate""}
ивным пулами органического веще- ства в профиле почв. ОБЪЕКТЫ И МЕТОДЫ Отбор и подготовка почвенных проб. В исследо- ваниях использовали образцы дерново-подзоли- стой почвы (Albic Retisol), отобранные под корен- ным ельником с папоротником, кислицей, май- ником, голокучником и другими видами в травянистом ярусе и со старопахотного участка под яровыми культурами. Образцы типичного чернозема (Haplic Cherno",Pochved2360042Semenov.txt
profile:prose:ab2069a87cab36c3785e,site:pochvovedenie:Pochved2360037Korneykova:text:raw:dms:l:1,68.97305555555556,33.08888888888889,reported,pochvovedenie,pochvovedenie:Pochved2360037Korneykova,АНАЛИЗ ЭМИССИИ СО2 ГОРОДСКИМИ ПОЧВАМИ,,2023,,,,подзолов,Russian/national term (unverified),,Prose profile descriptor linked at document level because this document contains one reported Russian coordinate; it is not a row-level or independently surveyed pit coordinate.,"{""profile_candidate_id"": ""pochvovedenie:Pochved2360037Korneykova:text:raw:p:soil:24"", ""spatial_linkage"": ""document_single_reported_coordinate""}
 содержание угле- рода 4.5–5.5% не превышает средние значения для поверхностных горизонтов почв северных го- родов [43, 56, 69]. В то же время особенности строения профиля фоновых подзолов определя- ют максимальные запасы углерода в поверхност- но-торфяных горизонтах, что и было показано для обоих фоновых объектов. Содержание Сmic в городских почвах Апатитов и Мурманска значимо не различалось, но было в 1",Pochved2360037Korneykova.txt
profile:prose:ad5ce54b6a741e09f7d2,site:pochvovedenie:Pochved2360037Korneykova:text:raw:dms:l:1,68.97305555555556,33.08888888888889,reported,pochvovedenie,pochvovedenie:Pochved2360037Korneykova,АНАЛИЗ ЭМИССИИ СО2 ГОРОДСКИМИ ПОЧВАМИ,,2023,,,,торфяном,Russian/national term (unverified),,Prose profile descriptor linked at document level because this document contains one reported Russian coordinate; it is not a row-level or independently surveyed pit coordinate.,"{""profile_candidate_id"": ""pochvovedenie:Pochved2360037Korneykova:text:raw:p:soil:27"", ""spatial_linkage"": ""document_single_reported_coordinate""}
ории, хотя и больше, чем для Москвы [82, 88]. Для Мурманска показана обратная закономерность, что можно объяснить очень высоким содержанием органи- ческого вещества в поверхностно-торфяном го- ризонте, в 7 раз превышающем таковое в поверх- ностном горизонте городской почвы. В целом, и по химическим, и по микробиоло- гическим свойствам городские почвы были ближе друг к другу, чем фоновые. Такая гомогенизац",Pochved2360037Korneykova.txt
profile:prose:b350dc6ffbbf45217b4f,site:pochvovedenie:Pochved2360033Goncharova:text:raw:dms:l:0,65.31466666666667,72.88172222222221,reported,pochvovedenie,pochvovedenie:Pochved2360033Goncharova,ЭМИССИЯ СО2 ПОЧВАМИ ЭКОТОННОЙ ЗОНЫ,,2023,,,,,,лесных,Prose profile descriptor linked at document level because this document contains one reported Russian coordinate; it is not a row-level or independently surveyed pit coordinate.,"{""profile_candidate_id"": ""pochvovedenie:Pochved2360033Goncharova:text:raw:p:land:104"", ""spatial_linkage"": ""document_single_reported_coordinate""}
хнего слоя почвы торфя- ников значимо не различалась в августе всех лет наблюдений, можно отметить лишь тенденцию к ее увеличению от 5.9 до 6.6°С. Температура верх- них горизонтов лесных почв значимо не различа- лась в 2019, 2021, 2022 гг. (данных 2020 г. мало для статистического анализа) и в среднем составляла от 10.2 до 11.7°С. Наиболее прогретыми за все го- ды наблюдений были болотные почвы, наиболь-",Pochved2360033Goncharova.txt
profile:prose:b9270d6ed39544c1c8b2,site:pochvovedenie:Pochved2360033Goncharova:text:raw:dms:l:0,65.31466666666667,72.88172222222221,reported,pochvovedenie,pochvovedenie:Pochved2360033Goncharova,ЭМИССИЯ СО2 ПОЧВАМИ ЭКОТОННОЙ ЗОНЫ,,2023,,,,Cryosol,WRB,,Prose profile descriptor linked at document level because this document contains one reported Russian coordinate; it is not a row-level or independently surveyed pit coordinate.,"{""profile_candidate_id"": ""pochvovedenie:Pochved2360033Goncharova:text:raw:p:soil:26"", ""spatial_linkage"": ""document_single_reported_coordinate""}
о со- става. Почвенный покров состоит из комплекса торфянистых почв. Наиболее распространены торфяно-криоземы потечногумусовые супесча- но-легкосуглинистые, Histic Oxyaquic Turbic Cryosol (Arenic). Профиль (O⎯TO–CR⊥) состоит из ягелевого очеса, 1–2 слабо- или среднеразложен- ных торфяных горизонтов олиготрофного типа. Общая мощность торфяной толщи не превышает 50 см. Минеральная часть представлена криоту",Pochved2360033Goncharova.txt
profile:prose:b9fe0da78aa6034629c0,site:pochvovedenie:Pochved2260141Sosorova:text:raw:degree_decimal_minutes:0,51.545366666666666,107.0432,reported,pochvovedenie,pochvovedenie:Pochved2260141Sosorova,СОРБЦИЯ ФОСФОРА ЗАСОЛЕННЫМИ ПОЧВАМИ,,2023,13,,,Солончак,Russian/national term (unverified),,Prose profile descriptor linked at document level because this document contains one reported Russian coordinate; it is not a row-level or independently surveyed pit coordinate.,"{""profile_candidate_id"": ""pochvovedenie:Pochved2260141Sosorova:text:raw:p:soil:37"", ""spatial_linkage"": ""document_single_reported_coordinate""}
% рНводн Обменные  катионы,  смоль(экв)/кг Сумма  солей СО2  карбо- натов Гумус Nобщ Подвижные, мг/100 г Тип засоления по Мачигину <0.01 <0.001 ЕКО Na+ % N-NO3 Р2О5 К2О Разрез 13. Солончак типичный (Заиграевский район, с. Первомаевка, высокий берег р. Уды) S[АJ] 0–30 46.7 29.1 9.2 23.0 4.4 1.93 11.3 3.1 0.16 4.10 3.5 41.5 Хлоридно-суль- фатно-содовый S[АJ]BCca 30–42 19.7 5.1 9.8 17.0 3.9 0.81 7.8 0.8 0.04",Pochved2260141Sosorova.txt
profile:prose:bb4b315f917846b6fd1f,site:pochvovedenie:Pochved2260123Golovchenko:text:raw:dms:l:3,56.51916666666666,84.64083333333333,reported,pochvovedenie,pochvovedenie:Pochved2260123Golovchenko,МИЦЕЛИАЛЬНЫЙ КОМПОНЕНТ ЭУТРОФНЫХ ТОРФЯНЫХ ПОЧВ,,2023,,,,торфяников,Russian/national term (unverified),,Prose profile descriptor linked at document level because this document contains one reported Russian coordinate; it is not a row-level or independently surveyed pit coordinate.,"{""profile_candidate_id"": ""pochvovedenie:Pochved2260123Golovchenko:text:raw:p:soil:11"", ""spatial_linkage"": ""document_single_reported_coordinate""}
, формирующего профиль почвы, зависит от процессов его поступления с опадом, перемеще- ния вглубь почвы и микробной трансформации. Особенностью эутрофных торфяных почв (ни- зинных торфяников) является то, что микробная трансформация органического детрита активно происходит в верхних горизонтах этих почв и дальнейшей консервации подвергается уже хоро- шо разложившийся торф. Как правило, исследователи этих по",Pochved2260123Golovchenko.txt
profile:prose:c10146f0d7d5f0cbed97,site:pochvovedenie:Pochved2260123Golovchenko:text:raw:dms:l:3,56.51916666666666,84.64083333333333,reported,pochvovedenie,pochvovedenie:Pochved2260123Golovchenko,МИЦЕЛИАЛЬНЫЙ КОМПОНЕНТ ЭУТРОФНЫХ ТОРФЯНЫХ ПОЧВ,,2023,,,,каштановой,Russian/national term (unverified),,Prose profile descriptor linked at document level because this document contains one reported Russian coordinate; it is not a row-level or independently surveyed pit coordinate.,"{""profile_candidate_id"": ""pochvovedenie:Pochved2260123Golovchenko:text:raw:p:soil:37"", ""spatial_linkage"": ""document_single_reported_coordinate""}
 были выявлены в ферментатив- ном слое подстилок. Они превосходили в 4‒10 раз таковые для слоя L и горизонта ТЕ. В верхних слоях (0‒5 и 5‒10 см) серой лесной, темно-каш- тановой и каштановой почв под лиственными ле- сами содержание углерода мицелиального ком- понента находилось в диапазоне 0.7‒4.7 мг С/г почвы [1]. В такой же диапазон попадали значе- ния, выявленные для слоя L подстилки исследуе- мых почв, ",Pochved2260123Golovchenko.txt
profile:prose:c3bb534592f2ee1dc543,site:pochvovedenie:Pochved2260159Malyshev:text:raw:dms:l:2,45.61083333333333,44.3275,reported,pochvovedenie,pochvovedenie:Pochved2260159Malyshev,СРАВНЕНИЕ ПЛОЩАДНЫХ И ПРОФИЛЬНЫХ ПОКАЗАТЕЛЕЙ,,2023,,,,каштановой,Russian/national term (unverified),,Prose profile descriptor linked at document level because this document contains one reported Russian coordinate; it is not a row-level or independently surveyed pit coordinate.,"{""profile_candidate_id"": ""pochvovedenie:Pochved2260159Malyshev:text:raw:p:soil:14"", ""spatial_linkage"": ""document_single_reported_coordinate""}
охими- ческие особенности и видовую структуру расти- тельности, что может приводить к различному со- держанию железа в верхних горизонтах почв [26]. При анализе площадки со светло-каштановой почвой обнаружено, что   в основном представлена диапазонами 0.5–0.6, 0.6–0.7, 0.7–0.8 × 10–3 ед. СИ, которые составляют соответственно 39, 29, 20% от всей площади распределения. Профиль удель- ной магнитной восприимчив",Pochved2260159Malyshev.txt
profile:prose:c50194046316f51b20fd,site:pochvovedenie:Pochved2260141Sosorova:text:raw:degree_decimal_minutes:0,51.545366666666666,107.0432,reported,pochvovedenie,pochvovedenie:Pochved2260141Sosorova,СОРБЦИЯ ФОСФОРА ЗАСОЛЕННЫМИ ПОЧВАМИ,,2023,11,,,солончака,Russian/national term (unverified),,Prose profile descriptor linked at document level because this document contains one reported Russian coordinate; it is not a row-level or independently surveyed pit coordinate.,"{""profile_candidate_id"": ""pochvovedenie:Pochved2260141Sosorova:text:raw:p:soil:67"", ""spatial_linkage"": ""document_single_reported_coordinate""}
нов в солончаке глее- вом (разрез 11) связано с относительно равномер- ным распределением физической глины, карбона- тов и рН. Повышение поглощения фосфат-ионов в нижнем горизонте солончака типичного (разрез 4) обусловлено увеличением содержания физиче- ской глины (илистой фракции) и карбонатов вниз по профилю. В зависимости от типа поглощения и состоя- ния адсорбента поглощенные фосфат-ионы име- ют различ",Pochved2260141Sosorova.txt
profile:prose:c5e041f1cdbed8178994,site:pochvovedenie:Pochved2360033Goncharova:text:raw:dms:l:0,65.31466666666667,72.88172222222221,reported,pochvovedenie,pochvovedenie:Pochved2360033Goncharova,ЭМИССИЯ СО2 ПОЧВАМИ ЭКОТОННОЙ ЗОНЫ,,2023,,,,подзолистого,Russian/national term (unverified),,Prose profile descriptor linked at document level because this document contains one reported Russian coordinate; it is not a row-level or independently surveyed pit coordinate.,"{""profile_candidate_id"": ""pochvovedenie:Pochved2360033Goncharova:text:raw:p:soil:21"", ""spatial_linkage"": ""document_single_reported_coordinate""}
стречаются фрагментарно, за- нимая не более 5–10% общей площади сосняков. Почвы характеризуются развитым подзолистым горизонтом и классифицируются как подзолы языковатые. Мощность подзолистого горизонта может достигать 40–50 см, подстилочно-торфя- ный горизонт выражен слабо. Почвы характери- зуются низкими запасами углерода, небольшими запасами корневой биомассы. Торфяники представлены плоско- и крупно- бугри",Pochved2360033Goncharova.txt
profile:prose:c8b82d69fd0fb0beface,site:pochvovedenie:Pochved2260141Sosorova:text:raw:degree_decimal_minutes:0,51.545366666666666,107.0432,reported,pochvovedenie,pochvovedenie:Pochved2260141Sosorova,СОРБЦИЯ ФОСФОРА ЗАСОЛЕННЫМИ ПОЧВАМИ,,2023,5,,,Солончак,Russian/national term (unverified),,Prose profile descriptor linked at document level because this document contains one reported Russian coordinate; it is not a row-level or independently surveyed pit coordinate.,"{""profile_candidate_id"": ""pochvovedenie:Pochved2260141Sosorova:text:raw:p:soil:39"", ""spatial_linkage"": ""document_single_reported_coordinate""}
ое) I слой 0–22 15.5 3.7 9.0 10.0 5.2 2.45 7.7 0.3 0.02 – 3.7 31.1 Содово-хлоридно- сульфатный II слой 22–53 12.4 3.1 8.7 3.0 0.4 0.17 0.2 0.1 0.007 – 1.2 5.3 Разрез 5 (Р.2-2022). Солончак квазиглеевый (Иволгинский район, с. Оронгой, правый борт оз. Белое) AJ1 0–10 17.0 2.9 7.9 13.7 6.7 1.64 16.5 3.8 0.17 0.12 0.7 4,6 Сульфатный АJ2 10–18 (21) 17.2 2.4 7.9 11.0 5.6 1.27 18.0 2.4 0.12 0.12 0.4 3.4 Вg 18(21",Pochved2260141Sosorova.txt
profile:prose:c9f0a1b05c2d992aff6e,site:pochvovedenie:Pochved2360037Korneykova:text:raw:dms:l:1,68.97305555555556,33.08888888888889,reported,pochvovedenie,pochvovedenie:Pochved2360037Korneykova,АНАЛИЗ ЭМИССИИ СО2 ГОРОДСКИМИ ПОЧВАМИ,,2023,,,,подзоли,Russian/national term (unverified),,Prose profile descriptor linked at document level because this document contains one reported Russian coordinate; it is not a row-level or independently surveyed pit coordinate.,"{""profile_candidate_id"": ""pochvovedenie:Pochved2360037Korneykova:text:raw:p:soil:8"", ""spatial_linkage"": ""document_single_reported_coordinate""}
арактерные для подзолов иллювиально-гумусовые горизонты: поверхностный подстилочно-торфянистый гори- зонт О мощностью 10 см, подстилаемый ярко вы- раженным белесовато-светло-бурым подзоли- стым горизонтом E (10–23 см) и нижележащим охристо-темно-бурый с кофейным оттенком ил- лювиально-гумусовым BH (23–45 см). Переход- ный горизонт BCf (45–55 см) бурый с охристым оттенком, встречаются отдельные сизовато-г",Pochved2360037Korneykova.txt
profile:prose:d23f93bbe1727c9d423c,site:pochvovedenie:Pochved2260123Golovchenko:text:raw:dms:l:3,56.51916666666666,84.64083333333333,reported,pochvovedenie,pochvovedenie:Pochved2260123Golovchenko,МИЦЕЛИАЛЬНЫЙ КОМПОНЕНТ ЭУТРОФНЫХ ТОРФЯНЫХ ПОЧВ,,2023,,,,бурозем,Russian/national term (unverified),,Prose profile descriptor linked at document level because this document contains one reported Russian coordinate; it is not a row-level or independently surveyed pit coordinate.,"{""profile_candidate_id"": ""pochvovedenie:Pochved2260123Golovchenko:text:raw:p:soil:48"", ""spatial_linkage"": ""document_single_reported_coordinate""}
е подстилок исследуемых почв. Анализ подстилок и гумусово-аккумулятив- ных горизонтов широкого спектра лесных почв (торфяно-глеевая, бело-подзолистая, дерново- палево-подзолистая, бурозем, торфяная низин- ная) выявил, что численность микромицетов в них составляла в большинстве случаев сотни ты- сяч КОЕ/г и была на порядок ниже в иллювиаль- ных горизонтах и подстилающей породе [8]. Чис- ленность микромице",Pochved2260123Golovchenko.txt
profile:prose:d3cbe3a6496ecaa0b752,site:pochvovedenie:Pochved2260141Sosorova:text:raw:degree_decimal_minutes:0,51.545366666666666,107.0432,reported,pochvovedenie,pochvovedenie:Pochved2260141Sosorova,СОРБЦИЯ ФОСФОРА ЗАСОЛЕННЫМИ ПОЧВАМИ,,2023,14,,,глеевый,Russian/national term (unverified),,Prose profile descriptor linked at document level because this document contains one reported Russian coordinate; it is not a row-level or independently surveyed pit coordinate.,"{""profile_candidate_id"": ""pochvovedenie:Pochved2260141Sosorova:text:raw:p:soil:34"", ""spatial_linkage"": ""document_single_reported_coordinate""}
почв, со- гласно балльной оценке с учетом таких показате- лей, как ЕКО и мощность гумусового горизонта [36], оценивается от очень низкой (<4 баллов – солончак соровый (разрез 14), глеевый (разрез 11) и квазиглеевый (разрез 5 (Р.2-2022)) до средней (5 баллов – солончак типичный (разрез 13), тем- ный (разрез 12)). Для аллювиальной светлогуму- совой засоленной почвы сорбционная функция оценивается как низка",Pochved2260141Sosorova.txt
profile:prose:d47467e37205e3cfdb6e,site:pochvovedenie:Pochved2260123Golovchenko:text:raw:dms:l:3,56.51916666666666,84.64083333333333,reported,pochvovedenie,pochvovedenie:Pochved2260123Golovchenko,МИЦЕЛИАЛЬНЫЙ КОМПОНЕНТ ЭУТРОФНЫХ ТОРФЯНЫХ ПОЧВ,,2023,,,,,,лесной,Prose profile descriptor linked at document level because this document contains one reported Russian coordinate; it is not a row-level or independently surveyed pit coordinate.,"{""profile_candidate_id"": ""pochvovedenie:Pochved2260123Golovchenko:text:raw:p:land:85"", ""spatial_linkage"": ""document_single_reported_coordinate""}
чения этого показателя обилия были выявлены в ферментатив- ном слое подстилок. Они превосходили в 4‒10 раз таковые для слоя L и горизонта ТЕ. В верхних слоях (0‒5 и 5‒10 см) серой лесной, темно-каш- тановой и каштановой почв под лиственными ле- сами содержание углерода мицелиального ком- понента находилось в диапазоне 0.7‒4.7 мг С/г почвы [1]. В такой же диапазон попадали значе- ния, выявленные для слоя",Pochved2260123Golovchenko.txt
profile:prose:d786b1506918a67056e5,site:pochvovedenie:Pochved2260141Sosorova:text:raw:degree_decimal_minutes:0,51.545366666666666,107.0432,reported,pochvovedenie,pochvovedenie:Pochved2260141Sosorova,СОРБЦИЯ ФОСФОРА ЗАСОЛЕННЫМИ ПОЧВАМИ,,2023,11,,,солончак,Russian/national term (unverified),,Prose profile descriptor linked at document level because this document contains one reported Russian coordinate; it is not a row-level or independently surveyed pit coordinate.,"{""profile_candidate_id"": ""pochvovedenie:Pochved2260141Sosorova:text:raw:p:soil:49"", ""spatial_linkage"": ""document_single_reported_coordinate""}
ере заполнения поверхности ад- сорбированными молекулами адсорбция возрас-  1236 ПОЧВОВЕДЕНИЕ   № 10   2023 СОСОРОВА и др. Рис. 2. Изотермы сорбции фосфора почвой: а – разрез 11 – солончак глеевый хлоридно-сульфатно-содовый, b ‒ разрез 12 – солончак темный сульфатный, c – разрез 13 – солончак типичный хлоридно-сульфатно-содовый, d – разрез 14 – солончак соровый содово-хлоридно-сульфатный, разрез 4 – аллюв",Pochved2260141Sosorova.txt
profile:prose:d82e8586ab1b42095330,site:pochvovedenie:Pochved2360042Semenov:text:raw:dms:l:0,56.098305555555555,37.82161111111112,reported,pochvovedenie,pochvovedenie:Pochved2360042Semenov,"ИЗМЕРЕНИЕ ПОЧВЕННЫХ ПУЛОВ ОРГАНИЧЕСКОГО УГЛЕРОДА,",,2023,,,,,,пашня,Prose profile descriptor linked at document level because this document contains one reported Russian coordinate; it is not a row-level or independently surveyed pit coordinate.,"{""profile_candidate_id"": ""pochvovedenie:Pochved2360042Semenov:text:raw:p:land:84"", ""spatial_linkage"": ""document_single_reported_coordinate""}
го бюджета и эмиссионной способности почв. Рис. 4. Распределение РОМ и МАОМ между активным, медленным и пассивным пулами ПОВ разных горизонтов дер- ново-подзолистой почвы (ельник, пашня) и типичного чернозема (степь, пашня), % от Сорг. Почвенное органическое вещество Пул твердых органических  частиц (РОМ)  11–41% Пул минерально-ассоциированного  органического вещества  (МАОМ) 53–89% Активный пул 1–7% М",Pochved2360042Semenov.txt
profile:prose:ddc40c6e93d8dcc7ac37,site:pochvovedenie:Pochved2260141Sosorova:text:raw:degree_decimal_minutes:0,51.545366666666666,107.0432,reported,pochvovedenie,pochvovedenie:Pochved2260141Sosorova,СОРБЦИЯ ФОСФОРА ЗАСОЛЕННЫМИ ПОЧВАМИ,,2023,,,,солончаков,Russian/national term (unverified),,Prose profile descriptor linked at document level because this document contains one reported Russian coordinate; it is not a row-level or independently surveyed pit coordinate.,"{""profile_candidate_id"": ""pochvovedenie:Pochved2260141Sosorova:text:raw:p:soil:26"", ""spatial_linkage"": ""document_single_reported_coordinate""}
му (Иволгинский район) под ирисово- чиевотвердоватоосоковым сообществом. Почва –  1232 ПОЧВОВЕДЕНИЕ   № 10   2023 СОСОРОВА и др. Рис. 1. Картосхема расположения почвенных разрезов солончаков. г. Улан-Удэ Р. 3, Р4 Р. 1-2022, Р. 2-2022 Р. 13 Р. 14 Р. 12 Р. 11 солончак типичный сульфатно-хлоридно-содо- вый (Calcic Sodic Solonchaks (Loamic, Carbonatic)). Разрез 12 (h = 549 м над ур. м., 51°4.162′ N, 106°19.746′",Pochved2260141Sosorova.txt
profile:prose:ddd6521a82ae3da8bee0,site:pochvovedenie:Pochved2360037Korneykova:text:raw:dms:l:1,68.97305555555556,33.08888888888889,reported,pochvovedenie,pochvovedenie:Pochved2360037Korneykova,АНАЛИЗ ЭМИССИИ СО2 ГОРОДСКИМИ ПОЧВАМИ,,2023,,,,торфянистый,Russian/national term (unverified),,Prose profile descriptor linked at document level because this document contains one reported Russian coordinate; it is not a row-level or independently surveyed pit coordinate.,"{""profile_candidate_id"": ""pochvovedenie:Pochved2360037Korneykova:text:raw:p:soil:7"", ""spatial_linkage"": ""document_single_reported_coordinate""}
оны и понижения. Поч- венный профиль песчано-супесчаного грануло- метрического состава включает характерные для подзолов иллювиально-гумусовые горизонты: поверхностный подстилочно-торфянистый гори- зонт О мощностью 10 см, подстилаемый ярко вы- раженным белесовато-светло-бурым подзоли- стым горизонтом E (10–23 см) и нижележащим охристо-темно-бурый с кофейным оттенком ил- лювиально-гумусовым BH (23–45 см). Пер",Pochved2360037Korneykova.txt
profile:prose:e2547e173d821df40b04,site:pochvovedenie:Pochved2360042Semenov:text:raw:dms:l:0,56.098305555555555,37.82161111111112,reported,pochvovedenie,pochvovedenie:Pochved2360042Semenov,"ИЗМЕРЕНИЕ ПОЧВЕННЫХ ПУЛОВ ОРГАНИЧЕСКОГО УГЛЕРОДА,",,2023,,,,Chernozem,WRB,,Prose profile descriptor linked at document level because this document contains one reported Russian coordinate; it is not a row-level or independently surveyed pit coordinate.,"{""profile_candidate_id"": ""pochvovedenie:Pochved2360042Semenov:text:raw:p:soil:5"", ""spatial_linkage"": ""document_single_reported_coordinate""}
ком с папоротником, кислицей, май- ником, голокучником и другими видами в травянистом ярусе и со старопахотного участка под яровыми культурами. Образцы типичного чернозема (Haplic Chernozem) отбирали с участков некосимой степи с разнотравной растительностью и бессменной пшеницы. Почвенные образцы отби- рали из трех стенок почвенных разрезов в слоях, соответствующих почвенным горизонтам. Све- жеотобранные о",Pochved2360042Semenov.txt
profile:prose:e36b0da9d575635dcc04,site:pochvovedenie:Pochved2360037Korneykova:text:raw:dms:l:1,68.97305555555556,33.08888888888889,reported,pochvovedenie,pochvovedenie:Pochved2360037Korneykova,АНАЛИЗ ЭМИССИИ СО2 ГОРОДСКИМИ ПОЧВАМИ,,2023,,,,подзолов,Russian/national term (unverified),,Prose profile descriptor linked at document level because this document contains one reported Russian coordinate; it is not a row-level or independently surveyed pit coordinate.,"{""profile_candidate_id"": ""pochvovedenie:Pochved2360037Korneykova:text:raw:p:soil:6"", ""spatial_linkage"": ""document_single_reported_coordinate""}
глыб с доминантой пород кислого состава, выде- ляются повышения, склоны и понижения. Поч- венный профиль песчано-супесчаного грануло- метрического состава включает характерные для подзолов иллювиально-гумусовые горизонты: поверхностный подстилочно-торфянистый гори- зонт О мощностью 10 см, подстилаемый ярко вы- раженным белесовато-светло-бурым подзоли- стым горизонтом E (10–23 см) и нижележащим охристо-тем",Pochved2360037Korneykova.txt
profile:prose:e6587165f88cf7119cb2,site:pochvovedenie:Pochved2260123Golovchenko:text:raw:dms:l:3,56.51916666666666,84.64083333333333,reported,pochvovedenie,pochvovedenie:Pochved2260123Golovchenko,МИЦЕЛИАЛЬНЫЙ КОМПОНЕНТ ЭУТРОФНЫХ ТОРФЯНЫХ ПОЧВ,,2023,,,,Торфяник,Russian/national term (unverified),,Prose profile descriptor linked at document level because this document contains one reported Russian coordinate; it is not a row-level or independently surveyed pit coordinate.,"{""profile_candidate_id"": ""pochvovedenie:Pochved2260123Golovchenko:text:raw:p:soil:53"", ""spatial_linkage"": ""document_single_reported_coordinate""}
ых списках были только 1‒2 вида. Таблица 3. Пределы колебаний численности культивируемых актиномицетов и грибов в подстилке (О) и эутрофно-торфяном горизонте (ТЕ) исследуемых почв Торфяник, тип леса Горизонт Численность, 103 КОЕ/г актиномицетов грибов ТЛ1, черноольшанник О1(L) 2800‒6160 2778‒2944 О2(F) 540‒740 10526‒12263 TЕ (0‒20 см) 20‒80 39‒72 TЕ (20‒30 см) 20‒60 35‒135 TЕ (30‒50 см) 20‒80 75‒150 ТО, с",Pochved2260123Golovchenko.txt
profile:prose:eb59f631dca2bdfe2240,site:pochvovedenie:Pochved2260123Golovchenko:text:raw:dms:l:3,56.51916666666666,84.64083333333333,reported,pochvovedenie,pochvovedenie:Pochved2260123Golovchenko,МИЦЕЛИАЛЬНЫЙ КОМПОНЕНТ ЭУТРОФНЫХ ТОРФЯНЫХ ПОЧВ,,2023,,,,торфяные,Russian/national term (unverified),,Prose profile descriptor linked at document level because this document contains one reported Russian coordinate; it is not a row-level or independently surveyed pit coordinate.,"{""profile_candidate_id"": ""pochvovedenie:Pochved2260123Golovchenko:text:raw:p:soil:20"", ""spatial_linkage"": ""document_single_reported_coordinate""}
ТП пойменного заболачивания под сме- шанным лесом (56°31′09″ N, 84°38′27″ E). Подроб- ное описание объектов приведено ранее [3, 7]. Исследуемые торфяники отнесены к типу эутрофные торфяные, подтипу перегнойно-тор- фяные (ТЛ1) и типичные (ТО, ТЛ2, ТП) мощные почвы [18], по WRB – Sapric Histosols [22]. Анализировали подстилку (О) и эутрофно- торфяный горизонт (ТЕ) исследуемых почв. Эти горизонты представляю",Pochved2260123Golovchenko.txt
profile:prose:ecc4c2c888a28f9ba02a,site:pochvovedenie:Pochved2260141Sosorova:text:raw:degree_decimal_minutes:0,51.545366666666666,107.0432,reported,pochvovedenie,pochvovedenie:Pochved2260141Sosorova,СОРБЦИЯ ФОСФОРА ЗАСОЛЕННЫМИ ПОЧВАМИ,,2023,,,,солончаки,Russian/national term (unverified),,Prose profile descriptor linked at document level because this document contains one reported Russian coordinate; it is not a row-level or independently surveyed pit coordinate.,"{""profile_candidate_id"": ""pochvovedenie:Pochved2260141Sosorova:text:raw:p:soil:60"", ""spatial_linkage"": ""document_single_reported_coordinate""}
ений адсорбции, чем уравнение Ленгмюра (R2 = 0.2040–0.9870). Полученные данные показывают, что относи- тельно высокими сорбционными свойствами по отношению к фосфат-ионам обладают солончаки типичные (разрезы 1-2022, 4, 13) и квазиглеевый (разрез 5 (Р.2-2022)). Так, значение Аmax в гумусо- вых горизонтах этих почв изменялось в пределах 23.04–42.74 мМ P/кг, в нижележащих горизон- тах – 16.26–30.39 мМ P/кг. С",Pochved2260141Sosorova.txt
profile:prose:ee21bd36fd6b498ebbaa,site:pochvovedenie:Pochved2260141Sosorova:text:raw:degree_decimal_minutes:0,51.545366666666666,107.0432,reported,pochvovedenie,pochvovedenie:Pochved2260141Sosorova,СОРБЦИЯ ФОСФОРА ЗАСОЛЕННЫМИ ПОЧВАМИ,,2023,11,,,глеевый,Russian/national term (unverified),,Prose profile descriptor linked at document level because this document contains one reported Russian coordinate; it is not a row-level or independently surveyed pit coordinate.,"{""profile_candidate_id"": ""pochvovedenie:Pochved2260141Sosorova:text:raw:p:soil:44"", ""spatial_linkage"": ""document_single_reported_coordinate""}
–43(46) 27.8 14.19 8.4 15.9 6.1 0.60 13.0 4.4 0.10 1.7 0.8 28.6 Сульфатно-хло- ридно-содовый B 43(46)–50 14.8 10.5 8.5 16.2 3.3 0.33 6.8 1.5 0.03 0.12 0.7 10.0 Разрез 11. Солончак глеевый (Джидинский район, с. Белоозерск, берег оз. Каменный ключ) S 0–2 27.7 4.8 8.9 38.0 10.4 1.58 2.8 3.2 0.18 2.15 1.5 65.3 Хлоридно-суль- фатно-содовый S[АJ] 2–9 24.3 3.2 8.7 18.0 8.3 1.23 2.0 2.4 0.13 1.72 1.2 27.7 Bca,s ",Pochved2260141Sosorova.txt
profile:prose:ef646e2eee3bb2cf5996,site:pochvovedenie:Pochved2260123Golovchenko:text:raw:dms:l:3,56.51916666666666,84.64083333333333,reported,pochvovedenie,pochvovedenie:Pochved2260123Golovchenko,МИЦЕЛИАЛЬНЫЙ КОМПОНЕНТ ЭУТРОФНЫХ ТОРФЯНЫХ ПОЧВ,,2023,,,,торфяно,Russian/national term (unverified),,Prose profile descriptor linked at document level because this document contains one reported Russian coordinate; it is not a row-level or independently surveyed pit coordinate.,"{""profile_candidate_id"": ""pochvovedenie:Pochved2260123Golovchenko:text:raw:p:soil:44"", ""spatial_linkage"": ""document_single_reported_coordinate""}
фиксировали чис- ленное преимущество грибов в ферментативном слое подстилок исследуемых почв. Анализ подстилок и гумусово-аккумулятив- ных горизонтов широкого спектра лесных почв (торфяно-глеевая, бело-подзолистая, дерново- палево-подзолистая, бурозем, торфяная низин- ная) выявил, что численность микромицетов в них составляла в большинстве случаев сотни ты- сяч КОЕ/г и была на порядок ниже в иллювиаль- н",Pochved2260123Golovchenko.txt
profile:prose:f0d701ca6ed22ca990d5,site:pochvovedenie:Pochved2360072Samsonova:text:raw:strict:l:0,56.04,37.1662,reported,pochvovedenie,pochvovedenie:Pochved2360072Samsonova,ИССЛЕДОВАНИЕ НЕОПРЕДЕЛЕННОСТИ ОЦЕНОК ЗАПАСОВ,,2023,,,,дерново-подзолистые,Russian/national term (unverified),,Prose profile descriptor linked at document level because this document contains one reported Russian coordinate; it is not a row-level or independently surveyed pit coordinate.,"{""profile_candidate_id"": ""pochvovedenie:Pochved2360072Samsonova:text:raw:p:soil:4"", ""spatial_linkage"": ""document_single_reported_coordinate""}
у, что проба может характеризовать разные слои. Особенно заметно влияние мощно- сти отбираемого слоя на почвах с контрастными горизонтами, такими, в частности, как подзоли- стые и дерново-подзолистые. В этих почвах при отборе проб буром, например, на глубину 30 см изменение мощности горизонта на 1 см может приводить к добавлению до 3% почвенной массы с существенно более низким содержанием орга- нического вещества. Э",Pochved2360072Samsonova.txt
profile:prose:f22c2f0db144703de7d2,site:pochvovedenie:Pochved2260141Sosorova:text:raw:degree_decimal_minutes:0,51.545366666666666,107.0432,reported,pochvovedenie,pochvovedenie:Pochved2260141Sosorova,СОРБЦИЯ ФОСФОРА ЗАСОЛЕННЫМИ ПОЧВАМИ,,2023,5,,,солончака,Russian/national term (unverified),,Prose profile descriptor linked at document level because this document contains one reported Russian coordinate; it is not a row-level or independently surveyed pit coordinate.,"{""profile_candidate_id"": ""pochvovedenie:Pochved2260141Sosorova:text:raw:p:soil:65"", ""spatial_linkage"": ""document_single_reported_coordinate""}
фосфат-ионов солончаком квазиглеевым (разрез 5 (Р.2-2022)) от других подти- пов солончаков обусловлено относительно повы- шенным содержанием карбонатов и гумуса, сум- мой солей, а солончака сорового (разрез 14) – рН, очень низким содержанием гумуса, меньшим со- держанием физической глины, типом засоления и высокой суммой солей. Различие в свойствах почв обусловливает так- же особенности внутрипрофильного п",Pochved2260141Sosorova.txt
profile:prose:f236131cda42f7c697b2,site:pochvovedenie:Pochved2360033Goncharova:text:raw:dms:l:0,65.31466666666667,72.88172222222221,reported,pochvovedenie,pochvovedenie:Pochved2360033Goncharova,ЭМИССИЯ СО2 ПОЧВАМИ ЭКОТОННОЙ ЗОНЫ,,2023,,,,торфяных,Russian/national term (unverified),,Prose profile descriptor linked at document level because this document contains one reported Russian coordinate; it is not a row-level or independently surveyed pit coordinate.,"{""profile_candidate_id"": ""pochvovedenie:Pochved2360033Goncharova:text:raw:p:soil:30"", ""spatial_linkage"": ""document_single_reported_coordinate""}
темы (3), термокарстовые понижения (4). 1 1 2 3 1 4 2 3 3 2  1038 ПОЧВОВЕДЕНИЕ   № 9   2023 ГОНЧАРОВА и др. горизонтах до слабокислой в минеральных. Со- держание общего углерода в торфяных горизон- тах около 43%, в минеральных – не превышает 1%. Зольность торфа в среднем 9%. Запасы С в торфяно-криоземах составляют в среднем 26 кг С/м2 (до мерзлой породы). Запасы корневой био- массы в почве от 200 до 300 г",Pochved2360033Goncharova.txt
profile:prose:f45d0f9ad9147c446c34,site:pochvovedenie:Pochved2260141Sosorova:text:raw:degree_decimal_minutes:0,51.545366666666666,107.0432,reported,pochvovedenie,pochvovedenie:Pochved2260141Sosorova,СОРБЦИЯ ФОСФОРА ЗАСОЛЕННЫМИ ПОЧВАМИ,,2023,,,,солончаки,Russian/national term (unverified),,Prose profile descriptor linked at document level because this document contains one reported Russian coordinate; it is not a row-level or independently surveyed pit coordinate.,"{""profile_candidate_id"": ""pochvovedenie:Pochved2260141Sosorova:text:raw:p:soil:1"", ""spatial_linkage"": ""document_single_reported_coordinate""}
мы адсорбции фосфора почвой и рассчитывали па- раметры сорбции по уравнениям Ленгмюра и Фрейндлиха. Относительно высокими сорбционны- ми свойствами по отношению к фосфору обладают солончаки типичный и квазиглеевый. Значение максимальной емкости адсорбции (Аmax) в гумусовых горизонтах данных почв изменялось в преде- лах 23.04–42.74 мМ P/кг, в нижележащих горизонтах – 16.26–30.39 мМ P/кг. В целом все почвы, ",Pochved2260141Sosorova.txt
profile:prose:f8a96bae9ed734e11f82,site:pochvovedenie:Pochved2360072Samsonova:text:raw:strict:l:0,56.04,37.1662,reported,pochvovedenie,pochvovedenie:Pochved2360072Samsonova,ИССЛЕДОВАНИЕ НЕОПРЕДЕЛЕННОСТИ ОЦЕНОК ЗАПАСОВ,,2023,,,,подзоли,Russian/national term (unverified),,Prose profile descriptor linked at document level because this document contains one reported Russian coordinate; it is not a row-level or independently surveyed pit coordinate.,"{""profile_candidate_id"": ""pochvovedenie:Pochved2360072Samsonova:text:raw:p:soil:3"", ""spatial_linkage"": ""document_single_reported_coordinate""}
риво- дить к тому, что проба может характеризовать разные слои. Особенно заметно влияние мощно- сти отбираемого слоя на почвах с контрастными горизонтами, такими, в частности, как подзоли- стые и дерново-подзолистые. В этих почвах при отборе проб буром, например, на глубину 30 см изменение мощности горизонта на 1 см может приводить к добавлению до 3% почвенной массы с существенно более низким содержанием",Pochved2360072Samsonova.txt
profile:prose:fd5871ac76879bcf9908,site:pochvovedenie:Pochved2260141Sosorova:text:raw:degree_decimal_minutes:0,51.545366666666666,107.0432,reported,pochvovedenie,pochvovedenie:Pochved2260141Sosorova,СОРБЦИЯ ФОСФОРА ЗАСОЛЕННЫМИ ПОЧВАМИ,,2023,,,,солончаке,Russian/national term (unverified),,Prose profile descriptor linked at document level because this document contains one reported Russian coordinate; it is not a row-level or independently surveyed pit coordinate.,"{""profile_candidate_id"": ""pochvovedenie:Pochved2260141Sosorova:text:raw:p:soil:47"", ""spatial_linkage"": ""document_single_reported_coordinate""}
НЫМИ ПОЧВАМИ 1235 содержанием фосфора: в горизонтах Ad и A1 0.26 и 0.16% соответственно. С глубиной его количе- ство увеличивается до 0.46%. Запасы валового фосфора в гидроморфном солончаке, как и во всех остальных почвах Иволгинской котловины, значительны: в слое 0–20 см они составляют 4.7 т/га, в слое 0–50 см – 13.3 т/га. Для луговых засоленных почв и солончаков Алтая, по данным [12], характерны очень ни",Pochved2260141Sosorova.txt
profile:prose:fe38b7662c8da073173d,site:pochvovedenie:Pochved2360042Semenov:text:raw:dms:l:0,56.098305555555555,37.82161111111112,reported,pochvovedenie,pochvovedenie:Pochved2360042Semenov,"ИЗМЕРЕНИЕ ПОЧВЕННЫХ ПУЛОВ ОРГАНИЧЕСКОГО УГЛЕРОДА,",,2023,,,,дерново-подзолистой,Russian/national term (unverified),,Prose profile descriptor linked at document level because this document contains one reported Russian coordinate; it is not a row-level or independently surveyed pit coordinate.,"{""profile_candidate_id"": ""pochvovedenie:Pochved2360042Semenov:text:raw:p:soil:0"", ""spatial_linkage"": ""document_single_reported_coordinate""}
-mail: v.m.semenov@mail.ru Поступила в редакцию 12.03.2023 г. После доработки 11.05.2023 г. Принята к публикации 12.05.2023 г. Исследования проводили с образцами разных горизонтов дерново-подзолистой почвы (Albic Reti- sol) и типичного чернозема (Haplic Chernozem), отобранными под естественными угодьями и паш- ней. Определяли содержание углерода в структурных (твердые органические частицы размером 2– 0.05 мм, CРОМ и",Pochved2360042Semenov.txt
profile:prose:fe91e254088706da692c,site:pochvovedenie:Pochved2260141Sosorova:text:raw:degree_decimal_minutes:0,51.545366666666666,107.0432,reported,pochvovedenie,pochvovedenie:Pochved2260141Sosorova,СОРБЦИЯ ФОСФОРА ЗАСОЛЕННЫМИ ПОЧВАМИ,,2023,14,,,аллювиальной,Russian/national term (unverified),,Prose profile descriptor linked at document level because this document contains one reported Russian coordinate; it is not a row-level or independently surveyed pit coordinate.,"{""profile_candidate_id"": ""pochvovedenie:Pochved2260141Sosorova:text:raw:p:soil:36"", ""spatial_linkage"": ""document_single_reported_coordinate""}
<4 баллов – солончак соровый (разрез 14), глеевый (разрез 11) и квазиглеевый (разрез 5 (Р.2-2022)) до средней (5 баллов – солончак типичный (разрез 13), тем- ный (разрез 12)). Для аллювиальной светлогуму- совой засоленной почвы сорбционная функция оценивается как низкая (4 балла). В работе [31] отмечено, что региональной осо- бенностью исследуемых галоморфных почв являет- ся сочетание контрастных и часто прот",Pochved2260141Sosorova.txt
profile:coordinate_first_label:02df32bc860f22af07d8,site:springer:10.1134_S1064229321020150:text:raw:ru_abbr:dms:8,65.46666666666667,49.53333333333333,reported,springer,springer:10.1134_S1064229321020150,,10.1134/S1064229321020150,,4,,,,,,Explicit profile/pit label within 180 characters of an author-reported coordinate.,"{""spatial_linkage"": ""coordinate_local_explicit_profile_label"", ""coordinate_candidate_id"": ""springer:10.1134_S1064229321020150:text:raw:ru_abbr:dms:8"", ""label_distance_characters"": 159}
5        2.17        8.92       0.65        0.37        1.9    1.8    11     EURASIAN SOIL SCIENCE                                                             Pit 4. Gley-podzolic soil (on sandy moraine loam), Stagnic Albeluvisol (Siltic), 65°28′ N, 49°32′ E                         ELg            6–16             4.2          3.2        0.47        1.0        85.2        2.56        6.78       0.304       0.87        1.19    –     13                                          Pit 56. Humus-impregnated peaty carbolithozem (on eluvium of limestone), Histic Calcaric Leptosol H",10.1134_S1064229321020150.txt
profile:coordinate_first_label:04a2b7fbb5f17af8c2b1,site:springer:10.1134_S106422931912007X:text:raw:dms:l:6,54.88125,111.004,reported,springer,springer:10.1134_S106422931912007X,,10.1134/S106422931912007X,,RF-1-7,,,,,,Explicit profile/pit label within 180 characters of an author-reported coordinate.,"{""spatial_linkage"": ""coordinate_local_explicit_profile_label"", ""coordinate_candidate_id"": ""springer:10.1134_S106422931912007X:text:raw:dms:l:6"", ""label_distance_characters"": 208}
part of the alluvial plain Kuchiger Hot Springs belong to the nitrogen type [13].     under meadow-steppe vegetation 17 m from the edge of In addition to molecular nitrogen (more than 80% of        the mire. Pit RF-1-7 (54°52′52.5″ N, 111°00′14.4″ E) the released gases), gas emissions also contain meth-      characterizes the plain within slightly concave element ane and carbon dioxide (0.15–1%).                          of mesotopography at a somewhat higher level.     The rivulet flows across a large m",10.1134_S106422931912007X.txt
profile:coordinate_first_label:04abcf9cfc1890133518,site:springer:10.1134_S1064229319040082:text:raw:dms:l:1,52.130694444444444,106.93119444444444,reported,springer,springer:10.1134_S1064229319040082,,10.1134/S1064229319040082,,13D-11,,,,,,Explicit profile/pit label within 180 characters of an author-reported coordinate.,"{""spatial_linkage"": ""coordinate_local_explicit_profile_label"", ""coordinate_candidate_id"": ""springer:10.1134_S1064229319040082:text:raw:dms:l:1"", ""label_distance_characters"": 208}
                                     In the further development of this soil, an increase                                                               in the thickness of forest litter should hamper the     Pit 13D-11 (52°07′50.5″ N; 106°55′52.3″ E) was            growth of herbs and create conditions for a more active examined in 2011 under the pine stand (10P) of the            growth of lichens with the formation of aggressive fourth quality class damaged by the surface fire.             forms of hum",10.1134_S1064229319040082.txt
profile:coordinate_first_label:06450169049d29198c8d,site:springer:10.1134_S1064229319020145:text:raw:dms:l:5,51.38032777777778,107.61189999999999,reported,springer,springer:10.1134_S1064229319020145,,10.1134/S1064229319020145,,2,,,,,,Explicit profile/pit label within 180 characters of an author-reported coordinate.,"{""spatial_linkage"": ""coordinate_local_explicit_profile_label"", ""coordinate_candidate_id"": ""springer:10.1134_S1064229319020145:text:raw:dms:l:5"", ""label_distance_characters"": 208}
arbonates [18, yellowish brown (10YR 5/6) slightly dry light loam            21, 23, 27]. with platy–crumb structure; rather compact, porous,                                                                   Pit 2BK-16 (51°22′49.18″ N, 107°36′42.84″ E) was with inclusions of fine roots; smooth boundary. The                                                               examined in the transeluvial position on steep (10°– transition is seen from the rise in the soil density. The                              ",10.1134_S1064229319020145.txt
profile:coordinate_first_label:06594c572ea7758afb7e,site:springer:10.1134_S1064229317060035:text:raw:strict:l:7,53.84245,110.21525,reported,springer,springer:10.1134_S1064229317060035,,10.1134/S1064229317060035,,14B-13,,,,,,Explicit profile/pit label within 180 characters of an author-reported coordinate.,"{""spatial_linkage"": ""coordinate_local_explicit_profile_label"", ""coordinate_candidate_id"": ""springer:10.1134_S1064229317060035:text:raw:strict:l:7"", ""label_distance_characters"": 262}
                                                                        pH Н2О   depth, cm                              %                                          cmol/kg                  Meadow solonchak. Varagol site (53.84245° N, 110.21525° E, 480 m a.s.l.), pit 14B-13     0–1           2.83        2.67      0.90       4.50    1.65     36.97        0.38     1.75     38.29         9.67     1–10          1.71        1.61      0.10       0.95    2.20     21.93       0.63      2.63     21.53         9",10.1134_S1064229317060035.txt
profile:coordinate_first_label:07d4dfca7ad0b2be9ee7,site:springer:10.1134_S1064229317060035:text:raw:strict:l:8,53.74089,110.11285,reported,springer,springer:10.1134_S1064229317060035,,10.1134/S1064229317060035,,1B-13,,,,,,Explicit profile/pit label within 180 characters of an author-reported coordinate.,"{""spatial_linkage"": ""coordinate_local_explicit_profile_label"", ""coordinate_candidate_id"": ""springer:10.1134_S1064229317060035:text:raw:strict:l:8"", ""label_distance_characters"": 248}
                         %                                                           cmol/kg                                            Meadow solonchak (dark-humus quasigley solonchakous alluvial soil). Inskaya steppe (53.74089° N, 110.11285° E), pit 1B-13                                0–1               1.66                1.47          0.13         1.04          0.25        23.41         2.25       10.38       12.20            8.54                               10–15              0.20             ",10.1134_S1064229317060035.txt
profile:coordinate_first_label:080a43d9deea40a1c91b,site:springer:10.1134_S1064229325602379:text:raw:ru_abbr:dms:2,70.88333333333334,160.58333333333334,reported,springer,springer:10.1134_S1064229325602379,,10.1134/S1064229325602379,,K-3,,,,,,Explicit profile/pit label within 180 characters of an author-reported coordinate.,"{""spatial_linkage"": ""coordinate_local_explicit_profile_label"", ""coordinate_candidate_id"": ""springer:10.1134_S1064229325602379:text:raw:ru_abbr:dms:2"", ""label_distance_characters"": 229}
tol- soil [31], or sandy loamy gleyic cryozem [35], or Reduc-    bovoi Island are occupied by permafrost-affected taquic Cryosol (Loamic) in the WRB system [43]              loamy sandy alluvial humus gley soils [35], or Reduc- (point K-3; 70°53′ N, 160°35′ E; 33 m a.s.l.). The soil     taquic Cryosols (Arenic, Fluvic) in the WRB system profile consists of the following horizon: O (0–2 cm)—      [43]. The soil profile (pit Ch-1; 70°37′ N, 162°23′ E; a thin litter composed of mosses and residues of herbs      17 m a.s.l.) was laid 130 m from the sea coast, on the with a wea",10.1134_S1064229325602379.txt
profile:coordinate_first_label:08fe9d57c96d2bee3922,site:springer:10.1134_S1064229317060035:text:raw:strict:l:5,54.26879,110.47016,reported,springer,springer:10.1134_S1064229317060035,,10.1134/S1064229317060035,,16,,,,,,Explicit profile/pit label within 180 characters of an author-reported coordinate.,"{""spatial_linkage"": ""coordinate_local_explicit_profile_label"", ""coordinate_candidate_id"": ""springer:10.1134_S1064229317060035:text:raw:strict:l:5"", ""label_distance_characters"": 262}
ffected solonchak on layered alluvial sediments (hydromorphic permafrost-affected quasigley solonchak), Zagalkhan site between Topiko                                                                      and Vulag lakes (54.26879° N, 110.47016° E, 494 m a.s.l.), pit 16B-13                                                                                                                                                                                       SALT-AFFECTED SOILS OF THE BARGUZIN DEPRESSION    ",10.1134_S1064229317060035.txt
profile:coordinate_first_label:08ff6317fceae9befcec,site:springer:10.1134_S1064229321050148:text:raw:dms:l:1,63.12544444444445,139.09733333333335,reported,springer,springer:10.1134_S1064229321050148,,10.1134/S1064229321050148,,7n,,,,,,Explicit profile/pit label within 180 characters of an author-reported coordinate.,"{""spatial_linkage"": ""coordinate_local_explicit_profile_label"", ""coordinate_candidate_id"": ""springer:10.1134_S1064229321050148:text:raw:dms:l:1"", ""label_distance_characters"": 147}
                                              dark gray color of the mineral horizons are related to the     Soils of the mountainous tundra zone. Pit 7n           character of vegetation: the products of decomposition (63°07′31.6″ N, 139°05′50.4″ E; 1542 m a.s.l.) was         of lichens are darker in color in comparison with the described on a gentle (3°–5°) slope of northeastern        products of decomposition of mosses. The soil reaction aspect of Mount Domokhotova, within the moun-              was ",10.1134_S1064229321050148.txt
profile:coordinate_first_label:0d6fd3cbc879bc8f42cc,site:springer:10.1134_S1064229323601361:text:raw:degree_decimal_minutes_cardinal:5,51.06936666666667,106.3291,reported,springer,springer:10.1134_S1064229323601361,,10.1134/S1064229323601361,,12,,,,,,Explicit profile/pit label within 180 characters of an author-reported coordinate.,"{""spatial_linkage"": ""coordinate_local_explicit_profile_label"", ""coordinate_candidate_id"": ""springer:10.1134_S1064229323601361:text:raw:degree_decimal_minutes_cardinal:5"", ""label_distance_characters"": 258}
        solonchak (Calcic Sodic Solonchak (Loamic, Car- elements. In this regard, the study of sorption proper-          bonatic)). ties of salt-affected soils in relation to phosphorus is urgent.                                                              Pit 12 (549 m a.s.l., 51°4.162′ N, 106°19.746′ E) was                                                                  laid on the floodplain of the Bayan-Gol River     The purpose of this research is to study phosphorus          (Selenginskii district) under an iris–leymus (Leymus sorption properties of salt-affected soils in the Western        chinensis) community. The soil was represented by Transbaikal region.           ",10.1134_S1064229323601361.txt
profile:coordinate_first_label:0ddd64efe4f6101dd9e9,site:springer:10.1134_S1064229319020145:text:raw:dms:l:2,51.35944444444445,107.53805555555556,reported,springer,springer:10.1134_S1064229319020145,,10.1134/S1064229319020145,,2,,,,,,Explicit profile/pit label within 180 characters of an author-reported coordinate.,"{""spatial_linkage"": ""coordinate_local_explicit_profile_label"", ""coordinate_candidate_id"": ""springer:10.1134_S1064229319020145:text:raw:dms:l:2"", ""label_distance_characters"": 206}
10], the studied soil belongs to the     burozems have a sporadic pattern. These soils are subtype of slightly unsaturated brown forest soils.        formed on the interfluves and upper parts of slopes     Pit 2Ts-D-10 (51°21′34.00″ N, 107°32′17.00″ E)         under larch–birch forests with rich herbaceous ground was excavated in the transeluvial position on the          cover. These factors favor the development of pedo- northwestern slope of 3°–4° at 900 m a.s.l. under the      genic alteration (metamorp",10.1134_S1064229319020145.txt
profile:coordinate_first_label:106b550409812deb9efd,site:springer:10.1134_S1064229324601653:text:raw:strict:l:0,52.0406,41.1825,reported,springer,springer:10.1134_S1064229324601653,,10.1134/S1064229324601653,,1,,,,,,Explicit profile/pit label within 180 characters of an author-reported coordinate.,"{""spatial_linkage"": ""coordinate_local_explicit_profile_label"", ""coordinate_candidate_id"": ""springer:10.1134_S1064229324601653:text:raw:strict:l:0"", ""label_distance_characters"": 151}
 of 70 cm (Tambov oblast, Tokarevskii dis- these soils in Eurasia—the main areas of forest-steppe        trict, Fig. 1). Coordinates: background soil (pit 1) soils are confined to the central part of the East Euro-      52.0406° N, 41.1825° E; arable soils (pit 2, 52.0418° N, pean Plain and extend east along the southern border          41.1807° E; pit 3, 52.0414° N, 41.1813° E). The loca- of Siberia [13, 29]. The precipitation-to-evaporation         tion of the site and the location of moisture m",10.1134_S1064229324601653.txt
profile:coordinate_first_label:1399feaa11e84aad416f,site:springer:10.1134_S106422932009015X:text:raw:dms:l:0,67.22591666666666,65.63466666666667,reported,springer,springer:10.1134_S106422932009015X,,10.1134/S106422932009015X,,8-PU,,,,,,Explicit profile/pit label within 180 characters of an author-reported coordinate.,"{""spatial_linkage"": ""coordinate_local_explicit_profile_label"", ""coordinate_candidate_id"": ""springer:10.1134_S106422932009015X:text:raw:dms:l:0"", ""label_distance_characters"": 210}
 Razvil’nyi Creek (pit 1-PU; 67°13′28.7″ N,                       RESULTS AND DISCUSSION 65°28′39.8″ E) to a plateau within the upper part of the         Vegetation cover. The studied soils of the moun- slope (pit 8-PU; 67°13′33.3″ N, 65°38′04.8″ E).               tainous tundra are confined to different elements of     At each of the sites, reference soil pits characteriz-    the mesorelief and are formed under different types of ing major soils developed from colluvial derivatives of       plant commu",10.1134_S106422932009015X.txt
profile:coordinate_first_label:13d82cd4e3d1bd8a2583,site:springer:10.1134_S1064229317060035:text:raw:strict:l:9,53.72783,110.11007,reported,springer,springer:10.1134_S1064229317060035,,10.1134/S1064229317060035,,4B-13,,,,,,Explicit profile/pit label within 180 characters of an author-reported coordinate.,"{""spatial_linkage"": ""coordinate_local_explicit_profile_label"", ""coordinate_candidate_id"": ""springer:10.1134_S1064229317060035:text:raw:strict:l:9"", ""label_distance_characters"": 262}
  0            0.70          0.10         0.78         0.50        0.63        0.45            8.4                                       Solonchakous meadow-bog soil to the north of Suvinskie lakes; between sand ridges (53.72783° N, 110.11007° E, 484 m a.s.l.), pit 4B-13                                0–8               0.41               0.33           1.25         3.33          0.25         0.82         0.75        0.50        4.39            9.36                                8–40              0.4",10.1134_S1064229317060035.txt
profile:coordinate_first_label:1471c4c121407410f4fc,site:springer:10.1134_S1064229323601361:text:raw:degree_decimal_minutes_cardinal:6,50.65368333333333,105.66051666666667,reported,springer,springer:10.1134_S1064229323601361,,10.1134/S1064229323601361,,11,,,,,,Explicit profile/pit label within 180 characters of an author-reported coordinate.,"{""spatial_linkage"": ""coordinate_local_explicit_profile_label"", ""coordinate_candidate_id"": ""springer:10.1134_S1064229323601361:text:raw:degree_decimal_minutes_cardinal:6"", ""label_distance_characters"": 258}
nsbaikal region.                                              dark sulfate solonchak (Solonchak (Arenic, Sulfatic,                                                                  Humic)).              OBJECTS AND METHODS                                     Pit 11 (639 m a.s.l., 50°39.221′ N, 105°39.631′ E)                                                                  was laid on the northern shore of Lake Kamennyi Klyuch     The objects of the study are represented by sor, typ-        (Dzhidinskii district), 150 m from the water edge ical, dark, quasigley, and gley solonchaks and saline            under a shore crowfoot (Halerpestes salsuginosa) com- light-humus alluvial soi",10.1134_S1064229323601361.txt
profile:coordinate_first_label:16eb7d3f9d56eecd8948,site:springer:10.1134_S1064229323601579:text:raw:dms:l:0,58.748333333333335,56.13666666666666,reported,springer,springer:10.1134_S1064229323601579,,10.1134/S1064229323601579,,2-I,,,,,,Explicit profile/pit label within 180 characters of an author-reported coordinate.,"{""spatial_linkage"": ""coordinate_local_explicit_profile_label"", ""coordinate_candidate_id"": ""springer:10.1134_S1064229323601579:text:raw:dms:l:0"", ""label_distance_characters"": 110}
ses and transport. Iron oxides                                  coordinates: Rendzic Leptosol (Aric, Clayic) (pit 2-I, and hydroxides act as the carrier fraction of heavy                                     arable) were 58°44′54″ N, 56°08′12″ E; Cambic Lep- metals and, accordingly, play one of the key roles in                                   tosol (Aric, Clayic) (pit 3-C, arable)—57°94′66″ N, their fixation in soils [3, 16]. An increased concentra-                                56°29′43″ E; Humic",10.1134_S1064229323601579.txt
profile:coordinate_first_label:1718908424e6d154f53e,site:springer:10.1134_S1064229325602379:text:raw:ru_abbr:dms:5,70.86666666666666,160.56666666666666,reported,springer,springer:10.1134_S1064229325602379,,10.1134/S1064229325602379,,K-2,,,,,,Explicit profile/pit label within 180 characters of an author-reported coordinate.,"{""spatial_linkage"": ""coordinate_local_explicit_profile_label"", ""coordinate_candidate_id"": ""springer:10.1134_S1064229325602379:text:raw:ru_abbr:dms:5"", ""label_distance_characters"": 231}
soil with pronounced stratification; in the          what different: Zn (5.9–15.3) > Ni (7.1–8.3) > Cu WRB system [43], it is defined as a Protic Fluvisol              (0.9–2.3) > Co (0.6–0.8) > Cd (0.2) > Pb (0.1). When (Arenic) (pit K-2; 70°52′ N, 160°34′ E; 10 m a.s.l.). The        comparing the clarkes of dispersion (ratio of the aver- soil consists of the following horizons: AY (0–6 cm)—            age element content in the lithosphere (clarke) to the brownish gray (10YR 4/1), with very thin (<1 mm)                 element content in the studied sample), it is eviden",10.1134_S1064229325602379.txt
profile:coordinate_first_label:1833da35bb271c28f79b,site:springer:10.1134_S1064229319110036:text:raw:ru_abbr:dms:0,62.1,130.23333333333332,reported,springer,springer:10.1134_S1064229319110036,,10.1134/S1064229319110036,,1,,,,,,Explicit profile/pit label within 180 characters of an author-reported coordinate.,"{""spatial_linkage"": ""coordinate_local_explicit_profile_label"", ""coordinate_candidate_id"": ""springer:10.1134_S1064229319110036:text:raw:ru_abbr:dms:0"", ""label_distance_characters"": 232}
 epigenetic per-                       Description of Vegetation and Soils in the Studied Area mafrost [10]. Some researchers suggest that the layer at contact of the soil with the underlying permafrost                              Plot 1 (62°06′ N, 130°14′ E). Flat surface under the should be separately distinguished as a transient perma-                    bearberry–herbaceous pine forest. Pinus sylvestris L. frost [5, 33]. The most complete concept of the tran-                       predominates in the stand; a small admixture of Larix sient layer was developed by Yu.L.",10.1134_S1064229319110036.txt
profile:coordinate_first_label:1898af3ceb3d9fbf1c8b,site:springer:10.1134_S1064229320060083:text:raw:dms:l:1,78.30305555555556,103.08083333333333,reported,springer,springer:10.1134_S1064229320060083,,10.1134/S1064229320060083,,38M,,,,,,Explicit profile/pit label within 180 characters of an author-reported coordinate.,"{""spatial_linkage"": ""coordinate_local_explicit_profile_label"", ""coordinate_candidate_id"": ""springer:10.1134_S1064229320060083:text:raw:dms:l:1"", ""label_distance_characters"": 211}
Draba alpina,           tions, mosaic patterns of soil–vegetation complexes D. micropetala, etc. Vegetated borders are “fastened”       are formed. by shoots of Salix polaris shrubs. Overall, vegetated          Pit 38M (78°18′11″ N, 103°04′51″ E). Southern surfaces occupy about 25–30% of the area.                   part of the ancient lake basin in the upper reaches of     EURASIAN SOIL SCIENCE        Vol. 53   No. 6   2020 718                                                         MIKHAILOV       ",10.1134_S1064229320060083.txt
profile:coordinate_first_label:18b721b3cf0aa61bc964,site:springer:10.1134_S1064229323602147:text:raw:strict:l:1,50.30025,116.37903,reported,springer,springer:10.1134_S1064229323602147,,10.1134/S1064229323602147,,B-2,,,,,,Explicit profile/pit label within 180 characters of an author-reported coordinate.,"{""spatial_linkage"": ""coordinate_local_explicit_profile_label"", ""coordinate_candidate_id"": ""springer:10.1134_S1064229323602147:text:raw:strict:l:1"", ""label_distance_characters"": 211}
 calculated as a     The soil was identified as gley solonchak (Gleyic      weighted mean [12]. Solonchak (Loamic, Chloride)).                                 – F—a dynamic factor, representing the ratio of     Pit B-2 (50.30025° N, 116.37903° E) was made in        physical sand to physical clay. The parameter charac- the lakeside depression, 153 m from the shoreline of       terizes sedimentation conditions. At F > 1, the input of Bab’e Lake under Puccinellia–Artemisia–Hordeum             fragmentar",10.1134_S1064229323602147.txt
profile:coordinate_first_label:1c071437a4c981e83394,site:springer:10.1134_S1064229317060035:text:raw:strict:l:0,54.76925,110.97554,reported,springer,springer:10.1134_S1064229317060035,,10.1134/S1064229317060035,,19B-13,,,,,,Explicit profile/pit label within 180 characters of an author-reported coordinate.,"{""spatial_linkage"": ""coordinate_local_explicit_profile_label"", ""coordinate_candidate_id"": ""springer:10.1134_S1064229317060035:text:raw:strict:l:0"", ""label_distance_characters"": 318}
           30–40               0.12                 0.07            5.60         1.12          0.17       0.06           0.30      0.10          0.95       ″                                     Solonchakous meadow soil (54.76925° N, 110.97554° E, 539 m a.s.l.), the Barguzin River floodplain, north of the depression, pit 19B-13                                                                                                                                                                                 ",10.1134_S1064229317060035.txt
profile:coordinate_first_label:1d3310284f1ad7904fbf,site:springer:10.1134_S1064229313080085:text:raw:strict:l:3,62.0586,58.9376,reported,springer,springer:10.1134_S1064229313080085,,10.1134/S1064229313080085,,08,,,,,,Explicit profile/pit label within 180 characters of an author-reported coordinate.,"{""spatial_linkage"": ""coordinate_local_explicit_profile_label"", ""coordinate_candidate_id"": ""springer:10.1134_S1064229313080085:text:raw:strict:l:3"", ""label_distance_characters"": 206}
                                     zon in the upper part of the profile.                              310                         5   6                                                                     Pit 080101 (62.0586 N, 58.9376 E). Typical peat                                                                  6                              300                                                 5                                             gleyzem under the fir–spruce forest with small her",10.1134_S1064229313080085.txt
profile:coordinate_first_label:1fd2fa8337bb7301adc2,site:springer:10.1134_S1064229319020145:text:raw:dms:l:0,51.46,107.90805555555556,reported,springer,springer:10.1134_S1064229319020145,,10.1134/S1064229319020145,,18,,,,,,Explicit profile/pit label within 180 characters of an author-reported coordinate.,"{""spatial_linkage"": ""coordinate_local_explicit_profile_label"", ""coordinate_candidate_id"": ""springer:10.1134_S1064229319020145:text:raw:dms:l:0"", ""label_distance_characters"": 205}
ightly compacted; porous; ties of the genetic and spatial variability of soils.                                                                     with abundant tree and grass roots; and with distinct    Pit 18Ts-D-11 (51°27′36.00″ N, 107°54′29.00″ E)                  wavy boundary. The eluvial (EL) horizon is pale yel- was examined on the upper part of the northeastern                  low (10YR 6/4) slightly dry sandy loam; compact, slope of 1°–2° of the Tsagan-Daban Ridge in the elu-                wit",10.1134_S1064229319020145.txt
profile:coordinate_first_label:21ba881a4aca72f6467b,site:springer:10.1134_S1064229318020059:text:raw:dms:l:4,43.05638888888888,131.55916666666667,reported,springer,springer:10.1134_S1064229318020059,,10.1134/S1064229318020059,,30,,,,,,Explicit profile/pit label within 180 characters of an author-reported coordinate.,"{""spatial_linkage"": ""coordinate_local_explicit_profile_label"", ""coordinate_candidate_id"": ""springer:10.1134_S1064229318020059:text:raw:dms:l:4"", ""label_distance_characters"": 268}
 Pit 54 was studied on a flat coastal plain slightly     found their adequate place in the new classification inclined toward the sea to the northwest of the Tsap-       system of Russian soils [13, 23]. lich’ya Lagoon (43°3′23″ N, 131°33′33″ E, 15 m a.s.l.)          Pit 30 was examined on the coastal plain to the north under the phragmites–reed grass fen with tussocky           of the Narva Bay, within a saucer-like depression in the surface (the vegetative cover up to 90%). A peat            Narva",10.1134_S1064229318020059.txt
profile:coordinate_first_label:22acf47d816cbb077858,site:springer:10.1134_S1064229319110036:text:raw:ru_abbr:dms:2,62.13333333333333,130.41666666666666,reported,springer,springer:10.1134_S1064229319110036,,10.1134/S1064229319110036,,3,,,,,,Explicit profile/pit label within 180 characters of an author-reported coordinate.,"{""spatial_linkage"": ""coordinate_local_explicit_profile_label"", ""coordinate_candidate_id"": ""springer:10.1134_S1064229319110036:text:raw:ru_abbr:dms:2"", ""label_distance_characters"": 232}
ermafrost. BPL(15–43 cm)–BCA(43–68 cm)–Cca(68–88 cm). The soil profile is underlain by the low-ice permafrost.                                                               Climatic Parameters of the Territory and Their Changes     Plot 3 (62°08′ N, 130°25′ E). Flat surface under the herbaceous birch (Betula platyphylla Sukacz.) forest              The studied area is characterized by the cold ultra- with the canopy density of 0.6. The height of the trees       continental climate with low annual and winter tem- is up to 8–10 m. Salix bebbiana Sarg., Rosa acicularis       ",10.1134_S1064229319110036.txt
profile:coordinate_first_label:23dc19379548e5f08421,site:springer:10.1134_S1064229322070122:text:raw:dms:l:1,68.58444444444444,55.93083333333333,reported,springer,springer:10.1134_S1064229322070122,,10.1134/S1064229322070122,,P-5-1,,,,,,Explicit profile/pit label within 180 characters of an author-reported coordinate.,"{""spatial_linkage"": ""coordinate_local_explicit_profile_label"", ""coordinate_candidate_id"": ""springer:10.1134_S1064229322070122:text:raw:dms:l:1"", ""label_distance_characters"": 394}
 Pit P-5-2. Oligotrophic destructive permafrost- terraces (first and second levels), alluvial–marine and    affected peat soil of eroded peat spot. Coordinates: lacustrine–alluvial plains interspersed with a network     68°35′4″ N, 55°55′51″ E; 80 m north-northwest from     EURASIAN SOIL SCIENCE        Vol. 55   No. 7   2022 942                                            VASILEVICH et al.  pit P-5-1, on the northern part of the peat ridge (4.5 ×   molecular fragments and functional groups of HAs 1",10.1134_S1064229322070122.txt
profile:coordinate_first_label:270644970b78ea945a04,site:springer:10.1134_S1064229319040082:text:raw:dms:l:0,52.12975,106.90983333333334,reported,springer,springer:10.1134_S1064229319040082,,10.1134/S1064229319040082,,15D-11,,,,,,Explicit profile/pit label within 180 characters of an author-reported coordinate.,"{""spatial_linkage"": ""coordinate_local_explicit_profile_label"", ""coordinate_candidate_id"": ""springer:10.1134_S1064229319040082:text:raw:dms:l:0"", ""label_distance_characters"": 208}
vering river and lake terraces hills. According to forest taxation data of 1990, all        serve as the parent material for the studied soils. these plots were covered by lichen pine stands of the           Pit 15D-11 (52°07′47.1″ N; 106°54′35.4″ E) was fourth quality class.                                        excavated under the lingonberry–lichen pine (10P)    In the study of soil morphology, special attention        forest of the fourth quality class and characterized the was paid to the features ",10.1134_S1064229319040082.txt
profile:coordinate_first_label:28f04f72ab8655ab4204,site:springer:10.1134_S1064229320060083:text:raw:dms:l:5,75.62472222222222,144.5036111111111,reported,springer,springer:10.1134_S1064229320060083,,10.1134/S1064229320060083,,75M,,,,,,Explicit profile/pit label within 180 characters of an author-reported coordinate.,"{""spatial_linkage"": ""coordinate_local_explicit_profile_label"", ""coordinate_candidate_id"": ""springer:10.1134_S1064229320060083:text:raw:dms:l:5"", ""label_distance_characters"": 211}
 R. pygmaeus, Draba alpina, D. micropetala, Alo-     The soil reaction is slightly acid (pH 6.4–6.2). The     pecurus alpinus, and Salix polaris. humus content in the Ag horizon is 3.6%; in the CRg              Pit 75M (75°37′29″ N, 144°30′13″ E), Faddeyevsky horizon, 2.9%. The mobile (oxalate-extractable) iron         Island, local divide between the Ulakhan-Yuryakh River                                                               EURASIAN SOIL SCIENCE          Vol. 53   No. 6   2020           CH",10.1134_S1064229320060083.txt
profile:coordinate_first_label:2a4200cd016d93183398,site:springer:10.1134_S1064229311030203:text:raw:degree_decimal_minutes_cardinal:0,63.85,52.15,reported,springer,springer:10.1134_S1064229311030203,,,,2,,,,,,Explicit profile/pit label within 180 characters of an author-reported coordinate.,"{""spatial_linkage"": ""coordinate_local_explicit_profile_label"", ""coordinate_candidate_id"": ""springer:10.1134_S1064229311030203:text:raw:degree_decimal_minutes_cardinal:0"", ""label_distance_characters"": 150}
of welldrained watersheds at are widespread in this subzone, remain debatable.                                       elevations of 170–250 m a.s.l.: pit 2Zh in the north                                                                                         ern taiga subzone (63°51′N, 52°09′E) and pit 15Zh in     The Timan Ridge is a region poorly studied in this                                                                             1 respect. Geomorphologically, the Timan is an ancient                                    the middle taiga subzone . The vegetation of these system of strongly eroded and, in places, almost                                        a",springer_fulltext/10.1134_S1064229311030203.txt
profile:coordinate_first_label:2a7ce01d6b02644136d4,site:springer:10.1134_S1064229323601439:text:raw:strict:l:6,53.336534,78.293516,reported,springer,springer:10.1134_S1064229323601439,,10.1134/S1064229323601439,,5,,,,,,Explicit profile/pit label within 180 characters of an author-reported coordinate.,"{""spatial_linkage"": ""coordinate_local_explicit_profile_label"", ""coordinate_candidate_id"": ""springer:10.1134_S1064229323601439:text:raw:strict:l:6"", ""label_distance_characters"": 142}
) with solonchakous gypsiferous cherno-              upper horizons with atmospheric precipitation. zemic meadow shallow clayey solonetz, and pit 5                      It can be seen from the obtained data that highly (53.336534° N, 78.293516° E) with thin low-humus                 saline groundwater at a shallow depth is the main solonchakous sandy loamy meadow soil (Fig. 4).                   source of soil salinization. Under conditions of                                                           ",10.1134_S1064229323601439.txt
profile:coordinate_first_label:2aa81ddebc9ae9faa9fe,site:springer:10.1134_S1064229319110036:text:raw:ru_abbr:dms:2,62.13333333333333,130.41666666666666,reported,springer,springer:10.1134_S1064229319110036,,10.1134/S1064229319110036,,3,,,,,,Explicit profile/pit label within 180 characters of an author-reported coordinate.,"{""spatial_linkage"": ""coordinate_local_explicit_profile_label"", ""coordinate_candidate_id"": ""springer:10.1134_S1064229319110036:text:raw:degree_decimal_minutes:2"", ""label_distance_characters"": 272}
(9–15 cm)–                     low-ice permafrost. BPL(15–43 cm)–BCA(43–68 cm)–Cca(68–88 cm). The soil profile is underlain by the low-ice permafrost.                                                               Climatic Parameters of the Territory and Their Changes     Plot 3 (62°08′ N, 130°25′ E). Flat surface under the herbaceous birch (Betula platyphylla Sukacz.) forest              The studied area is characterized by the cold ultra- with the canopy density of 0.6. The height of the trees       continental climate with low annual and winter tem- is up to 8–10 m. Salix bebbiana Sarg., Rosa acicularis        peratures, huge seasonal and daily temperature ampli- Lindl",10.1134_S1064229319110036.txt
profile:coordinate_first_label:2f21edc31c71503dc35f,site:springer:10.1134_S1064229317060035:text:raw:strict:l:11,53.80265,110.24239,reported,springer,springer:10.1134_S1064229317060035,,10.1134/S1064229317060035,,9B-13,,,,,,Explicit profile/pit label within 180 characters of an author-reported coordinate.,"{""spatial_linkage"": ""coordinate_local_explicit_profile_label"", ""coordinate_candidate_id"": ""springer:10.1134_S1064229317060035:text:raw:strict:l:11"", ""label_distance_characters"": 262}
                                                                                                CHERNOUSENKO et al.                                                                 Solonchakous meadow-bog soil. Vayangol (53.80265° N, 110.24239° E, 491 m a.s.l.), pit 9B-13                                0–1               0.71                0.71          7.10         2.25          0.20         1.90         0.38        0.13       10.95           10.29                                1–10              0.4",10.1134_S1064229317060035.txt
profile:coordinate_first_label:306b9c46940c62456636,site:springer:10.1134_S1064229322070122:text:raw:dms:l:0,68.58388888888888,55.931666666666665,reported,springer,springer:10.1134_S1064229322070122,,10.1134/S1064229322070122,,P-5-1,,,,,,Explicit profile/pit label within 180 characters of an author-reported coordinate.,"{""spatial_linkage"": ""coordinate_local_explicit_profile_label"", ""coordinate_candidate_id"": ""springer:10.1134_S1064229322070122:text:raw:dms:l:0"", ""label_distance_characters"": 93}
rents Sea        peat mounds. coast and assessed the influence of macroparameters            Pit P-5-1. Permafrost-affected oligotrophic peat (botanical composition, degree of decomposition, and       soil. Coordinates: 68°35′2″ N, 55°55′54″ E; 4 km radiocarbon age of peat) on the molecular composition      south of the sea coast. The center of a flat-topped peat of humic substances using gas chromatography and           ridge of a complex polygonal shape stretched from 13C NMR spectroscopy (CP/MAS",10.1134_S1064229322070122.txt
profile:coordinate_first_label:322bb15b7967790fc885,site:springer:10.1134_S1064229324602099:text:raw:dms:l:1,67.22491666666667,65.63808333333334,reported,springer,springer:10.1134_S1064229324602099,,10.1134/S1064229324602099,,6-PU,,,,,,Explicit profile/pit label within 180 characters of an author-reported coordinate.,"{""spatial_linkage"": ""coordinate_local_explicit_profile_label"", ""coordinate_candidate_id"": ""springer:10.1134_S1064229324602099:text:raw:dms:l:1"", ""label_distance_characters"": 210}
idues are noted.                   fine silty calcareous material in small cavities on the                                                              surface of the weathered limestone (Figs. 4k and 4l).     Pit 6-PU (67°13′29.70″ N; 65°38′17.10″ E; 265 m                                                                  Pit 5-PU (67°13′30.70″ N; 65°38′2.90″ E; a.s.l.) characterizes the soil formed in the autonomous                                                              245 m .s.l.) is located in a ",10.1134_S1064229324602099.txt
profile:coordinate_first_label:32586fea08c464a32eb5,site:springer:10.1134_S1064229325602409:text:raw:dms:l:3,66.08280833333333,76.41452500000001,reported,springer,springer:10.1134_S1064229325602409,,10.1134/S1064229325602409,,15-18,,,,,,Explicit profile/pit label within 180 characters of an author-reported coordinate.,"{""spatial_linkage"": ""coordinate_local_explicit_profile_label"", ""coordinate_candidate_id"": ""springer:10.1134_S1064229325602409:text:raw:dms:l:3"", ""label_distance_characters"": 134}
und (pit 16-18, 66°04′58.45″ N,                    formed during the marine isotope stage (MIS) 3, 76°24′51.19″ E) and in depression (pit 15-18,                         Karginian time (Fig. 3a) based on the analogy with 66°04′58.11″ N, 76°24′52.29″ E); and pit 17-18 on the                 the well-dated pedocomplex in the valley of the slope of a mound to the depression (66°09′48.05″ N,                   Upper Pravaya Khetta River [33, 34, 38, 39]. Pseudo- 76°39′56.54″ E).                                 ",10.1134_S1064229325602409.txt
profile:coordinate_first_label:328de0c779c05c04afe6,site:springer:10.1134_S1064229314050172:text:raw:ru_abbr:dms:3,46.65,134.4,reported,springer,springer:10.1134_S1064229314050172,,10.1134/S1064229314050172,,6010,,,,,,Explicit profile/pit label within 180 characters of an author-reported coordinate.,"{""spatial_linkage"": ""coordinate_local_explicit_profile_label"", ""coordinate_candidate_id"": ""springer:10.1134_S1064229314050172:text:raw:ru_abbr:dms:3"", ""label_distance_characters"": 230}
t 2.9–3.0 m was dated) and on the high                Stage 1. In the Atlantic period and during the floodplain of the Alchan River (right tributary of the      beginning of the Subboreal period, the climatic fluctu Bikin River, pit 6010, 46°39′ N, 134°24′ E, 62 m a.s.l.;    ations were considerable and specified global transfor gray loamy sand with plant detritus at the depth of         mation of paleolandscapes [9, 13, 17, 25]. The 1.7 m was dated) was determined in the Institute of         [AY2]/~Cg horizon (165–170 cm, rusty–dovecol Geology of National Academy of S",10.1134_S1064229314050172.txt
profile:coordinate_first_label:34bd036538d68b7e0989,site:springer:10.1134_S1064229317060035:text:raw:strict:l:10,53.72772,110.10957,reported,springer,springer:10.1134_S1064229317060035,,10.1134/S1064229317060035,,3B-13,,,,,,Explicit profile/pit label within 180 characters of an author-reported coordinate.,"{""spatial_linkage"": ""coordinate_local_explicit_profile_label"", ""coordinate_candidate_id"": ""springer:10.1134_S1064229317060035:text:raw:strict:l:10"", ""label_distance_characters"": 262}
        1.9         10.65          0.20         0.88         3.00        7.13        3.50            9.88                                            Steppe solonchakous chernozemic meadow soil. Valley of the Suvo River (53.72772° N, 110.10957° E, 487 m a.s.l.), pit 3B-13                                0–5               0.10               0.05           0            0.80          0.10          0.40        0.50        0.38        0.43            8.28                                5–10              0.1",10.1134_S1064229317060035.txt
profile:coordinate_first_label:34d51e68f24fde157361,site:springer:10.1134_S1064229324601653:text:raw:ru_abbr:dms:0,51.0,41.15,reported,springer,springer:10.1134_S1064229324601653,,10.1134/S1064229324601653,,1,,,,,,Explicit profile/pit label within 180 characters of an author-reported coordinate.,"{""spatial_linkage"": ""coordinate_local_explicit_profile_label"", ""coordinate_candidate_id"": ""springer:10.1134_S1064229324601653:text:raw:ru_abbr:dms:0"", ""label_distance_characters"": 183}
the reference evapo-                 (1977) and as quasigley migrational-mycelial (pseudo- transpiration, we used data from the nearest Zherdevka         mycelial) gleyic chernozems (pit 1) and quasigley con- weather station (WMO ID 34047; 51°0′ N, 41°9′ E;               cretionary gleyic agrochernozems (pits 2 and 3) accord- 148 m a.s.l.).                                                 ing to the Field Guide on Soil Correlation [12].     To generally characterize the properties of soils,             Thus, the main morphological differences in soils evaluate their wate",10.1134_S1064229324601653.txt
profile:coordinate_first_label:3b7d47a84e9abb7a0791,site:springer:10.1134_S1064229323601439:text:raw:strict:l:7,53.235041,80.640819,reported,springer,springer:10.1134_S1064229323601439,,10.1134/S1064229323601439,,7,,,,,,Explicit profile/pit label within 180 characters of an author-reported coordinate.,"{""spatial_linkage"": ""coordinate_local_explicit_profile_label"", ""coordinate_candidate_id"": ""springer:10.1134_S1064229323601439:text:raw:strict:l:7"", ""label_distance_characters"": 213}
                    tration than in the groundwater under the meadow meadow-chernozemic soil with deep effervescence was                          soil. Among cations, sodium prevails in the groundwa- described in pit 7 (53.235041° N, 80.640819° E); in the                      ter under the solonetz (its concentration is three times superaqual (floodplain) landscape, medium-deep                               higher than that of magnesium), while in the ground- solonchakous sandy loamy chernozemic-meado",10.1134_S1064229323601439.txt
profile:coordinate_first_label:3bad33bd9b7b25d7eb47,site:springer:10.1134_S1064229313080085:text:raw:strict:l:2,62.07721,58.95767,reported,springer,springer:10.1134_S1064229313080085,,10.1134/S1064229313080085,,08,,,,,,Explicit profile/pit label within 180 characters of an author-reported coordinate.,"{""spatial_linkage"": ""coordinate_local_explicit_profile_label"", ""coordinate_candidate_id"": ""springer:10.1134_S1064229313080085:text:raw:strict:l:2"", ""label_distance_characters"": 57}
ied with calcium and avail gleyic ironilluvial podzol (pit 081520) and a soil                   able potassium and phosphorus. with surface bleaching because of the temporary over                      Pit 081912 (62.07721 N, 58.95767 E). Gleyic moistening (pit 081501). The middleprofile hori                     burozem under the fir–spruce forest with tall herbs in zons of these soils have similar morphologies; the dif                 the ground cover. ference between them is only seen",10.1134_S1064229313080085.txt
profile:coordinate_first_label:3d09e1db19626691017d,site:springer:10.1134_S1064229319110036:text:raw:ru_abbr:dms:1,62.11666666666667,130.3,reported,springer,springer:10.1134_S1064229319110036,,10.1134/S1064229319110036,,2,,,,,,Explicit profile/pit label within 180 characters of an author-reported coordinate.,"{""spatial_linkage"": ""coordinate_local_explicit_profile_label"", ""coordinate_candidate_id"": ""springer:10.1134_S1064229319110036:text:raw:ru_abbr:dms:1"", ""label_distance_characters"": 232}
(27–53 cm)–C(53–150 cm). The soil is under- conditions of global climate change on the change in                        lain by the low-ice permafrost. the water content in permafrost areas owing to the                              Plot 2 (62°07′ N, 130°18′ E). Flat surface under the release of water stored in the frozen state in the protec-                  ledum–bilberry–herbaceous larch (Larix gmelinii L.) tive layer.                                                                 with some admixture of birch (Betula platyphylla Suk-                                     ",10.1134_S1064229319110036.txt
profile:coordinate_first_label:3d8f1c85e265a0dc784c,site:springer:10.1134_S1064229319110036:text:raw:ru_abbr:dms:3,62.13333333333333,130.51666666666668,reported,springer,springer:10.1134_S1064229319110036,,10.1134/S1064229319110036,,4,,,,,,Explicit profile/pit label within 180 characters of an author-reported coordinate.,"{""spatial_linkage"": ""coordinate_local_explicit_profile_label"", ""coordinate_candidate_id"": ""springer:10.1134_S1064229319110036:text:raw:ru_abbr:dms:3"", ""label_distance_characters"": 232}
2 cm); the soil profile is underlain by the           up to –7.5°C was observed. Thus, over the past 84 years, low-ice permafrost.                                           the average annual air temperature increased by 2.8°С,     Plot 4 (62°08′ N, 130°31′ E, 100 m south of               which is a significant value (Fig. 2). This increase in Ulakhan Sykhkhan alas). Flat surface complicated by           mainly due to the rise of temperatures in the winter the polygonal nanotopography. The diameter of the             and spring seasons (from November to May). The rise poly",10.1134_S1064229319110036.txt
profile:coordinate_first_label:3dae0ce4a81f4b8ec011,site:springer:10.1134_S1064229319110036:text:raw:ru_abbr:dms:0,62.1,130.23333333333332,reported,springer,springer:10.1134_S1064229319110036,,10.1134/S1064229319110036,,1,,,,,,Explicit profile/pit label within 180 characters of an author-reported coordinate.,"{""spatial_linkage"": ""coordinate_local_explicit_profile_label"", ""coordinate_candidate_id"": ""springer:10.1134_S1064229319110036:text:raw:degree_decimal_minutes:0"", ""label_distance_characters"": 272}
e differing from those of the underlying epigenetic per-                       Description of Vegetation and Soils in the Studied Area mafrost [10]. Some researchers suggest that the layer at contact of the soil with the underlying permafrost                              Plot 1 (62°06′ N, 130°14′ E). Flat surface under the should be separately distinguished as a transient perma-                    bearberry–herbaceous pine forest. Pinus sylvestris L. frost [5, 33]. The most complete concept of the tran-                       predominates in the stand; a small admixture of Larix sient layer was developed by Yu.L. Schur, who specified                     gmelinii L. in the",10.1134_S1064229319110036.txt
profile:coordinate_first_label:4141ebe2705a27a6f458,site:springer:10.1134_S1064229324602099:text:raw:dms:l:0,67.2231388888889,65.63630555555557,reported,springer,springer:10.1134_S1064229324602099,,10.1134/S1064229324602099,,7-PU,,,,,,Explicit profile/pit label within 180 characters of an author-reported coordinate.,"{""spatial_linkage"": ""coordinate_local_explicit_profile_label"", ""coordinate_candidate_id"": ""springer:10.1134_S1064229324602099:text:raw:dms:l:0"", ""label_distance_characters"": 210}
               RESULTS tion of soils (per calcined sample) was determined by                  Macro- and micromorphological features of soils. the X-ray fluorescence method on a ReSpect analyzer                Pit 7-PU (67°13′23.30″ N, 65°38′10.70″ E, 260 m a.s.l.) (Russia). The analyzer and microscopes are devices of              was laid under a tall-grass meadow with the total pro- the Collective Use Center “Functions and Properties                jective cover of 100% in a small mesodepression con-   ",10.1134_S1064229324602099.txt
profile:coordinate_first_label:422d78058813120c7eee,site:springer:10.1134_S1064229323601439:text:raw:strict:l:4,54.025837,77.234112,reported,springer,springer:10.1134_S1064229323601439,,10.1134/S1064229323601439,,2,,,,,,Explicit profile/pit label within 180 characters of an author-reported coordinate.,"{""spatial_linkage"": ""coordinate_local_explicit_profile_label"", ""coordinate_candidate_id"": ""springer:10.1134_S1064229323601439:text:raw:strict:l:4"", ""label_distance_characters"": 358}
76° N, 77.233769° E). (temperature, precipitation, evaporation), hydrogeo-          The transsuperaquatic (floodplain) landscape was logical (increase and decrease in the water level of riv-     characterized by pits 2 (54.025837° N, 77.234112° E) ers and lakes), biological (transpiration), and anthro-       and 3 (54.026018° N, 77.234051° E). The soil of pit 2 pogenic (reclamation measures, use of groundwater             was classified as a strongly solonetzic thin low-humus for the needs of the popu",10.1134_S1064229323601439.txt
profile:coordinate_first_label:42821368c3ce7bee6869,site:springer:10.1134_S1064229308120016:text:raw:degree_decimal_minutes_cardinal:4,64.33333333333333,51.1,reported,springer,springer:10.1134_S1064229308120016,,,,9-Zh,,,,,,Explicit profile/pit label within 180 characters of an author-reported coordinate.,"{""spatial_linkage"": ""coordinate_local_explicit_profile_label"", ""coordinate_candidate_id"": ""springer:10.1134_S1064229308120016:text:raw:degree_decimal_minutes_cardinal:4"", ""label_distance_characters"": 270}
erial predomi-     According to Targulian [13], Al–Fe-humus soils are          nates over the fine earth material. formed on parent materials of different mineralogical           Soil: raw-humus rzhavozem. composition, including relatively rich parent materials,        Pit 9-Zh (64°20′N, 51°06′E); middle part of a slope provided that they contain light-colored minerals with      (3–5°) of the southwestern aspect; 290 m a.s.l. Spruce     EURASIAN SOIL SCIENCE        Vol. 41   No. 12   2008 1254                                             ZHANGUROV et al.  forest with an admixture of larch and birch trees. Few       divided into two groups differing from one another in",springer_fulltext/10.1134_S1064229308120016.txt
profile:coordinate_first_label:42baf0061fc419af248b,site:springer:10.1134_S1064229320050105:text:raw:dms:l:0,65.71111111111111,130.16944444444442,reported,springer,springer:10.1134_S1064229320050105,,10.1134/S1064229320050105,,P-1,,,,,,Explicit profile/pit label within 180 characters of an author-reported coordinate.,"{""spatial_linkage"": ""coordinate_local_explicit_profile_label"", ""coordinate_candidate_id"": ""springer:10.1134_S1064229320050105:text:raw:dms:l:0"", ""label_distance_characters"": 86}
ess var-                                                      Mangazeika River mouth (pit P-1, 1137 m a.s.l., ies from 0.15 to 1.8 m [27].                                                                                  65°42′40″ N, 130°10′10″ E). The soil profile consists of     In accordance with geobotanical zoning [1], a sub-                                                        the following horizons: AO (0–6 cm)–AOh (6–11 cm)– province of mountainous northern taiga sparse larch                ",10.1134_S1064229320050105.txt
profile:coordinate_first_label:4436efe7baf27dd522bf,site:springer:10.1134_S1064229317060035:text:raw:strict:l:11,53.80265,110.24239,reported,springer,springer:10.1134_S1064229317060035,,10.1134/S1064229317060035,,9,,,,,,Explicit profile/pit label within 180 characters of an author-reported coordinate.,"{""spatial_linkage"": ""coordinate_local_explicit_profile_label"", ""coordinate_candidate_id"": ""springer:10.1134_S1064229317060035:text:raw:strict:l:11"", ""label_distance_characters"": 262}
                                                                                                CHERNOUSENKO et al.                                                                 Solonchakous meadow-bog soil. Vayangol (53.80265° N, 110.24239° E, 491 m a.s.l.), pit 9B-13                                0–1               0.71                0.71          7.10         2.25          0.20         1.90         0.38        0.13       10.95           10.29                                1–10              0.4",10.1134_S1064229317060035.txt
profile:coordinate_first_label:46bc3873f359273cd663,site:springer:10.1134_S1064229325601647:text:raw:dms:l:1,59.81586111111111,110.82216666666666,reported,springer,springer:10.1134_S1064229325601647,,10.1134/S1064229325601647,,P-21,,,,,,Explicit profile/pit label within 180 characters of an author-reported coordinate.,"{""spatial_linkage"": ""coordinate_local_explicit_profile_label"", ""coordinate_candidate_id"": ""springer:10.1134_S1064229325601647:text:raw:dms:l:1"", ""label_distance_characters"": 204}
 or slightly               determined using generally accepted methods. Parti- calcareous rocks.                                                  cle size distribution was determined using the pipette    Pit P-21.14.Tl (59°48′57.1″ N, 110°49′19.8″ E,                  method according to N.A. Kachinsky in modification 373 m a.s.l.) is located on a relatively low part of the           by the Dokuchaev Soil Science Institute; pH of soil interfluve with a weakly expressed undulating topog-               wate",10.1134_S1064229325601647.txt
profile:coordinate_first_label:46fb0d90a6cd579fff13,site:springer:10.1134_S1064229320060083:text:raw:dms:l:3,75.49805555555555,144.795,reported,springer,springer:10.1134_S1064229320060083,,10.1134/S1064229320060083,,65,,,,,,Explicit profile/pit label within 180 characters of an author-reported coordinate.,"{""spatial_linkage"": ""coordinate_local_explicit_profile_label"", ""coordinate_candidate_id"": ""springer:10.1134_S1064229320060083:text:raw:dms:l:3"", ""label_distance_characters"": 211}
          The bottoms of low-centered tetragons become judged from the following description.                                                             ponded with water in the spring; they are dried up by    Pit 65M (75°29′53″ N, 144°47′42″ E), Fadde-              the end of summer. The projective cover of vegetation yevsky Island, the Ulakhan-Yuryakh floodplain with a        in the bottoms reaches 40–50%. Hypnum mosses,     EURASIAN SOIL SCIENCE        Vol. 53   No. 6   2020 720                 ",10.1134_S1064229320060083.txt
profile:coordinate_first_label:47bcf5a227c9c1211115,site:springer:10.1134_S1064229318110108:text:raw:ru_abbr:dms:2,64.33333333333333,51.15,reported,springer,springer:10.1134_S1064229318110108,,10.1134/S1064229318110108,,36-Zh,,,,,,Explicit profile/pit label within 180 characters of an author-reported coordinate.,"{""spatial_linkage"": ""coordinate_local_explicit_profile_label"", ""coordinate_candidate_id"": ""springer:10.1134_S1064229318110108:text:raw:ru_abbr:dms:2"", ""label_distance_characters"": 229}
  Tis soil was classified as a raw-humus rzhavozem                                                                   [19] or as a Hyperskeletic Leptosol [31].                                                                       Pit 36-Zh (64°20′ N, 51°09′ E) was also studied in                                                                   the southeastern part of the Chetlasskii Kamen massif                                                                   in the central Timan, on the upper part of a slope (5°–                                                         ",10.1134_S1064229318110108.txt
profile:coordinate_first_label:4b21168215f3c945fda2,site:springer:10.1134_S1064229321020150:text:raw:ru_abbr:dms:5,65.41666666666667,50.85,reported,springer,springer:10.1134_S1064229321020150,,10.1134/S1064229321020150,,44,,,,,,Explicit profile/pit label within 180 characters of an author-reported coordinate.,"{""spatial_linkage"": ""coordinate_local_explicit_profile_label"", ""coordinate_candidate_id"": ""springer:10.1134_S1064229321020150:text:raw:ru_abbr:dms:5"", ""label_distance_characters"": 149}
       0.8          –          –           –         –            –          –       –      8                                                        Pit 44. Gleyic peat-podzolic soil (on glaciofluvial deposits), Stagnic Histic Albeluvisol, 65°25′ N, 50°51′ E                         ELg           17–24             4.0          3.1        1.56        2.4        74.7        3.77       11.89       0.27        1.22        1.42    –     16                                                            Pit 37-ZH. Iron–humus-illuvial podzol (on eluvium of silty shale), Albic Podzol, ",10.1134_S1064229321020150.txt
profile:coordinate_first_label:4c08939f0d4b19477f81,site:springer:10.1134_S1064229325601830:text:raw:degree_decimal_minutes:3,51.625,35.25621666666667,reported,springer,springer:10.1134_S1064229325601830,,10.1134/S1064229325601830,,LG-08-20,,,,,,Explicit profile/pit label within 180 characters of an author-reported coordinate.,"{""spatial_linkage"": ""coordinate_local_explicit_profile_label"", ""coordinate_candidate_id"": ""springer:10.1134_S1064229325601830:text:raw:degree_decimal_minutes:3"", ""label_distance_characters"": 266}
odes remained in defecation sludge—is formed. The defecation sludge             the calcite range [58, 67], vibrational modes of arago- from the Lgov sugar factory sampled from the tailing           nite were absent. However, the defecation sludge spec- dump at IF (pit LG-08-20, 51°37.500′ N, 35°15.373′ E),         tra showed a slight “red shift”, i.e. a decrease in the has a predominantly whitish or light pale color                wavenumber for the peaks of each vibrational mode as (10YR6/2) with individual dark gray areas (10YR5/2);           compared to the values for the original limestone, it shows intense effervescence from HCl. Organic               which is due to the ",10.1134_S1064229325601830.txt
profile:coordinate_first_label:5392a1b5d4745a82df8b,site:springer:10.1134_S106422930603001X:text:raw:ru_abbr:dms:6,67.35,59.766666666666666,reported,springer,springer:10.1134_S106422930603001X,,,,36,,,,,,Explicit profile/pit label within 180 characters of an author-reported coordinate.,"{""spatial_linkage"": ""coordinate_local_explicit_profile_label"", ""coordinate_candidate_id"": ""springer:10.1134_S106422930603001X:text:raw:ru_abbr:dms:6"", ""label_distance_characters"": 87}
                            (Ca-rich) ground water. The cryogenic features that are    Pit 36 characterizes a humus-illuvial peat podbur               seen in the microfabric of this horizon (coagulated developed within a large peat mound (67°21′ N, 59°46′ E)           aggregates) could have appeared later. The humus-illu- under a dwarf birch sedge–moss–lichen association.                 vial horizon has no gley features; its lower part is The soil consists of a relatively thin (24 cm) peat hori-          cemented by ice. These features make it possible to zon (T) underl",springer_fulltext/10.1134_S106422930603001X.txt
profile:coordinate_first_label:5521625b8d04a2ee8c1a,site:springer:10.1134_S1064229312120058:text:raw:dms:l:0,51.544555555555554,107.045,reported,springer,springer:10.1134_S1064229312120058,,,,4B,,,,,,Explicit profile/pit label within 180 characters of an author-reported coordinate.,"{""spatial_linkage"": ""coordinate_local_explicit_profile_label"", ""coordinate_candidate_id"": ""springer:10.1134_S1064229312120058:text:raw:dms:l:0"", ""label_distance_characters"": 197}
stics of                worms, or the aggregates are impregnated with salts. Soils of Russia [13].                                                 38–62 cm. Gray white (in the gray background,     Pit 4B03. 29.07.2003 (51°32′40.4 N, 107°02′42 E).            white mottles of salts with a diameter of 1–2 cm), Flat high terrace, 100 km from Beloe (Orongoiskoe)                weak indistinct structure, friable. Fine roots are lake located in the Selenga River valley. The lake water is       single. salt",springer_fulltext/10.1134_S1064229312120058.txt
profile:coordinate_first_label:55d1b477d0640c3c3a09,site:springer:10.1134_S1064229313020075:text:raw:degree_decimal_minutes_cardinal:2,67.25,65.75,reported,springer,springer:10.1134_S1064229313020075,,,,4,,,,,,Explicit profile/pit label within 180 characters of an author-reported coordinate.,"{""spatial_linkage"": ""coordinate_local_explicit_profile_label"", ""coordinate_candidate_id"": ""springer:10.1134_S1064229313020075:text:raw:degree_decimal_minutes_cardinal:2"", ""label_distance_characters"": 300}
s described. The soils consist of a shallow Bol’shaya Baipudyna River in the western part of the        layer of rubbly–fineearth material occurring under Yamal–Nenets Autonomous District in Tyumen                  poorly developed litter and gradually changing to the oblast at 67°15′ N, 65°45′ E. Plot 4 was established in     parent rock with an ochreous tint on ultramafic rocks,     EURASIAN SOIL SCIENCE         Vol. 46   No. 2   2013 160                                                           KATAEVA  Table 1. The main parameters of the ecotopes                         absorption spectrometer with electrothermal atomiza                                           ",springer_fulltext/10.1134_S1064229313020075.txt
profile:coordinate_first_label:56ae323e1c9ec69ffafc,site:springer:10.1134_S1064229321120048:text:raw:dms:l:2,60.01638888888889,133.83166666666665,reported,springer,springer:10.1134_S1064229321120048,,10.1134/S1064229321120048,,R-01-11,,,,,,Explicit profile/pit label within 180 characters of an author-reported coordinate.,"{""spatial_linkage"": ""coordinate_local_explicit_profile_label"", ""coordinate_candidate_id"": ""springer:10.1134_S1064229321120048:text:raw:dms:l:2"", ""label_distance_characters"": 207}
 forest is about 1–1.5 m; within open places, it along the Alazeya River. A larger part of the river basin     increases up to 3 m [14, 15]. is located in the northern taiga subzone (up to 69° N);           Pit R-01-11 (60°00′59″ N, 133°49′54″ E) was laid the tundra zone is between 69° and 71°N. The soil-            60 km south of the village of Ust-Maya, in a lingon- forming rocks are dark gray alluvial, lacustrine-allu-        berry larch forest on the left bank of the Aldan River. vial, lacustrine",10.1134_S1064229321120048.txt
profile:coordinate_first_label:5ab5b9f08166b6cc8523,site:springer:10.1134_S1064229320060083:text:raw:dms:l:5,75.62472222222222,144.5036111111111,reported,springer,springer:10.1134_S1064229320060083,,10.1134/S1064229320060083,,75,,,,,,Explicit profile/pit label within 180 characters of an author-reported coordinate.,"{""spatial_linkage"": ""coordinate_local_explicit_profile_label"", ""coordinate_candidate_id"": ""springer:10.1134_S1064229320060083:text:raw:dms:l:5"", ""label_distance_characters"": 211}
 R. pygmaeus, Draba alpina, D. micropetala, Alo-     The soil reaction is slightly acid (pH 6.4–6.2). The     pecurus alpinus, and Salix polaris. humus content in the Ag horizon is 3.6%; in the CRg              Pit 75M (75°37′29″ N, 144°30′13″ E), Faddeyevsky horizon, 2.9%. The mobile (oxalate-extractable) iron         Island, local divide between the Ulakhan-Yuryakh River                                                               EURASIAN SOIL SCIENCE          Vol. 53   No. 6   2020           CH",10.1134_S1064229320060083.txt
profile:coordinate_first_label:5c631920944a65421f82,site:springer:10.1134_S1064229313080085:text:raw:strict:l:0,62.0736,58.93628,reported,springer,springer:10.1134_S1064229313080085,,10.1134/S1064229313080085,,08,,,,,,Explicit profile/pit label within 180 characters of an author-reported coordinate.,"{""spatial_linkage"": ""coordinate_local_explicit_profile_label"", ""coordinate_candidate_id"": ""springer:10.1134_S1064229313080085:text:raw:strict:l:0"", ""label_distance_characters"": 206}
oils were placed by us into the order of relatively heavy texture (clay loam) of the parent            rzhavozems (ferruginous soils) [22]. materials. We suppose that the development of Al–Fe              Pit 081501 (62.0736 N, 58.93628 E). Stagnosol humus illuviation in these substrates may be related to       under the herbaceous–green moss fir–spruce forest. the good aggregation of the substrates in this part of            T, 0–6 cm. Brown; wet; weakly decomposed peat. the Northern Urals. M",10.1134_S1064229313080085.txt
profile:coordinate_first_label:5cb0fe5fed76a4ecabbd,site:springer:10.1134_S1064229324602282:text:raw:dms:l:0,54.73927777777778,104.83366666666666,reported,springer,springer:10.1134_S1064229324602282,,10.1134/S1064229324602282,,I-08,,,,,,Explicit profile/pit label within 180 characters of an author-reported coordinate.,"{""spatial_linkage"": ""coordinate_local_explicit_profile_label"", ""coordinate_candidate_id"": ""springer:10.1134_S1064229324602282:text:raw:dms:l:0"", ""label_distance_characters"": 210}
iles on red-colored calcareous vium of calcareous red-colored deposits under conif-          parent materials were selected for detailed study. erous forests [22]. In other studies, carbonate rocks             Pit I-08 (54°44′21.4″ N, 104°50′01.2″ E, 800 m a.s.l.) were considered the underlying rock for loose noncal-         is located 15 km west of the settlement of Zhigalovo. careous sediments [28]. Soils on red-colored calcare-         The soil map [10] displays this area as the area of ous substrates",10.1134_S1064229324602282.txt
profile:coordinate_first_label:5e3ab69be01c46e94d82,site:springer:10.1134_S1064229319060127:text:raw:ru_abbr:dms:1,67.41666666666667,63.833333333333336,reported,springer,springer:10.1134_S1064229319060127,,10.1134/S1064229319060127,,3,,,,,,Explicit profile/pit label within 180 characters of an author-reported coordinate.,"{""spatial_linkage"": ""coordinate_local_explicit_profile_label"", ""coordinate_candidate_id"": ""springer:10.1134_S1064229319060127:text:raw:ru_abbr:dms:1"", ""label_distance_characters"": 232}
 Humic)) was formed                                                              recently under this community.     The aim of our work was to give general character- istics of communities of soil microarthropods in post-           Plot 3 (67°25′ N, 63°50′ E). Small dwarf shrub- agrogenic systems formed in the place of annual and          moss tundra was situated in the Vorkuta River valley perennial crops cultivation in tundra zone of the Euro-      on the second terrace gently inclined to the river. The pean Northeast of Russia.                                    micror",10.1134_S1064229319060127.txt
profile:coordinate_first_label:5e8123223f756cf2d906,site:springer:10.1134_S1064229308120016:text:raw:degree_decimal_minutes_cardinal:1,63.85,52.15,reported,springer,springer:10.1134_S1064229308120016,,,,2-Zh,,,,,,Explicit profile/pit label within 180 characters of an author-reported coordinate.,"{""spatial_linkage"": ""coordinate_local_explicit_profile_label"", ""coordinate_candidate_id"": ""springer:10.1134_S1064229308120016:text:raw:degree_decimal_minutes_cardinal:1"", ""label_distance_characters"": 148}
E; 160 m a.s.l.). Spruce                                                                stand with an admixture of pine and birch trees. Juniper    Pit 2-Zh was studied in the middle taiga subzone of         and dog rose in the shrub story; bilberry, blueberry the central Timan (63°51′N, 52°09′E; 190 m a.s.l.).            dwarf shrubs; horsetail and green mosses. Upper part of a well-drained ridge. Spruce stand with                  O, 0–7 cm. Brownish gray peaty litter. Densely an admixture of birch, larch, and pine. Spruce under-              penetrated by the roots of dwarf shrubs. growth; mountain ash and juniper compose the shrub story. Green mosses, bilberry, mo",springer_fulltext/10.1134_S1064229308120016.txt
profile:coordinate_first_label:5eaf30648225010738c0,site:springer:10.1134_S1064229323601361:text:raw:degree_decimal_minutes_cardinal:0,52.037533333333336,108.61066666666666,reported,springer,springer:10.1134_S1064229323601361,,10.1134/S1064229323601361,,14,,,,,,Explicit profile/pit label within 180 characters of an author-reported coordinate.,"{""spatial_linkage"": ""coordinate_local_explicit_profile_label"", ""coordinate_candidate_id"": ""springer:10.1134_S1064229323601361:text:raw:degree_decimal_minutes_cardinal:0"", ""label_distance_characters"": 258}
                                                           1394                 PHOSPHORUS SORPTION BY SALINE SOILS OF WESTERN TRANSBAIKALIA                                          1395  the soil cover of agricultural lands of the Republic of              Pit 14 (564 m a.s.l., 52°02.252′ N, 108°36.640′ E) Buryatia is 27170 ha. Solonchaks under cheegrass                 was laid on the shore of Lake Gudzhirnoe (Zai- associations are mainly used as pastures (79.5%), and            graevskii district). Vegetation was absent. The soil was 11.9% of them are occupied by hayfields [32].                    determined as a soda–chloride–sulfate sor solonchak     Sulfate, sulfate–soda, ",10.1134_S1064229323601361.txt
profile:coordinate_first_label:5f734bbff91eaca7e692,site:springer:10.1134_S1064229312030118:text:raw:degree_decimal_minutes_cardinal:3,51.5,107.88333333333334,reported,springer,springer:10.1134_S1064229312030118,,,,5,,,,,,Explicit profile/pit label within 180 characters of an author-reported coordinate.,"{""spatial_linkage"": ""coordinate_local_explicit_profile_label"", ""coordinate_candidate_id"": ""springer:10.1134_S1064229312030118:text:raw:degree_decimal_minutes_cardinal:3"", ""label_distance_characters"": 270}
cesses specifies the young age of the     tler and the accumulation of sandy deposits on them soils and their weak differentiation.                         can be traced up to the height of 1000 m a.s.l.     The stony and gravelly parent materials within the            Pit 599 (51°30′ N, 107°53′ E; 884.1 m a.s.l.) was upper parts of the slopes are gradually replaced by           set on an eastern slope under a Duschekia–forb pine sandy materials predominating downslope. Soddy                forest with projective cover of about 50%. podburs are formed on plains and on colluvial fans on             The soil profile has the following horizonation: O footslopes of 2°–10°. ",springer_fulltext/10.1134_S1064229312030118.txt
profile:coordinate_first_label:621effb75029db3a02ff,site:springer:10.1134_S1064229312030118:text:raw:degree_decimal_minutes_cardinal:1,51.666666666666664,107.55833333333334,reported,springer,springer:10.1134_S1064229312030118,,,,744,,,,,,Explicit profile/pit label within 180 characters of an author-reported coordinate.,"{""spatial_linkage"": ""coordinate_local_explicit_profile_label"", ""coordinate_candidate_id"": ""springer:10.1134_S1064229312030118:text:raw:degree_decimal_minutes_cardinal:1"", ""label_distance_characters"": 271}
(2–5 cm)—B (5–10 cm)—M.                      ern aspects and in the bottoms and on gentle slopes of The grayhumus (AY) horizon is dark gray and con            wide hollows that were plowed in previous years. tains inclusions of charcoal particles and fine gravel.      Pit 744 (51°40′ N, 107°33.5′ E; 744 m a.s.l.) was set on The transitional AYB horizon is dark brown. The illu        a leveled summit of a local mount under a shrub vial horizon is brown and contains fine and coarse           grassy–forb open pine forest. The projective cover of gravel. It is underlain by large bedrock fragments.          the vegetation reaches 80%.     The humus content is high (6.7%) in ",springer_fulltext/10.1134_S1064229312030118.txt
profile:coordinate_first_label:628604e5196b641d8afe,site:springer:10.1134_S1064229325602379:text:raw:ru_abbr:dms:0,70.85,160.56666666666666,reported,springer,springer:10.1134_S1064229325602379,,10.1134/S1064229325602379,,K-1,,,,,,Explicit profile/pit label within 180 characters of an author-reported coordinate.,"{""spatial_linkage"": ""coordinate_local_explicit_profile_label"", ""coordinate_candidate_id"": ""springer:10.1134_S1064229325602379:text:raw:ru_abbr:dms:0"", ""label_distance_characters"": 162}
 humus petrozem; in the WRB system [43], as a Skel-                  The southern half of the island is mountainous, with etic Leptosol (Loamic, Dystric, Humic) (pit K-1;                a maximum elevation of 273 m a.s.l. Along the coastal 70°51′ N, 160°34′ E, 70 m a.s.l.). The soil has the fol-        strip, a leveled surface elevated at 20–50 m a.s.l. and lowing horizonation: W (0–3 cm), a protohumus hori-             inclined towards the sea has formed. It mainly covered zon under a thin moss–lichen crust; slightly devel-             with hummocky moss–herb tundra veget",10.1134_S1064229325602379.txt
profile:coordinate_first_label:659040a8e1b6779437d6,site:springer:10.1134_S1064229319040082:text:raw:dms:l:1,52.130694444444444,106.93119444444444,reported,springer,springer:10.1134_S1064229319040082,,10.1134/S1064229319040082,,13,,,,,,Explicit profile/pit label within 180 characters of an author-reported coordinate.,"{""spatial_linkage"": ""coordinate_local_explicit_profile_label"", ""coordinate_candidate_id"": ""springer:10.1134_S1064229319040082:text:raw:dms:l:1"", ""label_distance_characters"": 208}
                                     In the further development of this soil, an increase                                                               in the thickness of forest litter should hamper the     Pit 13D-11 (52°07′50.5″ N; 106°55′52.3″ E) was            growth of herbs and create conditions for a more active examined in 2011 under the pine stand (10P) of the            growth of lichens with the formation of aggressive fourth quality class damaged by the surface fire.             forms of hum",10.1134_S1064229319040082.txt
profile:coordinate_first_label:66686052027dabb71e33,site:springer:10.1134_S1064229314050172:text:raw:ru_abbr:dms:2,46.55,134.16666666666666,reported,springer,springer:10.1134_S1064229314050172,,10.1134/S1064229314050172,,6056,,,,,,Explicit profile/pit label within 180 characters of an author-reported coordinate.,"{""spatial_linkage"": ""coordinate_local_explicit_profile_label"", ""coordinate_candidate_id"": ""springer:10.1134_S1064229314050172:text:raw:ru_abbr:dms:2"", ""label_distance_characters"": 176}
o specify of the soils on the high floodplain terrace of the Burli   the following stages of the development of alluvial soils tovka River (left tributary of the Bikin River, pit 6056,   in the Bikin River basin in the Middle and the Late 46°33′ N, 134°10′ E, 63 m a.s.l.; gray sand with plant      Holocene (Table 3). detritus at 2.9–3.0 m was dated) and on the high                Stage 1. In the Atlantic period and during the floodplain of the Alchan River (right tributary of the      beginning of the Subboreal period, the climatic fluctu Bikin River, pit 6010, 46°39′ N,",10.1134_S1064229314050172.txt
profile:coordinate_first_label:68d55fb1532022663555,site:springer:10.1134_S1064229318010106:text:raw:ru_abbr:dms:4,69.4,32.05,reported,springer,springer:10.1134_S1064229318010106,,10.1134/S1064229318010106,,7,,,,,,Explicit profile/pit label within 180 characters of an author-reported coordinate.,"{""spatial_linkage"": ""coordinate_local_explicit_profile_label"", ""coordinate_candidate_id"": ""springer:10.1134_S1064229318010106:text:raw:ru_abbr:dms:4"", ""label_distance_characters"": 106}
sech (68°53′ N,                                     ize the structure of fungal complexes [12]. 34°00′ E, point 7), in the Zapadnaya Litsa River                                       Studied soils: Al-Fe-humus podzols under dwarf- reaches (69°24′ N, 32°03′ E, point 4), and near Pech-                              shrub–green-moss pine forests. Al-Fe-humus soils enga city (69°28′ N, 31°28′ E, point 3). In the taiga                              were dominated by podzols (Albic Podzols) with soil zone, soil mycobiota was studied in Apatity (67°34′ N,                          ",10.1134_S1064229318010106.txt
profile:coordinate_first_label:69eb3037404c9a6f9177,site:springer:10.1134_S1064229319020145:text:raw:dms:l:0,51.46,107.90805555555556,reported,springer,springer:10.1134_S1064229319020145,,10.1134/S1064229319020145,,18T,,,,,,Explicit profile/pit label within 180 characters of an author-reported coordinate.,"{""spatial_linkage"": ""coordinate_local_explicit_profile_label"", ""coordinate_candidate_id"": ""springer:10.1134_S1064229319020145:text:raw:dms:l:0"", ""label_distance_characters"": 205}
ightly compacted; porous; ties of the genetic and spatial variability of soils.                                                                     with abundant tree and grass roots; and with distinct    Pit 18Ts-D-11 (51°27′36.00″ N, 107°54′29.00″ E)                  wavy boundary. The eluvial (EL) horizon is pale yel- was examined on the upper part of the northeastern                  low (10YR 6/4) slightly dry sandy loam; compact, slope of 1°–2° of the Tsagan-Daban Ridge in the elu-                wit",10.1134_S1064229319020145.txt
profile:coordinate_first_label:69f5c0dcaac3ee4a2e8b,site:springer:10.1134_S1064229320050105:text:raw:dms:l:3,65.65,130.16805555555555,reported,springer,springer:10.1134_S1064229320050105,,10.1134/S1064229320050105,,P-11,,,,,,Explicit profile/pit label within 180 characters of an author-reported coordinate.,"{""spatial_linkage"": ""coordinate_local_explicit_profile_label"", ""coordinate_candidate_id"": ""springer:10.1134_S1064229320050105:text:raw:dms:l:3"", ""label_distance_characters"": 133}
ts, surface-stony lithozems of siltstone colluvium, under the same dwarf birch–            with a soddy humus horizon are developed (pit P-11, moss larch woodland, a raw-humus clay-illuviated               864 m a.s.l.; 65°39′00″ N, 130°10′05″ E; left bank of lithozem (Dystric Skeletic Leptosol (Loamic) was               the Sirilend’e River near its mouth, steep (30°) slope described in pit P-4 (915 m a.s.l.; 65°42′20″ N,               of southern aspect; wild rose–herb–June grass steppe 130°10′00″ ",10.1134_S1064229320050105.txt
profile:coordinate_first_label:6d0fa9133211152c3032,site:springer:10.1134_S1064229321050148:text:raw:dms:l:1,63.12544444444445,139.09733333333335,reported,springer,springer:10.1134_S1064229321050148,,10.1134/S1064229321050148,,7,,,,,,Explicit profile/pit label within 180 characters of an author-reported coordinate.,"{""spatial_linkage"": ""coordinate_local_explicit_profile_label"", ""coordinate_candidate_id"": ""springer:10.1134_S1064229321050148:text:raw:dms:l:1"", ""label_distance_characters"": 147}
                                              dark gray color of the mineral horizons are related to the     Soils of the mountainous tundra zone. Pit 7n           character of vegetation: the products of decomposition (63°07′31.6″ N, 139°05′50.4″ E; 1542 m a.s.l.) was         of lichens are darker in color in comparison with the described on a gentle (3°–5°) slope of northeastern        products of decomposition of mosses. The soil reaction aspect of Mount Domokhotova, within the moun-              was ",10.1134_S1064229321050148.txt
profile:coordinate_first_label:6d7817a2d43e62e8f92b,site:springer:10.1134_S106422931912007X:text:raw:dms:l:5,54.88130555555556,111.00394444444444,reported,springer,springer:10.1134_S106422931912007X,,10.1134/S106422931912007X,,RF-1-6,,,,,,Explicit profile/pit label within 180 characters of an author-reported coordinate.,"{""spatial_linkage"": ""coordinate_local_explicit_profile_label"", ""coordinate_candidate_id"": ""springer:10.1134_S106422931912007X:text:raw:dms:l:5"", ""label_distance_characters"": 208}
it was dry. However, after heavy rains, it 1 mmol/L) is low. The water is enriched in silica (80.8–   becomes ponded by the water layer of 10–15 cm. 81.2 mg/L) and fluorides (10.9–12.0 mg/L) [25].            Pit RF-1-6 (54°52′52.7″ N, 111°00′14.2″ E) character-     With respect to the composition of gases, the          izes the soil within an elevated part of the alluvial plain Kuchiger Hot Springs belong to the nitrogen type [13].     under meadow-steppe vegetation 17 m from the edge of In addition to m",10.1134_S106422931912007X.txt
profile:coordinate_first_label:6e024f946c3411f4b928,site:springer:10.1134_S1064229323601361:text:raw:degree_decimal_minutes_cardinal:3,51.773716666666665,107.38046666666666,reported,springer,springer:10.1134_S1064229323601361,,10.1134/S1064229323601361,,3,,,,,,Explicit profile/pit label within 180 characters of an author-reported coordinate.,"{""spatial_linkage"": ""coordinate_local_explicit_profile_label"", ""coordinate_candidate_id"": ""springer:10.1134_S1064229323601361:text:raw:degree_decimal_minutes_cardinal:3"", ""label_distance_characters"": 259}
oil phosphorus solubilization or phospho-            sified as a light-humus saline alluvial soil (Fluvisol rus fertilization are necessary for plant growth. This           (Albic, Salic)). measure weakens the salt stress of plants via decreasing             Pit 3 (505 m a.s.l., 51°46.423′ N, 107°22.828′ E) strong phosphorus sorption in salt-affected soils [41].          was laid in the vicinity of the village of Khubiskhal,     Long-term studies [12, 28] have shown that min-              Ivolginskii district, 300 m from pit 4 under a cheegrass eral fertilizers increase the fertility of saline soils (chlo-   community. The soil was also classified as a light- ride–sulfate and su",10.1134_S1064229323601361.txt
profile:coordinate_first_label:6e52201ec3b473f35582,site:springer:10.1134_S1064229318010052:text:raw:ru_abbr:dms:1,53.2,103.3,reported,springer,springer:10.1134_S1064229318010052,,10.1134/S1064229318010052,,5,,,,,,Explicit profile/pit label within 180 characters of an author-reported coordinate.,"{""spatial_linkage"": ""coordinate_local_explicit_profile_label"", ""coordinate_candidate_id"": ""springer:10.1134_S1064229318010052:text:raw:ru_abbr:dms:1"", ""label_distance_characters"": 89}
rn parts of the depression.       approach; and the soil pH, by potentiometry in the     Pit 5 was excavated on the plowed field near the        1 : 2.5 soil water suspensions. settlement of Pozdeevo, 15 km to the northeast of Cheremkhovo (53°12′ N, 103°18′ E); pit 8 was exca-                                                                        RESULTS AND DISCUSSION vated in the plowed field near the settlement of Bazhir, 62 km to the northwest of Cheremkhovo (53°36′ N,                Arable slightly podzolized light gray forest soil (typical 102°34′ E). In both pits, a",10.1134_S1064229318010052.txt
profile:coordinate_first_label:6f9f8f2e11dbd681e4a3,site:springer:10.1134_S1064229319020145:text:raw:dms:l:4,51.38183333333333,107.60696666666666,reported,springer,springer:10.1134_S1064229319020145,,10.1134/S1064229319020145,,1B,,,,,,Explicit profile/pit label within 180 characters of an author-reported coordinate.,"{""spatial_linkage"": ""coordinate_local_explicit_profile_label"", ""coordinate_candidate_id"": ""springer:10.1134_S1064229319020145:text:raw:dms:l:4"", ""label_distance_characters"": 208}
be classified as the type of gray-   iments and are characterized by pedogenic accumula- humus soils in the order of organic-accumulative soils.       tion of carbonates in fine earth. Carbonate pedofea-     Pit 1BK-16 (51°22′54.60″ N, 107°36′25.08″ E) was          tures are indistinct; the presence of carbonates is seen excavated in the trans-accumulative position 3 km to          from effervescence with HCl. The absence of calcare- southeast of the settlement of Bol’shoi Kunalei on the        ous nodules",10.1134_S1064229319020145.txt
profile:coordinate_first_label:72ae0c0cc5cc012b55c4,site:springer:10.1134_S1064229322700053:text:raw:dms:l:1,45.81916666666667,34.24944444444444,reported,springer,springer:10.1134_S1064229322700053,,10.1134/S1064229322700053,,2,,,,,,Explicit profile/pit label within 180 characters of an author-reported coordinate.,"{""spatial_linkage"": ""coordinate_local_explicit_profile_label"", ""coordinate_candidate_id"": ""springer:10.1134_S1064229322700053:text:raw:dms:l:1"", ""label_distance_characters"": 36}
, and the Cl/SO4 ratio is 0.22.     Plot 2 is located at a distance of 13 km to the south- west of the nearest shore of Lake Sivash (the settlement of Mityurino), near the settlement of Luganskoe of Dzhan- koi district (45°49′09″ N, 34°14′58″ E, 20 m a.s.l.). The soil is classified as a light clayey medium-deep slightly humified deeply solonchakous deeply quasigleyic,                                         Рca, sn, cs, solonetzic surface-eluviated carbonate-accumulative                             ",10.1134_S1064229322700053.txt
profile:coordinate_first_label:744c309dcfa791e98639,site:springer:10.1134_S1064229308120016:text:raw:degree_decimal_minutes_cardinal:2,61.95,54.083333333333336,reported,springer,springer:10.1134_S1064229308120016,,,,16-Zh,,,,,,Explicit profile/pit label within 180 characters of an author-reported coordinate.,"{""spatial_linkage"": ""coordinate_local_explicit_profile_label"", ""coordinate_candidate_id"": ""springer:10.1134_S1064229308120016:text:raw:degree_decimal_minutes_cardinal:2"", ""label_distance_characters"": 159}
ess clayey films; gradual transition.               Soil: texture-differentiated svetlozem.        BT2, 73–100 cm. Brown heavy sandy loam; the                 Pit 16-Zh. Middle taiga zone of the southern Timan    structure is somewhat coarser than that in the above-       Ridge (61°57′N, 54°05′E; Ust-Kulom district, 36 km to    lying horizon. Thin clayey films on ped faces grad-         the north of Ust-Kulom). Top of a well-drained ridge,    ually disappear; gradual transition.                        slightly inclined surface. The biogenic microtopogra-                                                                   EURASIAN SOIL SCIENCE         Vol. 41   No. 12   ",springer_fulltext/10.1134_S1064229308120016.txt
profile:coordinate_first_label:748904775ddf4e3ad135,site:springer:10.1134_S1064229324601653:text:raw:ru_abbr:dms:0,51.0,41.15,reported,springer,springer:10.1134_S1064229324601653,,10.1134/S1064229324601653,,1,,,,,,Explicit profile/pit label within 180 characters of an author-reported coordinate.,"{""spatial_linkage"": ""coordinate_local_explicit_profile_label"", ""coordinate_candidate_id"": ""springer:10.1134_S1064229324601653:text:raw:degree_decimal_minutes:0"", ""label_distance_characters"": 223}
s of the USSR METRIC model to calculate the reference evapo-                 (1977) and as quasigley migrational-mycelial (pseudo- transpiration, we used data from the nearest Zherdevka         mycelial) gleyic chernozems (pit 1) and quasigley con- weather station (WMO ID 34047; 51°0′ N, 41°9′ E;               cretionary gleyic agrochernozems (pits 2 and 3) accord- 148 m a.s.l.).                                                 ing to the Field Guide on Soil Correlation [12].     To generally characterize the properties of soils,             Thus, the main morphological differences in soils evaluate their water holding capacity, and to calculate        are the characte",10.1134_S1064229324601653.txt
profile:coordinate_first_label:75a6bc416fd6a9930e96,site:springer:10.1134_S1064229322030140:text:raw:ru_abbr:dms:0,67.05,62.93333333333333,reported,springer,springer:10.1134_S1064229322030140,,10.1134/S1064229322030140,,1,,,,,,Explicit profile/pit label within 180 characters of an author-reported coordinate.,"{""spatial_linkage"": ""coordinate_local_explicit_profile_label"", ""coordinate_candidate_id"": ""springer:10.1134_S1064229322030140:text:raw:ru_abbr:dms:0"", ""label_distance_characters"": 143}
he average PAH concentrations in the snow cover and ice cores in the border seas of the       Peat oligotrophic (permafrost) soil of hummocks (site 1), Arctic Ocean—Barents, Kara, Laptev, and East Sibe-          Hemic Folic Cryic Histosol (67°03′ N, 62°56′ E), was rian Seas—are 5 ng/L, which corresponds to the back-        studied 7 km to the southeast of the Seida station. The ground values in the shelf areas. The composition of        transect resides on a hummock with a diameter of 10– snow and ice hydrocarbons does not suggest any effect       12 m and a height of 0.5",10.1134_S1064229322030140.txt
profile:coordinate_first_label:75d68fcfa7f7c4166f17,site:springer:10.1134_S1064229321020150:text:raw:ru_abbr:dms:10,68.35,59.46666666666667,reported,springer,springer:10.1134_S1064229321020150,,10.1134/S1064229321020150,,17,,,,,,Explicit profile/pit label within 180 characters of an author-reported coordinate.,"{""spatial_linkage"": ""coordinate_local_explicit_profile_label"", ""coordinate_candidate_id"": ""springer:10.1134_S1064229321020150:text:raw:ru_abbr:dms:10"", ""label_distance_characters"": 138}
       0.6        87.4        1.30        6.55       0.48        0.58        1.39    –      4                                             Pit 17. Gleyic permafrost-affected gray-humus soil (on marine sediments), Reductaquic Umbric Cryosol, 68°21′ N, 59°28′ E     No. 2                         AY             6–22             4.8          3.1        0.40         –         75.3        3.85       10.54       0.80        1.25        1.78    –     18                                            Pit -20. Marsh soddy-gley soil (on marine sediments), Tidalic Fluvisol (Arenic, Ochric,",10.1134_S1064229321020150.txt
profile:coordinate_first_label:75e7a861e43796a00fee,site:springer:10.1134_S1064229314050172:text:raw:ru_abbr:dms:2,46.55,134.16666666666666,reported,springer,springer:10.1134_S1064229314050172,,10.1134/S1064229314050172,,6056,,,,,,Explicit profile/pit label within 180 characters of an author-reported coordinate.,"{""spatial_linkage"": ""coordinate_local_explicit_profile_label"", ""coordinate_candidate_id"": ""springer:10.1134_S1064229314050172:text:raw:degree_decimal_minutes:2"", ""label_distance_characters"": 216}
a obtained from this profile permit us to specify of the soils on the high floodplain terrace of the Burli   the following stages of the development of alluvial soils tovka River (left tributary of the Bikin River, pit 6056,   in the Bikin River basin in the Middle and the Late 46°33′ N, 134°10′ E, 63 m a.s.l.; gray sand with plant      Holocene (Table 3). detritus at 2.9–3.0 m was dated) and on the high                Stage 1. In the Atlantic period and during the floodplain of the Alchan River (right tributary of the      beginning of the Subboreal period, the climatic fluctu Bikin River, pit 6010, 46°39′ N, 134°24′ E, 62 m a.s.l.;    ations were considerable and spe",10.1134_S1064229314050172.txt
profile:coordinate_first_label:764401344ad7536195bc,site:springer:10.1134_S1064229321020150:text:raw:ru_abbr:dms:9,65.38333333333334,50.8,reported,springer,springer:10.1134_S1064229321020150,,10.1134/S1064229321020150,,56,,,,,,Explicit profile/pit label within 180 characters of an author-reported coordinate.,"{""spatial_linkage"": ""coordinate_local_explicit_profile_label"", ""coordinate_candidate_id"": ""springer:10.1134_S1064229321020150:text:raw:ru_abbr:dms:9"", ""label_distance_characters"": 135}
       1.0        85.2        2.56        6.78       0.304       0.87        1.19    –     13                                          Pit 56. Humus-impregnated peaty carbolithozem (on eluvium of limestone), Histic Calcaric Leptosol Humic, 65°23′ N, 50°48′ E     Vol. 54                         ELg           14–25             4.1          3.1        0.87        0.6        87.4        1.30        6.55       0.48        0.58        1.39    –      4                                             Pit 17. Gleyic permafrost-affected gray-humus soil (on marine sediments), Reductaqui",10.1134_S1064229321020150.txt
profile:coordinate_first_label:7648b103d0f18fb80917,site:springer:10.1134_S1064229317060035:text:raw:dms:l:0,53.711555555555556,110.05005555555556,reported,springer,springer:10.1134_S1064229317060035,,10.1134/S1064229317060035,,9,,,,,,Explicit profile/pit label within 180 characters of an author-reported coordinate.,"{""spatial_linkage"": ""coordinate_local_explicit_profile_label"", ""coordinate_candidate_id"": ""springer:10.1134_S1064229317060035:text:raw:dms:l:0"", ""label_distance_characters"": 380}
   0.65          7.75           9.74       0.25          0.13        19.33        9.7     No. 6                                          Playa solonchak (Sulfide permafrost-affected solonchak), dry bottom of Lake Gagin (53°42′41.6 N, 110°03′00,2E, 473 m a.s.l.);                                                                               permafrost from the depth of 35–40 cm; pit 9I [49]     2017                                 0–0.4              51.70           46.84       120.6        120          ",10.1134_S1064229317060035.txt
profile:coordinate_first_label:767945dcde68aeacfafc,site:springer:10.1134_S1064229317060035:text:raw:strict:l:0,54.76925,110.97554,reported,springer,springer:10.1134_S1064229317060035,,10.1134/S1064229317060035,,19,,,,,,Explicit profile/pit label within 180 characters of an author-reported coordinate.,"{""spatial_linkage"": ""coordinate_local_explicit_profile_label"", ""coordinate_candidate_id"": ""springer:10.1134_S1064229317060035:text:raw:strict:l:0"", ""label_distance_characters"": 318}
           30–40               0.12                 0.07            5.60         1.12          0.17       0.06           0.30      0.10          0.95       ″                                     Solonchakous meadow soil (54.76925° N, 110.97554° E, 539 m a.s.l.), the Barguzin River floodplain, north of the depression, pit 19B-13                                                                                                                                                                                 ",10.1134_S1064229317060035.txt
profile:coordinate_first_label:76eeb4de224dcf6fdfe2,site:springer:10.1134_S1064229323603657:text:raw:dms:l:0,71.93583333333333,127.09472222222222,reported,springer,springer:10.1134_S1064229323603657,,10.1134/S1064229323603657,,2-09,,,,,,Explicit profile/pit label within 180 characters of an author-reported coordinate.,"{""spatial_linkage"": ""coordinate_local_explicit_profile_label"", ""coordinate_candidate_id"": ""springer:10.1134_S1064229323603657:text:raw:dms:l:0"", ""label_distance_characters"": 210}
cm) under moss cover. The C horizon was found below the                                                                                                                                                           Pit 2-09 (71°56′09″ N, 127°05′41″ E, 21 m a.s.l.) boundary of seasonal thawing and was often marked                                                                                                                                                         was laid under the sedge–moss hummocky tund",10.1134_S1064229323603657.txt
profile:coordinate_first_label:794dfe9904561ddd740c,site:springer:10.1134_S1064229324602282:text:raw:dms:l:1,53.92227777777777,105.43602777777778,reported,springer,springer:10.1134_S1064229324602282,,10.1134/S1064229324602282,,I-10,,,,,,Explicit profile/pit label within 180 characters of an author-reported coordinate.,"{""spatial_linkage"": ""coordinate_local_explicit_profile_label"", ""coordinate_candidate_id"": ""springer:10.1134_S1064229324602282:text:raw:dms:l:1"", ""label_distance_characters"": 148}
-10 are located on a hill to the east of and ordinary chernozems in combination with solo-             the village of Gogon near the Kulenga River. Pit I-10 netzes within elevated plain areas. All other soils of the    (53°55′20.2″ N, 105°26′09.7″ E, ~850 m a.s.l.) was plateau are shown as mountainous soils. On the lower          dug in a birch–aspen–larch forest with the age of the parts of the slopes, up to approximately 750–800 m a.s.l.,    larches over 100 years (height, 25–30 m; crown den- mountaino",10.1134_S1064229324602282.txt
profile:coordinate_first_label:796f374617239ee847ce,site:springer:10.1134_S1064229319060127:text:raw:dms:l:0,67.43416666666667,63.82638888888889,reported,springer,springer:10.1134_S1064229319060127,,10.1134/S1064229319060127,,4,,,,,,Explicit profile/pit label within 180 characters of an author-reported coordinate.,"{""spatial_linkage"": ""coordinate_local_explicit_profile_label"", ""coordinate_candidate_id"": ""springer:10.1134_S1064229319060127:text:raw:dms:l:0"", ""label_distance_characters"": 211}
  mocks. Soil was qualified for cryometamorphic gley landform. The descriptions of particular plots are           soil (Folic Stagnosol (Gelic)). given below.                                                     Plot 4. (67°26′03″ N, 63°49′35″ E) Dwarf-shrub     Plot 1 (67°31′ N, 64°03′ E). Perennial sown              moss-lichen tundra was situated on relatively levelled meadow on a terrace has a forb–grassy communities            first terrace of the Vorkuta River. Microrelief was pre- dominated by",10.1134_S1064229319060127.txt
profile:coordinate_first_label:7bd83a21b9c3059bcb0e,site:springer:10.1134_S1064229319090023:text:raw:dms:l:1,52.53830555555555,111.03869444444445,reported,springer,springer:10.1134_S1064229319090023,,10.1134/S1064229319090023,,B4R,,,,,,Explicit profile/pit label within 180 characters of an author-reported coordinate.,"{""spatial_linkage"": ""coordinate_local_explicit_profile_label"", ""coordinate_candidate_id"": ""springer:10.1134_S1064229319090023:text:raw:dms:l:1"", ""label_distance_characters"": 210}
P2, Figs. 4c and 4d).             the depression in place of the dried up lake. The plant                                                               cover is nonuniform and thin. The projective cover is     Pit B4R2 (52°32′17.9″ N, 111°2′19.3″ E, 955 m a.s.l.);    70%, and the height of herbs is 30–35 cm. Forb– top of a mound with grassy (Leymus chinensis and Poa          grassy association with Equisetum arvense L., Poa attenuata) vegetation (the projective cover about 80%).       praténsis, Carex p",10.1134_S1064229319090023.txt
profile:coordinate_first_label:7f3341d90fa1857710c6,site:springer:10.1134_S1064229323601361:text:raw:degree_decimal_minutes_cardinal:2,51.77291666666667,107.38075,reported,springer,springer:10.1134_S1064229323601361,,10.1134/S1064229323601361,,4,,,,,,Explicit profile/pit label within 180 characters of an author-reported coordinate.,"{""spatial_linkage"": ""coordinate_local_explicit_profile_label"", ""coordinate_candidate_id"": ""springer:10.1134_S1064229323601361:text:raw:degree_decimal_minutes_cardinal:2"", ""label_distance_characters"": 259}
l     Salt marshes of Transbaikalia, along with chestnut           chloride–sulfate–soda solonchak (Calcic Sodic soils, are priority objects of soil protection according         Solonchak). to the National Strategy for Biodiversity Conservation               Pit 4 (505 m a.s.l., 51°46.375′ N, 107°22.845′ E) in Russia [19].                                                  was laid in the vicinity of the village of Khubiskhal,     Soil salinization significantly decreases the sorp-          Ivolginskii district, 300 m to the east-southeast of the tion of mineral nutrients, of phosphorus, in particular.         farm under a cheegrass community. The soil was clas- Therefore, soil ph",10.1134_S1064229323601361.txt
profile:coordinate_first_label:807056443b9bd1bed411,site:springer:10.1134_S1064229319020145:text:raw:dms:l:4,51.38183333333333,107.60696666666666,reported,springer,springer:10.1134_S1064229319020145,,10.1134/S1064229319020145,,1,,,,,,Explicit profile/pit label within 180 characters of an author-reported coordinate.,"{""spatial_linkage"": ""coordinate_local_explicit_profile_label"", ""coordinate_candidate_id"": ""springer:10.1134_S1064229319020145:text:raw:dms:l:4"", ""label_distance_characters"": 208}
be classified as the type of gray-   iments and are characterized by pedogenic accumula- humus soils in the order of organic-accumulative soils.       tion of carbonates in fine earth. Carbonate pedofea-     Pit 1BK-16 (51°22′54.60″ N, 107°36′25.08″ E) was          tures are indistinct; the presence of carbonates is seen excavated in the trans-accumulative position 3 km to          from effervescence with HCl. The absence of calcare- southeast of the settlement of Bol’shoi Kunalei on the        ous nodules",10.1134_S1064229319020145.txt
profile:coordinate_first_label:80a50f7d49afa4f00829,site:springer:10.1134_S1064229316100100:text:raw:degree_decimal_minutes_reversed_cardinal:3,52.5481,82.98835,reported,springer,springer:10.1134_S1064229316100100,,10.1134/S1064229316100100,,12,,,,,,Explicit profile/pit label within 180 characters of an author-reported coordinate.,"{""spatial_linkage"": ""coordinate_local_explicit_profile_label"", ""coordinate_candidate_id"": ""springer:10.1134_S1064229316100100:text:raw:degree_decimal_minutes_reversed_cardinal:3"", ""label_distance_characters"": 439}
                           390–400               Not det.             9                   34               The settlement Berezovaya Luka, Bronze Age 4100–3700 years ago (cal. 1 σ, by coals), Elunin culture,             Altai region, Aleisky district, the village of Bezgolosovo, 82°59.301′ E, 52°32.886′ N, 156 m a.s.l., steppe,                                               Alei river floodplain, alluvial meadow soil    13    Paleosol, pit 12, dating                  305–315               1.450             11.8                  35          of 2370 ± 90 years (cal., 1σ,          by soil humic acids    14    Cultural layer, pit 12                    350–360                0.35    ",10.1134_S1064229316100100.txt
profile:coordinate_first_label:8297c8555c546a8764e3,site:springer:10.1134_S1064229319010150:text:raw:ru_abbr:dms:0,67.05,62.93333333333333,reported,springer,springer:10.1134_S1064229319010150,,10.1134/S1064229319010150,,2014-2,,,,,,Explicit profile/pit label within 180 characters of an author-reported coordinate.,"{""spatial_linkage"": ""coordinate_local_explicit_profile_label"", ""coordinate_candidate_id"": ""springer:10.1134_S1064229319010150:text:raw:degree_decimal_minutes:1"", ""label_distance_characters"": 164}
for peat layers from the depth 10 cm was 2– dwarf birch on the edges of the mound.                             5 times higher on the bare peat spots than in the    Pit 2014-2, soil of bare peat spots. Coordinates:               mound’s periphery. Biologically active temperatures 67°03′ N, 62°56′ E. The spot without plants 5 m in                 (>10°С) reached the depth of 20 cm in the profile of diameter on eastern part of flat peat mound. Cryo-                 these soils in growing period. Soils of bare peat spots genic cracking and heave of upper horizon and frag-                had a lower sum of negative temperatures in autumn– ments of dwarf birch bark on the sur",10.1134_S1064229319010150.txt
profile:coordinate_first_label:831ddb6a722a5337feae,site:springer:10.1134_S1064229321120048:text:raw:dms:l:3,69.75083333333333,154.96444444444444,reported,springer,springer:10.1134_S1064229321120048,,10.1134/S1064229321120048,,P-31,,,,,,Explicit profile/pit label within 180 characters of an author-reported coordinate.,"{""spatial_linkage"": ""coordinate_local_explicit_profile_label"", ""coordinate_candidate_id"": ""springer:10.1134_S1064229321120048:text:raw:dms:l:3"", ""label_distance_characters"": 204}
lymsk weather station)           mainly weakly decomposed plant remains and abun- [13–15].                                                      dant roots; А (6(20) –11(24) cm), gray, loose, slightly     Pit P-31.08.Al (69°45′03″ N, 154°57′52″ E) was            dry humus horizon with very fine crumb structure; laid in the foothill area (Kisilyakh-Tas area) with a         B (11(24) –25(30) cm), light gray, fine crumb struc- pronounced hummocky microtopography on the left               ture, slightly e",10.1134_S1064229321120048.txt
profile:coordinate_first_label:8c97f855d4012aa96657,site:springer:10.1134_S1064229319020145:text:raw:dms:l:5,51.38032777777778,107.61189999999999,reported,springer,springer:10.1134_S1064229319020145,,10.1134/S1064229319020145,,2B,,,,,,Explicit profile/pit label within 180 characters of an author-reported coordinate.,"{""spatial_linkage"": ""coordinate_local_explicit_profile_label"", ""coordinate_candidate_id"": ""springer:10.1134_S1064229319020145:text:raw:dms:l:5"", ""label_distance_characters"": 208}
arbonates [18, yellowish brown (10YR 5/6) slightly dry light loam            21, 23, 27]. with platy–crumb structure; rather compact, porous,                                                                   Pit 2BK-16 (51°22′49.18″ N, 107°36′42.84″ E) was with inclusions of fine roots; smooth boundary. The                                                               examined in the transeluvial position on steep (10°– transition is seen from the rise in the soil density. The                              ",10.1134_S1064229319020145.txt
profile:coordinate_first_label:903b2895dc018f4155f7,site:springer:10.1134_S1064229318110108:text:raw:ru_abbr:dms:0,64.83333333333333,51.43333333333333,reported,springer,springer:10.1134_S1064229318110108,,10.1134/S1064229318110108,,1-Zh,,,,,,Explicit profile/pit label within 180 characters of an author-reported coordinate.,"{""spatial_linkage"": ""coordinate_local_explicit_profile_label"", ""coordinate_candidate_id"": ""springer:10.1134_S1064229318110108:text:raw:ru_abbr:dms:0"", ""label_distance_characters"": 230}
c taiga soils devel-     major genetic horizons of the studied pits are briefly oping from intermediate and mafic magmatic rocks            described below (Fig. 2). and their derivatives, including those with some                Pit 1-Zh (64°50′ N, 51°26′ E) was excavated on the admixture of the silicic morainic material.                 top of local rocky cliff on the right bank of the                                                             Pechorskaya Pizhma River at 141 m a.s.l. under the                                                             larch–pine fores",10.1134_S1064229318110108.txt
profile:coordinate_first_label:906d07c92a5f2136bb1f,site:springer:10.1134_S106422931912007X:text:raw:dms:l:1,54.88188888888889,111.00238888888889,reported,springer,springer:10.1134_S106422931912007X,,10.1134/S106422931912007X,,RF-1-4,,,,,,Explicit profile/pit label within 180 characters of an author-reported coordinate.,"{""spatial_linkage"": ""coordinate_local_explicit_profile_label"", ""coordinate_candidate_id"": ""springer:10.1134_S106422931912007X:text:raw:dms:l:1"", ""label_distance_characters"": 208}
rom the mire to the ele- found close to one another; over this place, long bath     vated island along its relatively steep and short western huts have been constructed. They are used by the local     slope. Pit RF-1-4 (54°52′54.8″ N, 111°00′08.6″ E), 5– population for balneological purposes. Water has a         7 m from the eastern end of trench RF-1-8 characterizes strong odor of hydrogen sulfide; the temperature var-      the soil within the elevated and relatively flat part of the ies from 12 to 32–4",10.1134_S106422931912007X.txt
profile:coordinate_first_label:91c35e773ca5ae744f60,site:springer:10.1134_S1064229319020145:text:raw:dms:l:2,51.35944444444445,107.53805555555556,reported,springer,springer:10.1134_S1064229319020145,,10.1134/S1064229319020145,,2T,,,,,,Explicit profile/pit label within 180 characters of an author-reported coordinate.,"{""spatial_linkage"": ""coordinate_local_explicit_profile_label"", ""coordinate_candidate_id"": ""springer:10.1134_S1064229319020145:text:raw:dms:l:2"", ""label_distance_characters"": 206}
10], the studied soil belongs to the     burozems have a sporadic pattern. These soils are subtype of slightly unsaturated brown forest soils.        formed on the interfluves and upper parts of slopes     Pit 2Ts-D-10 (51°21′34.00″ N, 107°32′17.00″ E)         under larch–birch forests with rich herbaceous ground was excavated in the transeluvial position on the          cover. These factors favor the development of pedo- northwestern slope of 3°–4° at 900 m a.s.l. under the      genic alteration (metamorp",10.1134_S1064229319020145.txt
profile:coordinate_first_label:9267cdc6d82281014e7b,site:springer:10.1134_S1064229320050105:text:raw:dms:l:2,65.70277777777778,130.16666666666666,reported,springer,springer:10.1134_S1064229320050105,,10.1134/S1064229320050105,,P-3,,,,,,Explicit profile/pit label within 180 characters of an author-reported coordinate.,"{""spatial_linkage"": ""coordinate_local_explicit_profile_label"", ""coordinate_candidate_id"": ""springer:10.1134_S1064229320050105:text:raw:dms:l:2"", ""label_distance_characters"": 197}
  coarse fragments of hard rock (R). birch–moss larch woodland, a peat–mucky peat lithozem (Cryic Epirockic Histosol) was described in               The lithozems of the mountainous taiga zone are pit P-3 (920 m a.s.l.; 65°42′10″ N, 130°10′00″ E). This        strongly gravelly soils, with a small participation of soil has the following horizonation: O (0–4 cm)–               fine earth of the sandy or sandy loamy texture; the clay T (4–22 cm)–Th (22–35 cm)–R. It is characterized               content",10.1134_S1064229320050105.txt
profile:coordinate_first_label:9510e816d628da3323de,site:springer:10.1134_S1064229325602392:text:raw:dms:l:0,67.22413888888889,65.64544444444445,reported,springer,springer:10.1134_S1064229325602392,,10.1134/S1064229325602392,,2-KPU,,,,,,Explicit profile/pit label within 180 characters of an author-reported coordinate.,"{""spatial_linkage"": ""coordinate_local_explicit_profile_label"", ""coordinate_candidate_id"": ""springer:10.1134_S1064229325602392:text:raw:dms:l:0"", ""label_distance_characters"": 209}
content of position products: there are buried horizons with post-        finely dispersed organic matter, and silty particles fire charcoal and/or humus horizons.                           without films.     Pit 2-KPU (67°13′26.9″ N; 65°38′43.6″ E) is laid               Pit 1-KPU is laid in the inter-sinkhole space 10 m from sinkhole II on a flat surface. The plant             under the dwarf-birch–moss community. The area cover is characterized as herbaceous–dwarf-shrub               between sinkholes",10.1134_S1064229325602392.txt
profile:coordinate_first_label:9b94bdd4b39586d71f42,site:springer:10.1134_S1064229319110036:text:raw:ru_abbr:dms:3,62.13333333333333,130.51666666666668,reported,springer,springer:10.1134_S1064229319110036,,10.1134/S1064229319110036,,4,,,,,,Explicit profile/pit label within 180 characters of an author-reported coordinate.,"{""spatial_linkage"": ""coordinate_local_explicit_profile_label"", ""coordinate_candidate_id"": ""springer:10.1134_S1064229319110036:text:raw:degree_decimal_minutes:3"", ""label_distance_characters"": 272}
 the average annual temperature BCA(35–72 cm); the soil profile is underlain by the           up to –7.5°C was observed. Thus, over the past 84 years, low-ice permafrost.                                           the average annual air temperature increased by 2.8°С,     Plot 4 (62°08′ N, 130°31′ E, 100 m south of               which is a significant value (Fig. 2). This increase in Ulakhan Sykhkhan alas). Flat surface complicated by           mainly due to the rise of temperatures in the winter the polygonal nanotopography. The diameter of the             and spring seasons (from November to May). The rise polygons is up to 70 cm, their height is 10–15 cm, and        of",10.1134_S1064229319110036.txt
profile:coordinate_first_label:9d840560876d8b8ac91a,site:springer:10.1134_S1064229322090083:text:raw:dms:l:0,56.971269444444445,82.60225277777778,reported,springer,springer:10.1134_S1064229322090083,,10.1134/S1064229322090083,,2,,,,,,Explicit profile/pit label within 180 characters of an author-reported coordinate.,"{""spatial_linkage"": ""coordinate_local_explicit_profile_label"", ""coordinate_candidate_id"": ""springer:10.1134_S1064229322090083:text:raw:dms:l:0"", ""label_distance_characters"": 96}
 out at points 2, 3, and 5. ecosystems, have a completely organic profile down to               Point 2 (P2) is located in the accumulative part of the mineral rock and, according to [29], carbon                 the LP (56°58′16.57″ N, 82°36′08.11″ E) at the margin exchange in them occurs between the liquid phase, gas           of the upland swamp. The vegetation at this point is phase, and peat, which predetermines their mutual               represented by the dwarf shrub–herb–sphagnum phy- influence. Th",10.1134_S1064229322090083.txt
profile:coordinate_first_label:9e331f4a8fb7b88940cc,site:springer:10.1134_S1064229319110036:text:raw:ru_abbr:dms:1,62.11666666666667,130.3,reported,springer,springer:10.1134_S1064229319110036,,10.1134/S1064229319110036,,2,,,,,,Explicit profile/pit label within 180 characters of an author-reported coordinate.,"{""spatial_linkage"": ""coordinate_local_explicit_profile_label"", ""coordinate_candidate_id"": ""springer:10.1134_S1064229319110036:text:raw:degree_decimal_minutes:1"", ""label_distance_characters"": 272}
ng under the                         BHF(27–53 cm)–C(53–150 cm). The soil is under- conditions of global climate change on the change in                        lain by the low-ice permafrost. the water content in permafrost areas owing to the                              Plot 2 (62°07′ N, 130°18′ E). Flat surface under the release of water stored in the frozen state in the protec-                  ledum–bilberry–herbaceous larch (Larix gmelinii L.) tive layer.                                                                 with some admixture of birch (Betula platyphylla Suk-                                                                              EURASIAN SOIL SCIEN",10.1134_S1064229319110036.txt
profile:coordinate_first_label:a0d62127ef75404d93c4,site:springer:10.1134_S1064229321020150:text:raw:ru_abbr:dms:2,65.38333333333334,50.78333333333333,reported,springer,springer:10.1134_S1064229321020150,,10.1134/S1064229321020150,,57,,,,,,Explicit profile/pit label within 180 characters of an author-reported coordinate.,"{""spatial_linkage"": ""coordinate_local_explicit_profile_label"", ""coordinate_candidate_id"": ""springer:10.1134_S1064229321020150:text:raw:ru_abbr:dms:2"", ""label_distance_characters"": 136}
    0.8        88.4        1.52        5.24       0.35        0.86        1.07    –      7                                              Pit 57. Iron–humus-illuvial podzol (on glaciofluvial deposits underlain by moraine loam), Albic Podzol, 65°23′ N, 50°47′ E                         Е              3–14             4.2          3.2        0.91        1.3        90.3        1.30        4.09       0.24        0.47        0.80    –      6                                                              Pit 25. Gleyic peaty podzol (on glaciofluvial deposits), Gleyic Histic Podzol, ",10.1134_S1064229321020150.txt
profile:coordinate_first_label:a19756c8ab7a608dd15b,site:springer:10.1134_S1064229321020150:text:raw:ru_abbr:dms:9,65.38333333333334,50.8,reported,springer,springer:10.1134_S1064229321020150,,10.1134/S1064229321020150,,56,,,,,,Explicit profile/pit label within 180 characters of an author-reported coordinate.,"{""spatial_linkage"": ""coordinate_local_explicit_profile_label"", ""coordinate_candidate_id"": ""springer:10.1134_S1064229321020150:text:raw:degree_decimal_minutes:9"", ""label_distance_characters"": 175}
           4.2          3.2        0.47        1.0        85.2        2.56        6.78       0.304       0.87        1.19    –     13                                          Pit 56. Humus-impregnated peaty carbolithozem (on eluvium of limestone), Histic Calcaric Leptosol Humic, 65°23′ N, 50°48′ E     Vol. 54                         ELg           14–25             4.1          3.1        0.87        0.6        87.4        1.30        6.55       0.48        0.58        1.39    –      4                                             Pit 17. Gleyic permafrost-affected gray-humus soil (on marine sediments), Reductaquic Umbric Cryosol, 68°21′ N, 59°28′ E     No. 2              ",10.1134_S1064229321020150.txt
profile:coordinate_first_label:a1ced0e43b26e29e6b72,site:springer:10.1134_S1064229321050148:text:raw:dms:l:0,63.12425,139.09444444444446,reported,springer,springer:10.1134_S1064229321050148,,10.1134/S1064229321050148,,8,,,,,,Explicit profile/pit label within 180 characters of an author-reported coordinate.,"{""spatial_linkage"": ""coordinate_local_explicit_profile_label"", ""coordinate_candidate_id"": ""springer:10.1134_S1064229321050148:text:raw:dms:l:0"", ""label_distance_characters"": 212}
the communities of base saturation is relatively high in the upper horizons    alpine shrubs. and decreases to moderate values in the lower part of the profile (Table 3).                                          Pit 8n (63°07′27.3″ N, 139°05′40.0″ E; 1486 m a.s.l.)                                                             was dug under the Pinus pumila community with the     Soils of the mountainous taiga zone. On the lower       moss–lichen ground cover (Fig. 2). The height of the part of the slope of",10.1134_S1064229321050148.txt
profile:coordinate_first_label:a21439c6c7f3931a46b5,site:springer:10.1134_S1064229322602578:text:raw:dms:l:0,66.95522222222222,65.61725,reported,springer,springer:10.1134_S1064229322602578,,10.1134/S1064229322602578,,1,,,,,,Explicit profile/pit label within 180 characters of an author-reported coordinate.,"{""spatial_linkage"": ""coordinate_local_explicit_profile_label"", ""coordinate_candidate_id"": ""springer:10.1134_S1064229322602578:text:raw:dms:l:0"", ""label_distance_characters"": 213}
ared to the local flora on the fel-             vertical structure (1–2 tree canopies). sic rocks, where 190 species were described [37]. This is also true for the plots studied by us. A relatively low            Pit 1 (66°57′18.8″ N, 65°37′02.1″ E) was excavated floristic diversity is associated with the presence of             in the lower part of a gentle slope of northeastern mafic and ultramafic rocks. In addition, the formation             aspect of the Ray-Iz Ridge, under a dwarf shrub– of a dens",10.1134_S1064229322602578.txt
profile:coordinate_first_label:a29df480e5084e5e2d78,site:springer:10.1134_S1064229319020145:text:raw:dms:l:1,51.35321944444445,107.54259166666667,reported,springer,springer:10.1134_S1064229319020145,,10.1134/S1064229319020145,,4T,,,,,,Explicit profile/pit label within 180 characters of an author-reported coordinate.,"{""spatial_linkage"": ""coordinate_local_explicit_profile_label"", ""coordinate_candidate_id"": ""springer:10.1134_S1064229319020145:text:raw:dms:l:1"", ""label_distance_characters"": 206}
           blocky–crumb structure; relatively dense; porous;                                                                                             smooth boundary. The BC horizon is brownish-yel-     Pit 4Ts-D-11 (51°21′11.59″ N, 107°32′33.33″ E)                                                                                             low (10YR 5/8) slightly dry light loam; relatively was studied in the transeluvial position on the south-                                                             ",10.1134_S1064229319020145.txt
profile:coordinate_first_label:a49a6ba2516e923a3de6,site:springer:10.1134_S1064229318110108:text:raw:ru_abbr:dms:2,64.33333333333333,51.15,reported,springer,springer:10.1134_S1064229318110108,,10.1134/S1064229318110108,,36-Zh,,,,,,Explicit profile/pit label within 180 characters of an author-reported coordinate.,"{""spatial_linkage"": ""coordinate_local_explicit_profile_label"", ""coordinate_candidate_id"": ""springer:10.1134_S1064229318110108:text:raw:degree_decimal_minutes_cardinal:2"", ""label_distance_characters"": 269}
                                          Tis soil was classified as a raw-humus rzhavozem                                                                   [19] or as a Hyperskeletic Leptosol [31].                                                                       Pit 36-Zh (64°20′ N, 51°09′ E) was also studied in                                                                   the southeastern part of the Chetlasskii Kamen massif                                                                   in the central Timan, on the upper part of a slope (5°–                                                                   7°) of southwestern aspect at 294 m a.s.l. under s",10.1134_S1064229318110108.txt
profile:coordinate_first_label:a516c41f739263ce3fe2,site:springer:10.1134_S1064229317060035:text:raw:strict:l:3,53.63686,109.9525,reported,springer,springer:10.1134_S1064229317060035,,10.1134/S1064229317060035,,5,,,,,,Explicit profile/pit label within 180 characters of an author-reported coordinate.,"{""spatial_linkage"": ""coordinate_local_explicit_profile_label"", ""coordinate_candidate_id"": ""springer:10.1134_S1064229317060035:text:raw:strict:l:3"", ""label_distance_characters"": 262}
0.70         0.42         1.92          1.79           7.08       0.20          0.10        10.46        8.24                                                Typical solonchak (black sulfide solonchak), Gudzhirchan Lake (53.63686° N, 109.95250° E, 477 m a.s.l.), pit 5B-13                                  0–1                0.91            0.86         1.40         0.75          0.50         10.53        0.25          0.25        12.68        9.75                                  1–20               1.6",10.1134_S1064229317060035.txt
profile:coordinate_first_label:a587d97fdc807121ee45,site:springer:10.1134_S1064229322030140:text:raw:ru_abbr:dms:2,68.58333333333333,55.916666666666664,reported,springer,springer:10.1134_S1064229322030140,,10.1134/S1064229322030140,,5,,,,,,Explicit profile/pit label within 180 characters of an author-reported coordinate.,"{""spatial_linkage"": ""coordinate_local_explicit_profile_label"", ""coordinate_candidate_id"": ""springer:10.1134_S1064229322030140:text:raw:ru_abbr:dms:2"", ""label_distance_characters"": 136}
 depth of 29–30 cm. Rubus chamaemorus and Vaccinium vitis-idaea are                     Peat oligotrophic (permafrost) soil of hollows (site 5), abundant; Cladonia species are prevalent among                  Fibric Floatic Cryic Histosol (68°35′ N, 55°55′ E); sit- lichens; and mosses are represented by Polytrichum              uated in a depression. Permafrost starts at the depth of juniperinum, P. strictum, Ptilidium ciliare, Sphagnum           38–40 cm and contains mineral inclusions from the flexuosum, and Dicranum species.                                depth of 60–7",10.1134_S1064229322030140.txt
profile:coordinate_first_label:a6172dd6010c0a22136f,site:springer:10.1134_S1064229322601767:text:raw:dms:l:1,68.06694444444445,151.78591666666665,reported,springer,springer:10.1134_S1064229322601767,,10.1134/S1064229322601767,,Р-01,,,,,,Explicit profile/pit label within 180 characters of an author-reported coordinate.,"{""spatial_linkage"": ""coordinate_local_explicit_profile_label"", ""coordinate_candidate_id"": ""springer:10.1134_S1064229322601767:text:raw:dms:l:1"", ""label_distance_characters"": 204}
                                                                                                                                                          of underlying permafrost is from –5 to –11°C.     Pit Р-01.08.Al (68°04′01.0″ N, 151°47′09.3″ E) was studied 0.5–0.6 km southwest of the settlement of                                                                                                                                                                                     Pit Р-26.09.Al 69°14′52.",10.1134_S1064229322601767.txt
profile:coordinate_first_label:a8b044e8fa5d7fea0cd7,site:springer:10.1134_S1064229322040093:text:raw:dms:l:3,60.71955555555556,89.29658333333333,reported,springer,springer:10.1134_S1064229322040093,,10.1134/S1064229322040093,,PZ2,,,,,,Explicit profile/pit label within 180 characters of an author-reported coordinate.,"{""spatial_linkage"": ""coordinate_local_explicit_profile_label"", ""coordinate_candidate_id"": ""springer:10.1134_S1064229322040093:text:raw:dms:l:3"", ""label_distance_characters"": 99}
                                        less acid, 4.8–5.9 (Table 2). Low ash content was typ-     Plot PZ2 was situated in waterlogged (bogged) pine       ical for organic horizons of all pits (mass fraction of forest (60°43′10.4″ N, 89°17′47.7″ E; 94 m a.s.l.),          ash on the dry basis 1.2–5.9%). Ash content in mineral which was on fire in 2012. Tree stand died practically       soil horizons varied from 66.2 to 98.3%. Concentra- completely; single live trees are found. The tree stand      tion o",10.1134_S1064229322040093.txt
profile:coordinate_first_label:a92543d28c6379c55a7a,site:springer:10.1134_S1064229317060035:text:raw:strict:l:9,53.72783,110.11007,reported,springer,springer:10.1134_S1064229317060035,,10.1134/S1064229317060035,,4,,,,,,Explicit profile/pit label within 180 characters of an author-reported coordinate.,"{""spatial_linkage"": ""coordinate_local_explicit_profile_label"", ""coordinate_candidate_id"": ""springer:10.1134_S1064229317060035:text:raw:strict:l:9"", ""label_distance_characters"": 262}
  0            0.70          0.10         0.78         0.50        0.63        0.45            8.4                                       Solonchakous meadow-bog soil to the north of Suvinskie lakes; between sand ridges (53.72783° N, 110.11007° E, 484 m a.s.l.), pit 4B-13                                0–8               0.41               0.33           1.25         3.33          0.25         0.82         0.75        0.50        4.39            9.36                                8–40              0.4",10.1134_S1064229317060035.txt
profile:coordinate_first_label:a94210f2b56f2a11e3d7,site:springer:10.1134_S1064229317060035:text:raw:dms:l:0,53.711555555555556,110.05005555555556,reported,springer,springer:10.1134_S1064229317060035,,10.1134/S1064229317060035,,9I,,,,,,Explicit profile/pit label within 180 characters of an author-reported coordinate.,"{""spatial_linkage"": ""coordinate_local_explicit_profile_label"", ""coordinate_candidate_id"": ""springer:10.1134_S1064229317060035:text:raw:dms:l:0"", ""label_distance_characters"": 380}
   0.65          7.75           9.74       0.25          0.13        19.33        9.7     No. 6                                          Playa solonchak (Sulfide permafrost-affected solonchak), dry bottom of Lake Gagin (53°42′41.6 N, 110°03′00,2E, 473 m a.s.l.);                                                                               permafrost from the depth of 35–40 cm; pit 9I [49]     2017                                 0–0.4              51.70           46.84       120.6        120          ",10.1134_S1064229317060035.txt
profile:coordinate_first_label:a9a197d8205c4ba0e3b9,site:springer:10.1134_S1064229321020150:text:raw:ru_abbr:dms:4,65.4,49.416666666666664,reported,springer,springer:10.1134_S1064229321020150,,10.1134/S1064229321020150,,1,,,,,,Explicit profile/pit label within 180 characters of an author-reported coordinate.,"{""spatial_linkage"": ""coordinate_local_explicit_profile_label"", ""coordinate_candidate_id"": ""springer:10.1134_S1064229321020150:text:raw:ru_abbr:dms:4"", ""label_distance_characters"": 126}
–         74.8        2.86       10.54       0.75        0.58        1.98   1.57   14                                         Pit 1. Gley-podzolic soil with podzol microprofile (on sandy moraine loam), Stagnic Cutanic Albeluvisol (Siltic), 65°24′ N, 49°25′ E                         EL[e-hf]g      5–20             3.8          2.9         –          0.8          –          –           –         –            –          –       –      8                                                        Pit 44. Gleyic peat-podzolic soil (on glaciofluvial deposits), Stagnic Histic Albeluv",10.1134_S1064229321020150.txt
profile:coordinate_first_label:a9c2128e7b817843682a,site:springer:10.1134_S1064229323601361:text:raw:degree_decimal_minutes_cardinal:1,52.03095,108.42001666666667,reported,springer,springer:10.1134_S1064229323601361,,10.1134/S1064229323601361,,13,,,,,,Explicit profile/pit label within 180 characters of an author-reported coordinate.,"{""spatial_linkage"": ""coordinate_local_explicit_profile_label"", ""coordinate_candidate_id"": ""springer:10.1134_S1064229323601361:text:raw:degree_decimal_minutes_cardinal:1"", ""label_distance_characters"": 258}
[32].                    determined as a soda–chloride–sulfate sor solonchak     Sulfate, sulfate–soda, sulfate–chloride–soda,                (Sodic Solonchak (Alcalic, Arenic, Sulfatic)). chloride–sulfate–soda, and soda salinization types                   Pit 13 (554 m a.s.l., 52°01.857′ N, 108°25.201′ E) are most common in the dry-steppe zone of Western                was laid 200 m to the west of pit 14 under a cheegrass– Transbaikalia [31].                                              forb community. The soil was represented by a typical     Salt marshes of Transbaikalia, along with chestnut           chloride–sulfate–soda solonchak (Calcic Sodic soils, are priority objects",10.1134_S1064229323601361.txt
profile:coordinate_first_label:adfd518e40fe70571ebe,site:springer:10.1134_S1064229319090023:text:raw:dms:l:1,52.53830555555555,111.03869444444445,reported,springer,springer:10.1134_S1064229319090023,,10.1134/S1064229319090023,,B4,,,,,,Explicit profile/pit label within 180 characters of an author-reported coordinate.,"{""spatial_linkage"": ""coordinate_local_explicit_profile_label"", ""coordinate_candidate_id"": ""springer:10.1134_S1064229319090023:text:raw:dms:l:1"", ""label_distance_characters"": 210}
P2, Figs. 4c and 4d).             the depression in place of the dried up lake. The plant                                                               cover is nonuniform and thin. The projective cover is     Pit B4R2 (52°32′17.9″ N, 111°2′19.3″ E, 955 m a.s.l.);    70%, and the height of herbs is 30–35 cm. Forb– top of a mound with grassy (Leymus chinensis and Poa          grassy association with Equisetum arvense L., Poa attenuata) vegetation (the projective cover about 80%).       praténsis, Carex p",10.1134_S1064229319090023.txt
profile:coordinate_first_label:ae2ed35a637963290439,site:springer:10.1134_S1064229317060035:text:raw:strict:l:3,53.63686,109.9525,reported,springer,springer:10.1134_S1064229317060035,,10.1134/S1064229317060035,,1-01B,,,,,,Explicit profile/pit label within 180 characters of an author-reported coordinate.,"{""spatial_linkage"": ""coordinate_local_explicit_profile_label"", ""coordinate_candidate_id"": ""springer:10.1134_S1064229317060035:text:raw:strict:l:2"", ""label_distance_characters"": 262}
                                                                                          Suvino-Alginskie lakes                                             Typical solonchak (black sulfide solonchak), Gudzhirchan Lake (53.63686° N, 109.95250° E, 477 m a.s.l.), pit 1-01B [47]                                 0–0.5               4.99            4.56         3.48         5.56*        12.81         54.80        0.12          0.70        67.76       10.16                                0.5–5              ",10.1134_S1064229317060035.txt
profile:coordinate_first_label:ae3f3311b9c218b6d4df,site:springer:10.1134_S1064229319090035:text:raw:ru_abbr:dms:0,65.9,60.43333333333333,reported,springer,springer:10.1134_S1064229319090035,,10.1134/S1064229319090035,,2015-7,,,,,,Explicit profile/pit label within 180 characters of an author-reported coordinate.,"{""spatial_linkage"": ""coordinate_local_explicit_profile_label"", ""coordinate_candidate_id"": ""springer:10.1134_S1064229319090035:text:raw:degree_decimal_minutes_cardinal:1"", ""label_distance_characters"": 263}
past, identify specificities of     dissected by cryogenic cracks. Lichens and green the accumulation and transformation of polyarenes in         mosses grew along the periphery of the bare circle. the permafrost zone, and to assess the permafrost                Soil pit 2015-7 (65°54' N, 60°26' E) characterized a response to climate warming [17, 21, 34, 35]. For            permafrost-affected oligotrophic peat soil of a peat example, data on the PAHs distribution in the salt           mound 12 m in diameter overgrown with Empetrum, marsh in northern Spain were used to reconstruct the         Vaccinium vitis-idaea, Vaccinium uliginosum, Rubus history of pollutants enter",10.1134_S1064229319090035.txt
profile:coordinate_first_label:ae5112e3aaa231133344,site:springer:10.1134_S1064229320060083:text:raw:dms:l:1,78.30305555555556,103.08083333333333,reported,springer,springer:10.1134_S1064229320060083,,10.1134/S1064229320060083,,38,,,,,,Explicit profile/pit label within 180 characters of an author-reported coordinate.,"{""spatial_linkage"": ""coordinate_local_explicit_profile_label"", ""coordinate_candidate_id"": ""springer:10.1134_S1064229320060083:text:raw:dms:l:1"", ""label_distance_characters"": 211}
Draba alpina,           tions, mosaic patterns of soil–vegetation complexes D. micropetala, etc. Vegetated borders are “fastened”       are formed. by shoots of Salix polaris shrubs. Overall, vegetated          Pit 38M (78°18′11″ N, 103°04′51″ E). Southern surfaces occupy about 25–30% of the area.                   part of the ancient lake basin in the upper reaches of     EURASIAN SOIL SCIENCE        Vol. 53   No. 6   2020 718                                                         MIKHAILOV       ",10.1134_S1064229320060083.txt
profile:coordinate_first_label:b0423f7a3aa7e68294fc,site:springer:10.1134_S1064229323601439:text:raw:strict:l:5,54.026018,77.234051,reported,springer,springer:10.1134_S1064229323601439,,10.1134/S1064229323601439,,2,,,,,,Explicit profile/pit label within 180 characters of an author-reported coordinate.,"{""spatial_linkage"": ""coordinate_local_explicit_profile_label"", ""coordinate_candidate_id"": ""springer:10.1134_S1064229323601439:text:raw:strict:l:5"", ""label_distance_characters"": 261}
raquatic (floodplain) landscape was logical (increase and decrease in the water level of riv-     characterized by pits 2 (54.025837° N, 77.234112° E) ers and lakes), biological (transpiration), and anthro-       and 3 (54.026018° N, 77.234051° E). The soil of pit 2 pogenic (reclamation measures, use of groundwater             was classified as a strongly solonetzic thin low-humus for the needs of the population, etc.) conditions [14].       sandy loamy meadow soil; the soil of pit 3, as a shallow In ",10.1134_S1064229323601439.txt
profile:coordinate_first_label:b19e1aa6bf01cb20d4d7,site:springer:10.1134_S1064229321020150:text:raw:ru_abbr:dms:10,68.35,59.46666666666667,reported,springer,springer:10.1134_S1064229321020150,,10.1134/S1064229321020150,,17,,,,,,Explicit profile/pit label within 180 characters of an author-reported coordinate.,"{""spatial_linkage"": ""coordinate_local_explicit_profile_label"", ""coordinate_candidate_id"": ""springer:10.1134_S1064229321020150:text:raw:degree_decimal_minutes:10"", ""label_distance_characters"": 178}
           4.1          3.1        0.87        0.6        87.4        1.30        6.55       0.48        0.58        1.39    –      4                                             Pit 17. Gleyic permafrost-affected gray-humus soil (on marine sediments), Reductaquic Umbric Cryosol, 68°21′ N, 59°28′ E     No. 2                         AY             6–22             4.8          3.1        0.40         –         75.3        3.85       10.54       0.80        1.25        1.78    –     18                                            Pit -20. Marsh soddy-gley soil (on marine sediments), Tidalic Fluvisol (Arenic, Ochric, Epiprotosalic), 68°19′ N, 59°31′ E [16]                    ",10.1134_S1064229321020150.txt
profile:coordinate_first_label:b2981122161870b43e19,site:springer:10.1134_S1064229325601830:text:raw:degree_decimal_minutes_cardinal:1,51.61386666666667,35.25418333333333,reported,springer,springer:10.1134_S1064229325601830,,10.1134/S1064229325601830,,LG-04-20,,,,,,Explicit profile/pit label within 180 characters of an author-reported coordinate.,"{""spatial_linkage"": ""coordinate_local_explicit_profile_label"", ""coordinate_candidate_id"": ""springer:10.1134_S1064229325601830:text:raw:degree_decimal_minutes_cardinal:1"", ""label_distance_characters"": 208}
Microscopy”, Institute of Geography, Russian Acad- humus quasigley soils on accumulative-carbonate              emy of Sciences. A 785-nm laser was used as the exci- abrazem described here are represented by pit LG-04-20       tation source. This allowed to reduce photolumines- (51°36.832′ N, 35°15.251′ E). According to WRB [56],         cence, which affects substantially the Raman spectra the soils are defined as Histic Gleysol (Alcalic Loamic).    of soils. The spectra were obtained using a 50×                                                              objective with a numerical aperture of 0.5 at a laser     Site III is the check cleaned from sewage sludge         power of",10.1134_S1064229325601830.txt
profile:coordinate_first_label:b3072e1441f5f8d13018,site:springer:10.1134_S1064229318010106:text:raw:ru_abbr:dms:6,67.2,32.416666666666664,reported,springer,springer:10.1134_S1064229318010106,,10.1134/S1064229318010106,,8,,,,,,Explicit profile/pit label within 180 characters of an author-reported coordinate.,"{""spatial_linkage"": ""coordinate_local_explicit_profile_label"", ""coordinate_candidate_id"": ""springer:10.1134_S1064229318010106:text:raw:ru_abbr:dms:6"", ""label_distance_characters"": 217}
                        were dominated by podzols (Albic Podzols) with soil zone, soil mycobiota was studied in Apatity (67°34′ N,                             profile formula: О-Е-BHF-C. The following soils 33°17′ E, point 8), Kandalaksha (67°12′ N, 32°25′ E,                               were studied in Rybachii peninsula: podbur (Entic point 9), and Kovdor (67°33′ N, 32°10′ E, point 10)                                Podzols) with a profile О-BHF-C; dry peat soil (Folic districts.                                                                         Histosol); low-moo",10.1134_S1064229318010106.txt
profile:coordinate_first_label:b3c07018c623bd592128,site:springer:10.1134_S1064229321020150:text:raw:ru_abbr:dms:11,68.31666666666666,59.516666666666666,reported,springer,springer:10.1134_S1064229321020150,,10.1134/S1064229321020150,,-20,,,,,,Explicit profile/pit label within 180 characters of an author-reported coordinate.,"{""spatial_linkage"": ""coordinate_local_explicit_profile_label"", ""coordinate_candidate_id"": ""springer:10.1134_S1064229321020150:text:raw:ru_abbr:dms:11"", ""label_distance_characters"": 136}
       –         75.3        3.85       10.54       0.80        1.25        1.78    –     18                                            Pit -20. Marsh soddy-gley soil (on marine sediments), Tidalic Fluvisol (Arenic, Ochric, Epiprotosalic), 68°19′ N, 59°31′ E [16]                         ACao,g        19–30             3.6          3.3        0.53        0.5        82.0        1.75        9.65       0.68        1.10        1.46   0.57    8     2021                         СWOC, carbon of water-soluble organic compounds; Сorg carbon of organic compounds; CF, clay fraction; ",10.1134_S1064229321020150.txt
profile:coordinate_first_label:b3d127182dca0cec6c4c,site:springer:10.1134_S1064229320050105:text:raw:dms:l:4,65.65,130.16666666666666,reported,springer,springer:10.1134_S1064229320050105,,10.1134/S1064229320050105,,P-12,,,,,,Explicit profile/pit label within 180 characters of an author-reported coordinate.,"{""spatial_linkage"": ""coordinate_local_explicit_profile_label"", ""coordinate_candidate_id"": ""springer:10.1134_S1064229320050105:text:raw:dms:l:4"", ""label_distance_characters"": 125}
of gleyic cryozem (Turbic Cryosol (Loamic,       accumulation of exchangeable cations takes place, and Humic)) of a hummock (pit P-12, 891 m a.s.l.;                the degree of base saturation increases; the soil reac- 65°39′00″ N, 130°10′00″ E). This soil had a distinct         tion is close to neutral. The gleyed horizon also has an thin layer of alluvial sediments overlying the buried        almost neutral reaction and the high content of sesqui- soil profile. It consisted of the following horizo",10.1134_S1064229320050105.txt
profile:coordinate_first_label:b43690837c5ce7099f1c,site:springer:10.1134_S1064229319060127:text:raw:ru_abbr:dms:1,67.41666666666667,63.833333333333336,reported,springer,springer:10.1134_S1064229319060127,,10.1134/S1064229319060127,,3,,,,,,Explicit profile/pit label within 180 characters of an author-reported coordinate.,"{""spatial_linkage"": ""coordinate_local_explicit_profile_label"", ""coordinate_candidate_id"": ""springer:10.1134_S1064229319060127:text:raw:degree_decimal_minutes_cardinal:1"", ""label_distance_characters"": 272}
          soil (Gleyic Fluvisol (Arenic, Humic)) was formed                                                              recently under this community.     The aim of our work was to give general character- istics of communities of soil microarthropods in post-           Plot 3 (67°25′ N, 63°50′ E). Small dwarf shrub- agrogenic systems formed in the place of annual and          moss tundra was situated in the Vorkuta River valley perennial crops cultivation in tundra zone of the Euro-      on the second terrace gently inclined to the river. The pean Northeast of Russia.                                    microrelief was moderately expressed and presented                ",10.1134_S1064229319060127.txt
profile:coordinate_first_label:b83eaa71da142e20d566,site:springer:10.1134_S1064229317060035:text:raw:strict:l:1,53.24564,110.50181,reported,springer,springer:10.1134_S1064229317060035,,10.1134/S1064229317060035,,15B-13,,,,,,Explicit profile/pit label within 180 characters of an author-reported coordinate.,"{""spatial_linkage"": ""coordinate_local_explicit_profile_label"", ""coordinate_candidate_id"": ""springer:10.1134_S1064229317060035:text:raw:strict:l:1"", ""label_distance_characters"": 262}
                0.20            0.20         2.20         0.45        1.55           0.63      2.00          0.97      8.83                                                    Meadow-bog solonchak, Ukyr-Bulag settlement (53.24564° N, 110.50181° E, 494 m a.s.l.), pit 15B-13                               0–1                0.95                 0.95            4.75        20.38         0.75        7.53           0.13      0.25         14.03     10.45                               1–10               0.99 ",10.1134_S1064229317060035.txt
profile:coordinate_first_label:b96002cbfc7101b67914,site:springer:10.1134_S1064229312030118:text:raw:degree_decimal_minutes_cardinal:4,51.516666666666666,107.91666666666667,reported,springer,springer:10.1134_S1064229312030118,,,,3,,,,,,Explicit profile/pit label within 180 characters of an author-reported coordinate.,"{""spatial_linkage"": ""coordinate_local_explicit_profile_label"", ""coordinate_candidate_id"": ""springer:10.1134_S1064229312030118:text:raw:degree_decimal_minutes_cardinal:4"", ""label_distance_characters"": 270}
    stretched in the northwestern direction of predomi and steep (>25°) slopes. They are formed on thin elu         nant winds. vium of bedrock.                                                                   These soils are not specified in [6]. They were ear     Pit 399 (51°31′ N, 107°55′ E; 976 m a.s.l.) was set      lier described under the name of soddy steppe soils [4]. on a local summit covered by a Duschekia–rhododen            In the studied region, they are known under the names dron–forb pine forest with projective vegetative cover        of soddy soils of pineforest or pineforest sands [27]. of about 25–30%.                                           ",springer_fulltext/10.1134_S1064229312030118.txt
profile:coordinate_first_label:b970ea3ba748919ac907,site:springer:10.1134_S1064229319040082:text:raw:dms:l:0,52.12975,106.90983333333334,reported,springer,springer:10.1134_S1064229319040082,,10.1134/S1064229319040082,,15,,,,,,Explicit profile/pit label within 180 characters of an author-reported coordinate.,"{""spatial_linkage"": ""coordinate_local_explicit_profile_label"", ""coordinate_candidate_id"": ""springer:10.1134_S1064229319040082:text:raw:dms:l:0"", ""label_distance_characters"": 208}
vering river and lake terraces hills. According to forest taxation data of 1990, all        serve as the parent material for the studied soils. these plots were covered by lichen pine stands of the           Pit 15D-11 (52°07′47.1″ N; 106°54′35.4″ E) was fourth quality class.                                        excavated under the lingonberry–lichen pine (10P)    In the study of soil morphology, special attention        forest of the fourth quality class and characterized the was paid to the features ",10.1134_S1064229319040082.txt
profile:coordinate_first_label:b97df28ef4140dc840c2,site:springer:10.1134_S1064229312030118:text:raw:degree_decimal_minutes_cardinal:0,51.63333333333333,107.59166666666667,reported,springer,springer:10.1134_S1064229312030118,,,,854,,,,,,Explicit profile/pit label within 180 characters of an author-reported coordinate.,"{""spatial_linkage"": ""coordinate_local_explicit_profile_label"", ""coordinate_candidate_id"": ""springer:10.1134_S1064229312030118:text:raw:degree_decimal_minutes_cardinal:0"", ""label_distance_characters"": 268}
dy loam; and, sometimes, sand.                            described as immature taiga soils [23] and as litho     The redcolored deposits often contain carbonate         genic soddy forest soils [27]. concentrations and have an indistinct layering. Along            Pit 854yu (51°38′ N, 107°35.5′ E; 854 m a.s.l.) was the periphery of the intermontane depressions, they          set on the upper part of a steep (35°) southfacing are of deluvial, proluvial, or colluvial origin. In the      slope with outcrops of granitoid rocks. The soil is                                                                EURASIAN SOIL SCIENCE         Vol. 45   No. 3    2012                 ",springer_fulltext/10.1134_S1064229312030118.txt
profile:coordinate_first_label:b9e58c692f4cf267e473,site:springer:10.1134_S1064229319120147:text:raw:dms:l:0,65.37358333333333,60.77538888888889,reported,springer,springer:10.1134_S1064229319120147,,10.1134/S1064229319120147,,83-2012,,,,,,Explicit profile/pit label within 180 characters of an author-reported coordinate.,"{""spatial_linkage"": ""coordinate_local_explicit_profile_label"", ""coordinate_candidate_id"": ""springer:10.1134_S1064229319120147:text:raw:dms:l:0"", ""label_distance_characters"": 115}
pit 87-2012).                                             rocks with a considerable admixture of allochthonous     Pit 83-2012, upper part of the riverine slope of 2°–   morainic material of more acidic composition. 3° (65°22′24.9″ N; 60°46′31.4″ E); dwarf shrub–green       Podzols under conditions of close embedding by cal- moss larch forest. Soil horizonation: O (F + H)pyr         careous rocks in the Subpolar Urals are quite rare and (0–5 cm)–Ehi (5–15 cm)–BHFca (15–20 cm)–                   occupy s",10.1134_S1064229319120147.txt
profile:coordinate_first_label:ba5ce181c91e54569f5d,site:springer:10.1134_S1064229325602409:text:raw:dms:l:1,66.11446388888888,76.64954166666668,reported,springer,springer:10.1134_S1064229325602409,,10.1134/S1064229325602409,,12-18,,,,,,Explicit profile/pit label within 180 characters of an author-reported coordinate.,"{""spatial_linkage"": ""coordinate_local_explicit_profile_label"", ""coordinate_candidate_id"": ""springer:10.1134_S1064229325602409:text:raw:dms:l:1"", ""label_distance_characters"": 99}
38.47″ N, 76°39′25.75″ E);                along which, this terrace is associated with the terrace pit 12-18 at a distance of 0.3 km to the west                         in the Sedeyakha River valley. The structures are (66°06′52.07″ N, 76°38′58.35″ E) of pit 11-18; pits 13-18             more completely represented in the latter due to the and 14-18 on the interfluve of the Evoyakha and Sed-                  location closer to the Arctic Circle, although the dif- eyakha rivers, 2 km from each river; pit 1",10.1134_S1064229325602409.txt
profile:coordinate_first_label:bb7a055a02f6cc489ff1,site:springer:10.1134_S1064229321020150:text:raw:ru_abbr:dms:3,65.63333333333334,49.36666666666667,reported,springer,springer:10.1134_S1064229321020150,,10.1134/S1064229321020150,,25,,,,,,Explicit profile/pit label within 180 characters of an author-reported coordinate.,"{""spatial_linkage"": ""coordinate_local_explicit_profile_label"", ""coordinate_candidate_id"": ""springer:10.1134_S1064229321020150:text:raw:ru_abbr:dms:3"", ""label_distance_characters"": 161}
 0.91        1.3        90.3        1.30        4.09       0.24        0.47        0.80    –      6                                                              Pit 25. Gleyic peaty podzol (on glaciofluvial deposits), Gleyic Histic Podzol, 65°38′ N, 49°22′ E                         Eg            15–29             4.1          3.2        0.14        0.3        94.2        0.50        3.26       0.20        0.59        0.54    –      2                                                                            Pit 27-ZH. Iron-illuvial svetlozem (on silty loams), Albic Luviso",10.1134_S1064229321020150.txt
profile:coordinate_first_label:bbe03fef2df9fe974e81,site:springer:10.1134_S1064229321120048:text:raw:dms:l:1,71.35777777777777,114.63833333333334,reported,springer,springer:10.1134_S1064229321120048,,10.1134/S1064229321120048,,R-12,,,,,,Explicit profile/pit label within 180 characters of an author-reported coordinate.,"{""spatial_linkage"": ""coordinate_local_explicit_profile_label"", ""coordinate_candidate_id"": ""springer:10.1134_S1064229321120048:text:raw:dms:l:1"", ""label_distance_characters"": 205}
land with hummocky microto-             (12–50 cm) brownish gray with ocherous mottles, pography and clearly pronounced surface frost cracking.       moist, poorly structured, dense, slightly thixotropic. Pit R-12.12.A (71°21′28″ N, 114°38′18″ E) was laid in the     The effervescence was absent in the profile. From the valley of brook 41, basin of the Mayat River, on the top      depth of 50 cm, the soil was in the frozen state. This of the levee on the first terrace. The parent material rep-   soil ",10.1134_S1064229321120048.txt
profile:coordinate_first_label:bc38814a3240f1616261,site:springer:10.1134_S1064229323601890:text:raw:degree_decimal_minutes:3,51.625,35.25621666666667,reported,springer,springer:10.1134_S1064229323601890,,10.1134/S1064229323601890,,LG-08-20,,,,,,Explicit profile/pit label within 180 characters of an author-reported coordinate.,"{""spatial_linkage"": ""coordinate_local_explicit_profile_label"", ""coordinate_candidate_id"": ""springer:10.1134_S1064229323601890:text:raw:degree_decimal_minutes:3"", ""label_distance_characters"": 266}
    nounced stages of pedogenesis during each period of tata, Urtica dioica, Artemisia vulgaris, Phragmites aus-     drainage (aeration), the duration of which ranges from tralis, and Acer negundo). These soils were described in     several weeks to several months. pit LG-08-20 (51°37.500′ N, 35°15.373′ E). Defecate may be assigned to technogenic surface formations                The soils at check bottoms are characterized by (TSF)—artiindustrates of the group of artifabricates         dark brown (2.5Y3/2) mucky slightly peaty or brown- according to the new Russian soil classification system      ish dark gray mucky–dark-humus (7.5YR 2/2) hori- [23, 30]. Their profile consists",10.1134_S1064229323601890.txt
profile:coordinate_first_label:bec4a1990da9bd76d191,site:springer:10.1134_S1064229325601647:text:raw:dms:l:0,59.91825,110.71375,reported,springer,springer:10.1134_S1064229325601647,,10.1134/S1064229325601647,,P-02,,,,,,Explicit profile/pit label within 180 characters of an author-reported coordinate.,"{""spatial_linkage"": ""coordinate_local_explicit_profile_label"", ""coordinate_candidate_id"": ""springer:10.1134_S1064229325601647:text:raw:dms:l:0"", ""label_distance_characters"": 204}
n on two plain          gravelly loamy sediments represent eluvium or collu- sites on the interfluve between the Nyuya and Peledui              vium of the underlying sedimentary rocks (siltstone rivers. Pit P-02.14.Tl (59°55′5.7″ N, 110°42′49.5″ E,              and sandstone with dolomite interlayers) and serve as 395 m a.s.l.) is located on an elevated part of the inter-         the soil parent material. fluve (Fig. 2). As a rule, such areas are occupied by                  Soil names and symbols of s",10.1134_S1064229325601647.txt
profile:coordinate_first_label:bf7f7c26bc8b3c33b8c8,site:springer:10.1134_S1064229317060035:text:raw:strict:l:6,54.411324,110.571048,reported,springer,springer:10.1134_S1064229317060035,,10.1134/S1064229317060035,,74B-15,,,,,,Explicit profile/pit label within 180 characters of an author-reported coordinate.,"{""spatial_linkage"": ""coordinate_local_explicit_profile_label"", ""coordinate_candidate_id"": ""springer:10.1134_S1064229317060035:text:raw:strict:l:6"", ""label_distance_characters"": 250}
   0.13            4.00             2.08           0.23      0.04        0.50           0.80      1.14        ″                                                                        Meadow solonchak. Kurumkan district (54.411324° N, 110.571048° E), pit 74B-15                                   0–2                  11.59           10.54            11.52           20.04          15.40     127.26       1.45           1.80     170.94     9.91                                                                 ",10.1134_S1064229317060035.txt
profile:coordinate_first_label:bf8171f8323f17ebd194,site:springer:10.1134_S1064229320030084:text:raw:dms:l:1,54.87,56.22944444444445,reported,springer,springer:10.1134_S1064229320030084,,10.1134/S1064229320030084,,1-2017,,,,,,Explicit profile/pit label within 180 characters of an author-reported coordinate.,"{""spatial_linkage"": ""coordinate_local_explicit_profile_label"", ""coordinate_candidate_id"": ""springer:10.1134_S1064229320030084:text:raw:dms:l:1"", ""label_distance_characters"": 115}
ritory of the archaeological site is given below. Kara-Abyz culture. They were found only in one                   Pit 1-2017 (Votikeevo-1 (rural settlement); place, along with fragments of bronze ingots and             54°52′12″ N, 56°13′46″ E). Right bank of the Ufa “splashes” (fragments of liquid metal spilled acciden-       River; broadleaved forest (oak, maple, linden, aspen), tally), scrap metal, and slags. These are traces of non-     upper part of a moderately steep slope of the north- ferro",10.1134_S1064229320030084.txt
profile:coordinate_first_label:c1dd877097583297a05b,site:springer:10.1134_S1064229324602282:text:raw:dms:l:2,53.91341666666666,105.47256666666667,reported,springer,springer:10.1134_S1064229324602282,,10.1134/S1064229324602282,,I-09,,,,,,Explicit profile/pit label within 180 characters of an author-reported coordinate.,"{""spatial_linkage"": ""coordinate_local_explicit_profile_label"", ""coordinate_candidate_id"": ""springer:10.1134_S1064229324602282:text:raw:dms:l:2"", ""label_distance_characters"": 210}
 etc.); few dwarf shrubs of ately, and strongly podzolic residual-calcareous soils        lingonberry. The height of the herb layer is up to is shown on the map by symbols. The very tops with            30 cm. Pit I-09 (53°54′48.3″ N, 105°28′21.24″ E, altitudes above 1000 m a.s.l. are occupied by moun-           1009 m a.s.l.) was dug in a spruce–larch forest with     EURASIAN SOIL SCIENCE          Vol. 57   No. 12   2024 1986                                                                        LESSOVA",10.1134_S1064229324602282.txt
profile:coordinate_first_label:c2083f872ceeb5ff2ad5,site:springer:10.1134_S1064229322601767:text:raw:dms:l:2,69.24797222222222,154.3183611111111,reported,springer,springer:10.1134_S1064229322601767,,10.1134/S1064229322601767,,Р-26,,,,,,Explicit profile/pit label within 180 characters of an author-reported coordinate.,"{""spatial_linkage"": ""coordinate_local_explicit_profile_label"", ""coordinate_candidate_id"": ""springer:10.1134_S1064229322601767:text:raw:dms:l:2"", ""label_distance_characters"": 205}
est of the settlement of                                                                                                                                                                                     Pit Р-26.09.Al 69°14′52.7″ N, 154°19′06.1″ E) was Svatai within a cotton grass–reed grass lakeside                                                                                                                                                                                  studied on a local interfluv",10.1134_S1064229322601767.txt
profile:coordinate_first_label:c2ec0b83c37a63f41ba7,site:springer:10.1134_S1064229317060035:text:raw:strict:l:5,54.26879,110.47016,reported,springer,springer:10.1134_S1064229317060035,,10.1134/S1064229317060035,,16B-13,,,,,,Explicit profile/pit label within 180 characters of an author-reported coordinate.,"{""spatial_linkage"": ""coordinate_local_explicit_profile_label"", ""coordinate_candidate_id"": ""springer:10.1134_S1064229317060035:text:raw:strict:l:5"", ""label_distance_characters"": 262}
ffected solonchak on layered alluvial sediments (hydromorphic permafrost-affected quasigley solonchak), Zagalkhan site between Topiko                                                                      and Vulag lakes (54.26879° N, 110.47016° E, 494 m a.s.l.), pit 16B-13                                                                                                                                                                                       SALT-AFFECTED SOILS OF THE BARGUZIN DEPRESSION    ",10.1134_S1064229317060035.txt
profile:coordinate_first_label:c89400a31c8dc7d430ba,site:springer:10.1134_S1064229308120016:text:raw:degree_decimal_minutes_cardinal:3,64.33333333333333,51.13333333333333,reported,springer,springer:10.1134_S1064229308120016,,,,6-Zh,,,,,,Explicit profile/pit label within 180 characters of an author-reported coordinate.,"{""spatial_linkage"": ""coordinate_local_explicit_profile_label"", ""coordinate_candidate_id"": ""springer:10.1134_S1064229308120016:text:raw:degree_decimal_minutes_cardinal:3"", ""label_distance_characters"": 129}
h. Central part of the Timan Ridge (63°57′N,     igneous rocks). 52°12′E); top of Mount Babadach (330 m a.s.l.). Bil-            Pit 6-Zh. Knyazhpogost district, 170 km to the north berry–green moss spruce stand with an admixture of          of the Chin’ya-Voryk railway station (64°20′N, 51°08′E). birch trees. The height of spruce trees is up to 15 m.      Upper part of a local ridge slightly inclined to the east, Mountain ash is abundant in the shrub (1.5-m-high)          325 m a.s.l. Birch–spruce stand; spruce undergrowth; story. The canopy density is about 0.4. Green mosses        mountain ash and juniper shrubs; bilberry and moun- and bilberry predominate in the g",springer_fulltext/10.1134_S1064229308120016.txt
profile:coordinate_first_label:c89e0d9ea43c31cfab9d,site:springer:10.1134_S1064229318110108:text:raw:ru_abbr:dms:1,64.31666666666666,51.13333333333333,reported,springer,springer:10.1134_S1064229318110108,,10.1134/S1064229318110108,,34-Zh,,,,,,Explicit profile/pit label within 180 characters of an author-reported coordinate.,"{""spatial_linkage"": ""coordinate_local_explicit_profile_label"", ""coordinate_candidate_id"": ""springer:10.1134_S1064229318110108:text:raw:ru_abbr:dms:1"", ""label_distance_characters"": 229}
re strongly weathered and                                                rzhavozem [19] or as a Hyperskeletic Leptosol [31]. can be crushed by hand into fine earth mass of the yel-                                                 Pit 34-Zh (64°19′ N, 51°08′ E) was studied in the low–ocherous color. The transition to the underlying                                                southeastern part of the Chetlasskii Kamen massif in horizon is seen from a sharp increase in the pebble                                                 the central Timan, on the upper part of a gent",10.1134_S1064229318110108.txt
profile:coordinate_first_label:c9ac53ec970c3aeb51c6,site:springer:10.1134_S106422932360255X:text:raw:degree_decimal_minutes:0,44.84016666666667,33.61366666666667,reported,springer,springer:10.1134_S106422932360255X,,10.1134/S106422932360255X,,50,,,,,,Explicit profile/pit label within 180 characters of an author-reported coordinate.,"{""spatial_linkage"": ""coordinate_local_explicit_profile_label"", ""coordinate_candidate_id"": ""springer:10.1134_S106422932360255X:text:raw:degree_decimal_minutes:0"", ""label_distance_characters"": 380}
ess-paleosol section is                                     names of the paleosols correspond to the classification located on the left bank of the Alma River to the east                               of the IUSS Working Group WRB [50]. The color was of the village of Peschanoe (44°50.41′ N, 33°36.82′ E,                               determined on the newly cleaned wall in the pit 50 m above sea level) (Figs. 1a and 1b). The total                                   according to the Munsell color system [56]. Samples thickness of the section is 57 m (Fig. 1c). The results                              for physicochemical analyses were taken from each     EURASIAN SOIL SCIENCE   ",10.1134_S106422932360255X.txt
profile:coordinate_first_label:ca67c6be36207ddd2293,site:springer:10.1134_S1064229317060035:text:raw:strict:l:10,53.72772,110.10957,reported,springer,springer:10.1134_S1064229317060035,,10.1134/S1064229317060035,,3,,,,,,Explicit profile/pit label within 180 characters of an author-reported coordinate.,"{""spatial_linkage"": ""coordinate_local_explicit_profile_label"", ""coordinate_candidate_id"": ""springer:10.1134_S1064229317060035:text:raw:strict:l:10"", ""label_distance_characters"": 262}
        1.9         10.65          0.20         0.88         3.00        7.13        3.50            9.88                                            Steppe solonchakous chernozemic meadow soil. Valley of the Suvo River (53.72772° N, 110.10957° E, 487 m a.s.l.), pit 3B-13                                0–5               0.10               0.05           0            0.80          0.10          0.40        0.50        0.38        0.43            8.28                                5–10              0.1",10.1134_S1064229317060035.txt
profile:coordinate_first_label:cbbb338c250fec0b6106,site:springer:10.1134_S1064229325602409:text:raw:dms:l:0,66.11068611111111,76.65715277777778,reported,springer,springer:10.1134_S1064229325602409,,10.1134/S1064229325602409,,11-18,,,,,,Explicit profile/pit label within 180 characters of an author-reported coordinate.,"{""spatial_linkage"": ""coordinate_local_explicit_profile_label"", ""coordinate_candidate_id"": ""springer:10.1134_S1064229325602409:text:raw:dms:l:0"", ""label_distance_characters"": 198}
d on             this site is similar to that in the terrace complex in the polygons (mounds) and in depressions. We laid soil                    valley of the Upper Pravaya Khetta River (Fig. 1a), pit 11-18 on a mound (66°06′38.47″ N, 76°39′25.75″ E);                along which, this terrace is associated with the terrace pit 12-18 at a distance of 0.3 km to the west                         in the Sedeyakha River valley. The structures are (66°06′52.07″ N, 76°38′58.35″ E) of pit 11-18; pits 13-18        ",10.1134_S1064229325602409.txt
profile:coordinate_first_label:ccb7b860cd877e2ca580,site:springer:10.1134_S1064229323602147:text:raw:strict:l:2,50.30074,116.37787,reported,springer,springer:10.1134_S1064229323602147,,10.1134/S1064229323602147,,B-3,,,,,,Explicit profile/pit label within 180 characters of an author-reported coordinate.,"{""spatial_linkage"": ""coordinate_local_explicit_profile_label"", ""coordinate_candidate_id"": ""springer:10.1134_S1064229323602147:text:raw:strict:l:2"", ""label_distance_characters"": 211}
identified as humus-gley saline (Cal-     tus was performed for 26 elements, which are most caric Mollic Gleysol (Arenic, Endosalic, Sodic)).          typical for saline soils. The total content of elements     Pit B-3 (50.30074° N, 116.37787° E) was made           was determined at the accredited testing laboratory of 400 m from the shoreline of Bab’e Lake under feather-      the Republic Analytical Center by the atomic emis- grass steppe. The projective cover is 60%.                 sion method wit",10.1134_S1064229323602147.txt
profile:coordinate_first_label:cd4934e05e3d07878426,site:springer:10.1134_S1064229317060035:text:raw:strict:l:3,53.63686,109.9525,reported,springer,springer:10.1134_S1064229317060035,,10.1134/S1064229317060035,,5B-13,,,,,,Explicit profile/pit label within 180 characters of an author-reported coordinate.,"{""spatial_linkage"": ""coordinate_local_explicit_profile_label"", ""coordinate_candidate_id"": ""springer:10.1134_S1064229317060035:text:raw:strict:l:3"", ""label_distance_characters"": 262}
0.70         0.42         1.92          1.79           7.08       0.20          0.10        10.46        8.24                                                Typical solonchak (black sulfide solonchak), Gudzhirchan Lake (53.63686° N, 109.95250° E, 477 m a.s.l.), pit 5B-13                                  0–1                0.91            0.86         1.40         0.75          0.50         10.53        0.25          0.25        12.68        9.75                                  1–20               1.6",10.1134_S1064229317060035.txt
profile:coordinate_first_label:cdb3b3ebe6d589a7111f,site:springer:10.1134_S1064229312030118:text:raw:degree_decimal_minutes_cardinal:2,51.641666666666666,107.58333333333333,reported,springer,springer:10.1134_S1064229312030118,,,,854,,,,,,Explicit profile/pit label within 180 characters of an author-reported coordinate.,"{""spatial_linkage"": ""coordinate_local_explicit_profile_label"", ""coordinate_candidate_id"": ""springer:10.1134_S1064229312030118:text:raw:degree_decimal_minutes_cardinal:2"", ""label_distance_characters"": 271}
orizons. Calcium predominates among the soddypodzolic soils [14, 23]. Their regional name is        exchangeable cations. The soil is saturated with bases. soddyforest or soddytaiga soils [13, 27].                  The content of amorphous iron compounds is 0.15–     Pit 854 (51°38.5′ N, 107°35′ E; 854 m a.s.l.) was set    0.57%. The soil’s texture is sandy loamy in the upper on the upper part of a moderately steep (10°) slope of       horizons, light loamy in the BCdc horizon, and sandy northeastern aspect under a rhododendron pine stand          in the C horizon. with cowberry, reed grasses, and mosses in the ground            The second key site was studied in the ba",springer_fulltext/10.1134_S1064229312030118.txt
profile:coordinate_first_label:ce1b35279b7c5855ba6b,site:springer:10.1134_S1064229317060035:text:raw:strict:l:8,53.74089,110.11285,reported,springer,springer:10.1134_S1064229317060035,,10.1134/S1064229317060035,,1,,,,,,Explicit profile/pit label within 180 characters of an author-reported coordinate.,"{""spatial_linkage"": ""coordinate_local_explicit_profile_label"", ""coordinate_candidate_id"": ""springer:10.1134_S1064229317060035:text:raw:strict:l:8"", ""label_distance_characters"": 248}
                         %                                                           cmol/kg                                            Meadow solonchak (dark-humus quasigley solonchakous alluvial soil). Inskaya steppe (53.74089° N, 110.11285° E), pit 1B-13                                0–1               1.66                1.47          0.13         1.04          0.25        23.41         2.25       10.38       12.20            8.54                               10–15              0.20             ",10.1134_S1064229317060035.txt
profile:coordinate_first_label:cec9c31fc73d19a3ceed,site:springer:10.1134_S1064229317060035:text:raw:strict:l:6,54.411324,110.571048,reported,springer,springer:10.1134_S1064229317060035,,10.1134/S1064229317060035,,74,,,,,,Explicit profile/pit label within 180 characters of an author-reported coordinate.,"{""spatial_linkage"": ""coordinate_local_explicit_profile_label"", ""coordinate_candidate_id"": ""springer:10.1134_S1064229317060035:text:raw:strict:l:6"", ""label_distance_characters"": 250}
   0.13            4.00             2.08           0.23      0.04        0.50           0.80      1.14        ″                                                                        Meadow solonchak. Kurumkan district (54.411324° N, 110.571048° E), pit 74B-15                                   0–2                  11.59           10.54            11.52           20.04          15.40     127.26       1.45           1.80     170.94     9.91                                                                 ",10.1134_S1064229317060035.txt
profile:coordinate_first_label:d11037ecc22a9f24cb53,site:springer:10.1134_S1064229322602578:text:raw:dms:l:1,66.95413888888889,65.49283333333334,reported,springer,springer:10.1134_S1064229322602578,,10.1134/S1064229322602578,,7,,,,,,Explicit profile/pit label within 180 characters of an author-reported coordinate.,"{""spatial_linkage"": ""coordinate_local_explicit_profile_label"", ""coordinate_candidate_id"": ""springer:10.1134_S1064229322602578:text:raw:dms:l:1"", ""label_distance_characters"": 96}
aquic Gleysol [40].                   11–18), which is generally typical of gleyzems in the     Pit 7 was laid out on the plateau-like top of the          Polar and Northern Urals [11, 26, 39] and in other Ray-Iz Ridge (66°57′14.9″ N, 65°29′34.2″ E). More              mountainous regions [4, 24, 27, 43]. In pit 8, in the than 98% of the surface is covered by peridotite boul-         lower part of the profile, the features of cryoturbation ders and residual cliffs of up to 5 m in height. Huge          in",10.1134_S1064229322602578.txt
profile:coordinate_first_label:d58e5d2583b766c062cd,site:springer:10.1134_S1064229317060035:text:raw:strict:l:1,53.24564,110.50181,reported,springer,springer:10.1134_S1064229317060035,,10.1134/S1064229317060035,,15,,,,,,Explicit profile/pit label within 180 characters of an author-reported coordinate.,"{""spatial_linkage"": ""coordinate_local_explicit_profile_label"", ""coordinate_candidate_id"": ""springer:10.1134_S1064229317060035:text:raw:strict:l:1"", ""label_distance_characters"": 262}
                0.20            0.20         2.20         0.45        1.55           0.63      2.00          0.97      8.83                                                    Meadow-bog solonchak, Ukyr-Bulag settlement (53.24564° N, 110.50181° E, 494 m a.s.l.), pit 15B-13                               0–1                0.95                 0.95            4.75        20.38         0.75        7.53           0.13      0.25         14.03     10.45                               1–10               0.99 ",10.1134_S1064229317060035.txt
profile:coordinate_first_label:d6caa2c58a70eff14b45,site:springer:10.1134_S1064229317060035:text:raw:strict:l:12,53.85333,110.28546,reported,springer,springer:10.1134_S1064229317060035,,10.1134/S1064229317060035,,12B-13,,,,,,Explicit profile/pit label within 180 characters of an author-reported coordinate.,"{""spatial_linkage"": ""coordinate_local_explicit_profile_label"", ""coordinate_candidate_id"": ""springer:10.1134_S1064229317060035:text:raw:strict:l:12"", ""label_distance_characters"": 262}
               0.03           0            0.35          0.10          0.31        0.25        0.25        0.26            8.85                                                                   Solonchakous meadow soil (53.85333° N, 110.28546° E, 493 m a.s.l.), pit 12B-13     Vol. 50                                0–10              0.07               0.04           0.05         0.63          0.15          0.18        0.38        0.25        0.38            8.76                              10–30     ",10.1134_S1064229317060035.txt
profile:coordinate_first_label:d6d482e2453236d787d2,site:springer:10.1134_S1064229322601767:text:raw:dms:l:0,70.86697222222222,153.75944444444445,reported,springer,springer:10.1134_S1064229322601767,,10.1134/S1064229322601767,,P-37,,,,,,Explicit profile/pit label within 180 characters of an author-reported coordinate.,"{""spatial_linkage"": ""coordinate_local_explicit_profile_label"", ""coordinate_candidate_id"": ""springer:10.1134_S1064229322601767:text:raw:dms:l:0"", ""label_distance_characters"": 204}
  tions is marked by the appearance of a system of sec- increasing throughout northern coastal lowlands since       ondary thin ice wedges. the beginning of the 21st century [36, 49, 52, 53]. This        Pit P-37.08.Al (70°52′01.1″ N, 153°45′34″ E) was is accompanied by thermokarst-induced transforma-           studied to the east of the Alazeya River mouth, under tion of soilscapes, which necessitates a detailed study     a sedge–grass–forb meadow flooded by tides, 10 m of soils in order to be able to",10.1134_S1064229322601767.txt
profile:coordinate_first_label:d6dde3da00836ec9cb5e,site:springer:10.1134_S1064229321120048:text:raw:dms:l:0,71.27944444444444,114.47722222222222,reported,springer,springer:10.1134_S1064229321120048,,10.1134/S1064229321120048,,P-18,,,,,,Explicit profile/pit label within 180 characters of an author-reported coordinate.,"{""spatial_linkage"": ""coordinate_local_explicit_profile_label"", ""coordinate_candidate_id"": ""springer:10.1134_S1064229321120048:text:raw:dms:l:0"", ""label_distance_characters"": 133}
of continuous per- found in remote and difficultly accessible areas and                    mafrost in the tundra and larch woodland. Pit P-18.12.A their soils remain insufficiently studied. In contrast,                 (71°16′46″ N, 114°28′38″ E) was laid in the dryad– the key site within the Central Yakutian Plain is                       cotton grass–moss tundra, on a slightly wavy surface located at the Elgeeyi experimental station, which is                   of the top of local levee on the left ",10.1134_S1064229321120048.txt
profile:coordinate_first_label:d6f5763249f3d5f7a6ce,site:springer:10.1134_S1064229323601361:text:raw:degree_decimal_minutes_cardinal:4,51.536,107.0225,reported,springer,springer:10.1134_S1064229323601361,,10.1134/S1064229323601361,,1-2022,,,,,,Explicit profile/pit label within 180 characters of an author-reported coordinate.,"{""spatial_linkage"": ""coordinate_local_explicit_profile_label"", ""coordinate_candidate_id"": ""springer:10.1134_S1064229323601361:text:raw:degree_decimal_minutes_cardinal:4"", ""label_distance_characters"": 254}
    sigley sulfate solonchak (Solonchak (Loamic, Sul- an efficient method to increase the productivity of sown         fatic)). grasses and natural forage lands on salt-affected soils. The yield of perennial grasses increases 1.5–3.5 times as            Pit 1-2022 (493 m a.s.l., 51°32.16′ N, 107°01.350′ E) a result of the application of nitrogen and nitrogen–            was laid 100 m to the east of the Itigilovskii spring on phosphorus fertilizers.                                          the plain adjacent to Lake Beloe (Ivolginskii district)                                                                  under an iris–cheegrass–sedge community. The soil     However, there a",10.1134_S1064229323601361.txt
profile:coordinate_first_label:db24971e21668416aab5,site:springer:10.1134_S1064229317060035:text:raw:strict:l:7,53.84245,110.21525,reported,springer,springer:10.1134_S1064229317060035,,10.1134/S1064229317060035,,14,,,,,,Explicit profile/pit label within 180 characters of an author-reported coordinate.,"{""spatial_linkage"": ""coordinate_local_explicit_profile_label"", ""coordinate_candidate_id"": ""springer:10.1134_S1064229317060035:text:raw:strict:l:7"", ""label_distance_characters"": 262}
                                                                        pH Н2О   depth, cm                              %                                          cmol/kg                  Meadow solonchak. Varagol site (53.84245° N, 110.21525° E, 480 m a.s.l.), pit 14B-13     0–1           2.83        2.67      0.90       4.50    1.65     36.97        0.38     1.75     38.29         9.67     1–10          1.71        1.61      0.10       0.95    2.20     21.93       0.63      2.63     21.53         9",10.1134_S1064229317060035.txt
profile:coordinate_first_label:db6d63277c16f5e4a22d,site:springer:10.1134_S1064229321020150:text:raw:ru_abbr:dms:0,61.68333333333333,54.88333333333333,reported,springer,springer:10.1134_S1064229321020150,,10.1134/S1064229321020150,,21-Zh,,,,,,Explicit profile/pit label within 180 characters of an author-reported coordinate.,"{""spatial_linkage"": ""coordinate_local_explicit_profile_label"", ""coordinate_candidate_id"": ""springer:10.1134_S1064229321020150:text:raw:ru_abbr:dms:0"", ""label_distance_characters"": 159}
                                        mg/kg                                                          %                                                       Pit 21-Zh. Iron–humus-illuvial podzol (on eluvium of silty shale), Albic Podzol, 61°41′ N, 54°53′ E [3–5]                         Е              4–16           4.4         3.3      4–           –         86.2         1.93        6.26       0.26        0.33       1.45       1.08     6                                               Pit 3. Iron–humus-illuvial podzol (on glaciofluvial deposits underlain by moraine loam),",10.1134_S1064229321020150.txt
profile:coordinate_first_label:dc329760dc6bb339da98,site:springer:10.1134_S1064229322060059:text:raw:ru_abbr:dms:2,69.56666666666666,90.53333333333333,reported,springer,springer:10.1134_S1064229322060059,,10.1134/S1064229322060059,,7,,,,,,Explicit profile/pit label within 180 characters of an author-reported coordinate.,"{""spatial_linkage"": ""coordinate_local_explicit_profile_label"", ""coordinate_candidate_id"": ""springer:10.1134_S1064229322060059:text:raw:ru_abbr:dms:2"", ""label_distance_characters"": 233}
sually has a hummocky and formation of cryosolifluction terraces and hum-         cryogenic microtopography. mocky microtopography predominate.                                                                 Kutaramakan soil catena, pit 7 (69°34′ N, 90°32′ E),     The vegetation is represented by tundra and north-      Putorana Plateau, Bogadil Mount (northern slope) ern taiga forests. Soils are formed under sparse larch      to terrace of the Irkingda River valley (left bank) forests with oligotrophic dwarf shrub–moss–lichen           (150 m a.s.l., 11 m above the river)",10.1134_S1064229322060059.txt
profile:coordinate_first_label:de42f38199d6e592ebb1,site:springer:10.1134_S1064229319090035:text:raw:ru_abbr:dms:0,65.9,60.43333333333333,reported,springer,springer:10.1134_S1064229319090035,,10.1134/S1064229319090035,,2015-6,,,,,,Explicit profile/pit label within 180 characters of an author-reported coordinate.,"{""spatial_linkage"": ""coordinate_local_explicit_profile_label"", ""coordinate_candidate_id"": ""springer:10.1134_S1064229319090035:text:raw:ru_abbr:dms:0"", ""label_distance_characters"": 223}
ine drilling. The layer-by-layer sampling per- peat formation, various cryogenic processes, the rate        formed to the depth of 2.6 m from every 10–15 cm. of humus accumulation and mineralization of organic              Soil pit 2015-6 (65°54′ N, 60°26′ E) characterized a matter, the biological activity of the soil, the presence    permafrost-affected destructive (degrading) oligotro- of geochemical barriers in it, etc. [5]. Analyzing the       phic peat soil. It was found within a heave mound of spectra of PAHs in peat deposits and using them as           about 12 m i",10.1134_S1064229319090035.txt
profile:coordinate_first_label:df6ab2fa304514d1a710,site:springer:10.1134_S1064229321020150:text:raw:ru_abbr:dms:6,63.95,52.2,reported,springer,springer:10.1134_S1064229321020150,,10.1134/S1064229321020150,,3-Zh,,,,,,Explicit profile/pit label within 180 characters of an author-reported coordinate.,"{""spatial_linkage"": ""coordinate_local_explicit_profile_label"", ""coordinate_candidate_id"": ""springer:10.1134_S1064229321020150:text:raw:degree_decimal_minutes_cardinal:7"", ""label_distance_characters"": 200}
 10–15             4.2          3.1         –          0.54       85.0        2.24        6.97       0.30        1.05        1.73   0.09    5                                                           Pit 3-Zh. Iron–humus-illuvial podzol (on eluvium of silty shale), Albic Podzol, 63°57′ N,52°12′ E [4]                         Е              8–16             4.1          2.8         –          1.63        81.8       1.81        8.60       0.12        0.21        1.68   0.75    8                                                                             Pit 29-ZH. Iron-illuvial svetlozem (on silty loam), Albic Luvisol [4]                         E              4–11       ",10.1134_S1064229321020150.txt
profile:coordinate_first_label:e07e361da1c3e09f6706,site:springer:10.1134_S1064229313080085:text:raw:strict:l:1,62.0736,58.97321,reported,springer,springer:10.1134_S1064229313080085,,10.1134/S1064229313080085,,08,,,,,,Explicit profile/pit label within 180 characters of an author-reported coordinate.,"{""spatial_linkage"": ""coordinate_local_explicit_profile_label"", ""coordinate_candidate_id"": ""springer:10.1134_S1064229313080085:text:raw:strict:l:1"", ""label_distance_characters"": 206}
hic processes.              satiated wet; clay loam to silty clay; coarse blocky                                                               structure; the intraped mass is structureless; iron veins;     Pit 081520 (62.0736 N, 58.97321 E). Gleyic              inclusions of pebbles of different sizes. ironilluvial podzol under the herbaceous–green moss spruce forest.                                                    The water table was established at a depth of 43 cm.     T, 0–7 cm. Graybro",10.1134_S1064229313080085.txt
profile:coordinate_first_label:e0b3b61e6c0130293716,site:springer:10.1134_S1064229318010106:text:raw:ru_abbr:dms:1,69.46666666666667,31.466666666666665,reported,springer,springer:10.1134_S1064229318010106,,10.1134/S1064229318010106,,1,,,,,,Explicit profile/pit label within 180 characters of an author-reported coordinate.,"{""spatial_linkage"": ""coordinate_local_explicit_profile_label"", ""coordinate_candidate_id"": ""springer:10.1134_S1064229318010106:text:raw:ru_abbr:dms:1"", ""label_distance_characters"": 127}
                            microscopy in fresh soil samples. Dark polycarbonate area of Dal’nie Zelentsy (69°05′ N, 35°58′ E, point 1                              membrane filters Nucleopor Black with pore diameter in Fig. 1) and Titovka (69°28′ N, 31°28′ E, point 2)                               0.8 μm were used. Filters for fungi counting were settlements and on the Srednii (69°40′ N, 32°05′ E,                                stained by acridine orange and FITC (fluorescein iso- point 6) and Rybachii (69°42′ N, 32°28′ E, point 5)                                thiocyana",10.1134_S1064229318010106.txt
profile:coordinate_first_label:e12df765d1d202abd84f,site:springer:10.1134_S1064229325602409:text:raw:dms:l:2,66.1321611111111,76.6033861111111,reported,springer,springer:10.1134_S1064229325602409,,10.1134/S1064229325602409,,13-18,,,,,,Explicit profile/pit label within 180 characters of an author-reported coordinate.,"{""spatial_linkage"": ""coordinate_local_explicit_profile_label"", ""coordinate_candidate_id"": ""springer:10.1134_S1064229325602409:text:raw:dms:l:2"", ""label_distance_characters"": 127}
voyakha and Sed-                  location closer to the Arctic Circle, although the dif- eyakha rivers, 2 km from each river; pit 13-18 on a                   ference between the studied sites along the meridian mound (66°07′55.78″ N, 76°36′12.19″ E); pit 14-18 at a                is only half a degree. Since the structure of the terrace distance of 5 m from it in a depression (66°07′56,17″ N,              complexes in both valleys is similar, we believe that 76°36′12.23″ E); pits 15-18 and 16-18 similar",10.1134_S1064229325602409.txt
profile:coordinate_first_label:e2ac4b6e1d2ef608b364,site:springer:10.1134_S1064229321020150:text:raw:ru_abbr:dms:5,65.41666666666667,50.85,reported,springer,springer:10.1134_S1064229321020150,,10.1134/S1064229321020150,,44,,,,,,Explicit profile/pit label within 180 characters of an author-reported coordinate.,"{""spatial_linkage"": ""coordinate_local_explicit_profile_label"", ""coordinate_candidate_id"": ""springer:10.1134_S1064229321020150:text:raw:degree_decimal_minutes:5"", ""label_distance_characters"": 189}
           3.8          2.9         –          0.8          –          –           –         –            –          –       –      8                                                        Pit 44. Gleyic peat-podzolic soil (on glaciofluvial deposits), Stagnic Histic Albeluvisol, 65°25′ N, 50°51′ E                         ELg           17–24             4.0          3.1        1.56        2.4        74.7        3.77       11.89       0.27        1.22        1.42    –     16                                                            Pit 37-ZH. Iron–humus-illuvial podzol (on eluvium of silty shale), Albic Podzol, 63°57′ N,52°12′ E                                           ",10.1134_S1064229321020150.txt
profile:coordinate_first_label:e3ac62f0651cab8e5a3a,site:springer:10.1134_S1064229317060035:text:raw:strict:l:12,53.85333,110.28546,reported,springer,springer:10.1134_S1064229317060035,,10.1134/S1064229317060035,,12,,,,,,Explicit profile/pit label within 180 characters of an author-reported coordinate.,"{""spatial_linkage"": ""coordinate_local_explicit_profile_label"", ""coordinate_candidate_id"": ""springer:10.1134_S1064229317060035:text:raw:strict:l:12"", ""label_distance_characters"": 262}
               0.03           0            0.35          0.10          0.31        0.25        0.25        0.26            8.85                                                                   Solonchakous meadow soil (53.85333° N, 110.28546° E, 493 m a.s.l.), pit 12B-13     Vol. 50                                0–10              0.07               0.04           0.05         0.63          0.15          0.18        0.38        0.25        0.38            8.76                              10–30     ",10.1134_S1064229317060035.txt
profile:coordinate_first_label:e4c18306349e8dc13232,site:springer:10.1134_S1064229319040082:text:raw:dms:l:2,52.130833333333335,106.91783333333333,reported,springer,springer:10.1134_S1064229319040082,,10.1134/S1064229319040082,,14D-11,,,,,,Explicit profile/pit label within 180 characters of an author-reported coordinate.,"{""spatial_linkage"": ""coordinate_local_explicit_profile_label"", ""coordinate_candidate_id"": ""springer:10.1134_S1064229319040082:text:raw:dms:l:2"", ""label_distance_characters"": 208}
cover was uneven: areas with dead forest floor         amount of the soil organic matter. alternated with areas covered by herbs (Pulsatilla,                                                                   Pit 14D-11 (52°07′51″ N; 106°55′4.2″ E) was exca- Carex pediformis, Calamagrostis epigejos, Artemisia                                                               vated 100 m away from pit 13D-11 on the plot sub- mongolica) with dwarf shrubs (Vaccinium vitis-idaea),                               ",10.1134_S1064229319040082.txt
profile:coordinate_first_label:e6b13bbc26f6c3a912fc,site:springer:10.1134_S106422930603001X:text:raw:ru_abbr:dms:4,67.33333333333333,59.833333333333336,reported,springer,springer:10.1134_S106422930603001X,,,,39,a gleyic podzol,,,,,Explicit profile/pit label within 180 characters of an author-reported coordinate.,"{""spatial_linkage"": ""coordinate_local_explicit_profile_label"", ""coordinate_candidate_id"": ""springer:10.1134_S106422930603001X:text:raw:ru_abbr:dms:4"", ""label_distance_characters"": 125}
                                         RUSANOVA, DENEVA  (67°21′ N, 59°50′ E) under dwarf birch moss–lichen                Pit 39 characterizes a gleyic podzol on a watershed tundra.                                                       (67°20′ N, 59°50′ E) under dwarf birch moss–lichen                                                               tundra with some admixture of sedges and herbs. The    The soil profile consists of the following horizons:       soil profile consists of the following horizons: O–AO– O–AO–E–BF–BC. Under a thin (2 cm) litter, the raw-       ",springer_fulltext/10.1134_S106422930603001X.txt
profile:coordinate_first_label:e6e7c33b29335a25758c,site:springer:10.1134_S1064229322060059:text:raw:ru_abbr:dms:2,69.56666666666666,90.53333333333333,reported,springer,springer:10.1134_S1064229322060059,,10.1134/S1064229322060059,,7,,,,,,Explicit profile/pit label within 180 characters of an author-reported coordinate.,"{""spatial_linkage"": ""coordinate_local_explicit_profile_label"", ""coordinate_candidate_id"": ""springer:10.1134_S1064229322060059:text:raw:degree_decimal_minutes:2"", ""label_distance_characters"": 273}
racking,     ground cover. The surface usually has a hummocky and formation of cryosolifluction terraces and hum-         cryogenic microtopography. mocky microtopography predominate.                                                                 Kutaramakan soil catena, pit 7 (69°34′ N, 90°32′ E),     The vegetation is represented by tundra and north-      Putorana Plateau, Bogadil Mount (northern slope) ern taiga forests. Soils are formed under sparse larch      to terrace of the Irkingda River valley (left bank) forests with oligotrophic dwarf shrub–moss–lichen           (150 m a.s.l., 11 m above the river). Terrace depres- ground cover. Larch forests are represente",10.1134_S1064229322060059.txt
profile:coordinate_first_label:e71c2d85e85fb351a0ff,site:springer:10.1134_S1064229321050148:text:raw:dms:l:0,63.12425,139.09444444444446,reported,springer,springer:10.1134_S1064229321050148,,10.1134/S1064229321050148,,8n,,,,,,Explicit profile/pit label within 180 characters of an author-reported coordinate.,"{""spatial_linkage"": ""coordinate_local_explicit_profile_label"", ""coordinate_candidate_id"": ""springer:10.1134_S1064229321050148:text:raw:dms:l:0"", ""label_distance_characters"": 212}
the communities of base saturation is relatively high in the upper horizons    alpine shrubs. and decreases to moderate values in the lower part of the profile (Table 3).                                          Pit 8n (63°07′27.3″ N, 139°05′40.0″ E; 1486 m a.s.l.)                                                             was dug under the Pinus pumila community with the     Soils of the mountainous taiga zone. On the lower       moss–lichen ground cover (Fig. 2). The height of the part of the slope of",10.1134_S1064229321050148.txt
profile:coordinate_first_label:e8bdb2463807e6feec3e,site:springer:10.1134_S1064229319060127:text:raw:degree_decimal_minutes:0,67.53333333333333,64.03333333333333,reported,springer,springer:10.1134_S1064229319060127,,10.1134/S1064229319060127,,2,,,,,,Explicit profile/pit label within 180 characters of an author-reported coordinate.,"{""spatial_linkage"": ""coordinate_local_explicit_profile_label"", ""coordinate_candidate_id"": ""springer:10.1134_S1064229319060127:text:raw:degree_decimal_minutes:0"", ""label_distance_characters"": 272}
ed by a relatively compact 2- to 3-cm-thick layer historically formed multispecies plant community by          of weakly decomposed plant material. that with one crop, and this resulted in simplification of base resource of food chains and energy flows [4].               Plot 2 (67°32' N, 64°02' E). The forb–grassy com- However, the regular structure of communities, which         munity was studied on the right-bank floodplain of is repeated under similar conditions, was formed even        the Vorkuta River. Herb stand was dominated by awn- in monocrop agrocenoses [19]. Meanwhile, the state           less brome (Bromopus inermis) and forb species: clump of soil microfau",10.1134_S1064229319060127.txt
profile:coordinate_first_label:e91226e195300ebe1c64,site:springer:10.1134_S1064229312030118:text:raw:degree_decimal_minutes_cardinal:5,51.56666666666667,107.9,reported,springer,springer:10.1134_S1064229312030118,,,,23,,,,,,Explicit profile/pit label within 180 characters of an author-reported coordinate.,"{""spatial_linkage"": ""coordinate_local_explicit_profile_label"", ""coordinate_candidate_id"": ""springer:10.1134_S1064229312030118:text:raw:degree_decimal_minutes_cardinal:5"", ""label_distance_characters"": 269}
uschekia–rhododen            In the studied region, they are known under the names dron–forb pine forest with projective vegetative cover        of soddy soils of pineforest or pineforest sands [27]. of about 25–30%.                                                  Pit 2399 (51°34′ N, 107°54′ E) was set on the bar     The soil profile consists of the following horizons:      ren summit of an eolian hill partly covered by an her O (0–6.5 cm)–AY (6.5–7 cm)–B (7–14 cm)–DC                     baceous pine forest. Lichens and green mosses are (14–20 cm)–M. The litter horizon is represented by            developed on the soil’s surface, which has a specific the weakly an",springer_fulltext/10.1134_S1064229312030118.txt
profile:coordinate_first_label:ea5e9fedfb472f55ce8b,site:springer:10.1134_S106422930603001X:text:raw:ru_abbr:dms:6,67.35,59.766666666666666,reported,springer,springer:10.1134_S106422930603001X,,,,36,,,,,,Explicit profile/pit label within 180 characters of an author-reported coordinate.,"{""spatial_linkage"": ""coordinate_local_explicit_profile_label"", ""coordinate_candidate_id"": ""springer:10.1134_S106422930603001X:text:raw:degree_decimal_minutes_cardinal:6"", ""label_distance_characters"": 127}
 sive moistening at present.                                        (Ca-rich) ground water. The cryogenic features that are    Pit 36 characterizes a humus-illuvial peat podbur               seen in the microfabric of this horizon (coagulated developed within a large peat mound (67°21′ N, 59°46′ E)           aggregates) could have appeared later. The humus-illu- under a dwarf birch sedge–moss–lichen association.                 vial horizon has no gley features; its lower part is The soil consists of a relatively thin (24 cm) peat hori-          cemented by ice. These features make it possible to zon (T) underlain by the humus-illuvial BH horizon                 classif",springer_fulltext/10.1134_S106422930603001X.txt
profile:coordinate_first_label:eb2c3fdda9b831ece458,site:springer:10.1134_S1064229320060083:text:raw:dms:l:3,75.49805555555555,144.795,reported,springer,springer:10.1134_S1064229320060083,,10.1134/S1064229320060083,,65M,,,,,,Explicit profile/pit label within 180 characters of an author-reported coordinate.,"{""spatial_linkage"": ""coordinate_local_explicit_profile_label"", ""coordinate_candidate_id"": ""springer:10.1134_S1064229320060083:text:raw:dms:l:3"", ""label_distance_characters"": 211}
          The bottoms of low-centered tetragons become judged from the following description.                                                             ponded with water in the spring; they are dried up by    Pit 65M (75°29′53″ N, 144°47′42″ E), Fadde-              the end of summer. The projective cover of vegetation yevsky Island, the Ulakhan-Yuryakh floodplain with a        in the bottoms reaches 40–50%. Hypnum mosses,     EURASIAN SOIL SCIENCE        Vol. 53   No. 6   2020 720                 ",10.1134_S1064229320060083.txt
profile:coordinate_first_label:eb52fe2a45884de91758,site:springer:10.1134_S1064229323602147:text:raw:strict:l:0,50.29955,116.38027,reported,springer,springer:10.1134_S1064229323602147,,10.1134/S1064229323602147,,B-1,,,,,,Explicit profile/pit label within 180 characters of an author-reported coordinate.,"{""spatial_linkage"": ""coordinate_local_explicit_profile_label"", ""coordinate_candidate_id"": ""springer:10.1134_S1064229323602147:text:raw:strict:l:0"", ""label_distance_characters"": 211}
 is given below related to the latest subsidence [11, 28].                    (Fig. 1e).     The research area is located in the contact zone of                                                                   Pit B-1 (50.29955° N, 116.38027° E). Lakeside the Central Asian Mobile Belt and the Siberian Plat-                                                               depression, 50 m from the shoreline of Bab’e Lake form [11]. According to morphostructural zoning, it is                             ",10.1134_S1064229323602147.txt
profile:coordinate_first_label:ec804142f9be97b678dd,site:springer:10.1134_S1064229308120016:text:raw:degree_decimal_minutes_cardinal:0,64.21666666666667,51.516666666666666,reported,springer,springer:10.1134_S1064229308120016,,,,2-Zh,,,,,,Explicit profile/pit label within 180 characters of an author-reported coordinate.,"{""spatial_linkage"": ""coordinate_local_explicit_profile_label"", ""coordinate_candidate_id"": ""springer:10.1134_S1064229308120016:text:raw:degree_decimal_minutes_cardinal:0"", ""label_distance_characters"": 443}
SION                                 Pit 14-Zh was studied in the upper reaches of the                                                                Vym’ River within the northern taiga subzone of the            Soils Developed from Silty Loams                    central Timan (64°13′N, 51°31′E; 160 m a.s.l.). Spruce                                                                stand with an admixture of pine and birch trees. Juniper    Pit 2-Zh was studied in the middle taiga subzone of         and dog rose in the shrub story; bilberry, blueberry the central Timan (63°51′N, 52°09′E; 190 m a.s.l.).            dwarf shrubs; horsetail and green mosses. Upper part of a",springer_fulltext/10.1134_S1064229308120016.txt
profile:coordinate_first_label:edaf58b40061df3fe243,site:springer:10.1134_S106422930603001X:text:raw:ru_abbr:dms:3,67.35,59.833333333333336,reported,springer,springer:10.1134_S106422930603001X,,,,39,,,,,,Explicit profile/pit label within 180 characters of an author-reported coordinate.,"{""spatial_linkage"": ""coordinate_local_explicit_profile_label"", ""coordinate_candidate_id"": ""springer:10.1134_S106422930603001X:text:raw:degree_decimal_minutes_cardinal:3"", ""label_distance_characters"": 345}
es a raw-humus iron-illu- horizon is found. Permafrost is absent in the soil profile              vial podzol on a terrace of the Khoseda-Yu River     EURASIAN SOIL SCIENCE              Vol. 39    No. 3     2006 236                                             RUSANOVA, DENEVA  (67°21′ N, 59°50′ E) under dwarf birch moss–lichen                Pit 39 characterizes a gleyic podzol on a watershed tundra.                                                       (67°20′ N, 59°50′ E) under dwarf birch moss–lichen                                                               tundra with some admixture of sedges and herbs. The    The soil profile consists of the following horizons",springer_fulltext/10.1134_S106422930603001X.txt
profile:coordinate_first_label:efff4949f0118820710c,site:springer:10.1134_S1064229319020145:text:raw:dms:l:1,51.35321944444445,107.54259166666667,reported,springer,springer:10.1134_S1064229319020145,,10.1134/S1064229319020145,,4,,,,,,Explicit profile/pit label within 180 characters of an author-reported coordinate.,"{""spatial_linkage"": ""coordinate_local_explicit_profile_label"", ""coordinate_candidate_id"": ""springer:10.1134_S1064229319020145:text:raw:dms:l:1"", ""label_distance_characters"": 206}
           blocky–crumb structure; relatively dense; porous;                                                                                             smooth boundary. The BC horizon is brownish-yel-     Pit 4Ts-D-11 (51°21′11.59″ N, 107°32′33.33″ E)                                                                                             low (10YR 5/8) slightly dry light loam; relatively was studied in the transeluvial position on the south-                                                             ",10.1134_S1064229319020145.txt
profile:coordinate_first_label:f05c5fe585ea46f9c330,site:springer:10.1134_S1064229319090023:text:raw:dms:l:0,52.53872222222222,111.45522222222222,reported,springer,springer:10.1134_S1064229319090023,,10.1134/S1064229319090023,,T5,,,,,,Explicit profile/pit label within 180 characters of an author-reported coordinate.,"{""spatial_linkage"": ""coordinate_local_explicit_profile_label"", ""coordinate_candidate_id"": ""springer:10.1134_S1064229319090023:text:raw:dms:l:0"", ""label_distance_characters"": 212}
lla asso-               This soil was identified as a gleyic cryoturbated ciation. The dominant species include Potentilla acer-        chernozem. vata Sojak, Elytrigia repens L. Nevski, Vicia cracca L.,         Pit T5 (52°32′19.4″ N, 111°27′18.8″ E, 951 m a.s.l.); Equisetum arvense L., Potentilla anserina L., Artemisia       a cryogenic depression; dried up lake. The surface is vulgаris L., and Leontopodium campestre. The total pro-       level with a slight inflection. Grass–forb vegetation jective cov",10.1134_S1064229319090023.txt
profile:coordinate_first_label:f0ec4da9928d39fd4007,site:springer:10.1134_S1064229317060035:text:raw:dms:l:1,54.02849444444444,110.28064166666667,reported,springer,springer:10.1134_S1064229317060035,,10.1134/S1064229317060035,,4-01B,,,,,,Explicit profile/pit label within 180 characters of an author-reported coordinate.,"{""spatial_linkage"": ""coordinate_local_explicit_profile_label"", ""coordinate_candidate_id"": ""springer:10.1134_S1064229317060035:text:raw:dms:l:1"", ""label_distance_characters"": 268}
                                                                        Ust’-Argadinskie Lakes     EURASIAN SOIL SCIENCE                                             Solonchakous meadow-bog soil. Shore of Lake Nukhe-Nur (54°01′42.58″ N, 110°16′50.31″ E, 592 m a.s.l.), pit 4-01B [47]                                  0–19               0.54           0.50        0.86            2.85*         3.37          1.32        0.22         0.13          7.41        8.66     Vol. 50                                 19–29",10.1134_S1064229317060035.txt
profile:coordinate_first_label:f3625eb1a5e1300e0fa3,site:springer:10.1134_S1064229321020150:text:raw:ru_abbr:dms:6,63.95,52.2,reported,springer,springer:10.1134_S1064229321020150,,10.1134/S1064229321020150,,37-ZH,,,,,,Explicit profile/pit label within 180 characters of an author-reported coordinate.,"{""spatial_linkage"": ""coordinate_local_explicit_profile_label"", ""coordinate_candidate_id"": ""springer:10.1134_S1064229321020150:text:raw:ru_abbr:dms:6"", ""label_distance_characters"": 159}
 1.56        2.4        74.7        3.77       11.89       0.27        1.22        1.42    –     16                                                            Pit 37-ZH. Iron–humus-illuvial podzol (on eluvium of silty shale), Albic Podzol, 63°57′ N,52°12′ E                                                                                                                                                                                      VANCHIKOVA et al.                             E              4–10             3.9          2.8        0.36        0.82       86.6        1",10.1134_S1064229321020150.txt
profile:coordinate_first_label:f5c0d8e36cd8282b19ce,site:springer:10.1134_S1064229321120048:text:raw:dms:l:4,68.07972222222222,151.74694444444444,reported,springer,springer:10.1134_S1064229321120048,,10.1134/S1064229321120048,,Р-04,,,,,,Explicit profile/pit label within 180 characters of an author-reported coordinate.,"{""spatial_linkage"": ""coordinate_local_explicit_profile_label"", ""coordinate_candidate_id"": ""springer:10.1134_S1064229321120048:text:raw:dms:l:4"", ""label_distance_characters"": 204}
lazeya plateaus and by the permafrost- [12, 20], or a gleyic permafrost tundra soil [10], or a       affected palevaya soil of the Central Yakutian Plain. Cambic Turbic Cryosol (Eutric, Siltic) [35].     Pit Р-04.09.Al (68°04′47″ N, 151°44′49″ E) was                                  METHODS studied in a dwarf-lichen-green moss larch forest on the terrace of the left bank of the Alazeya River, not far        The names of soils traditionally used in the Repub- from the village of Svatai. The hummocky m",10.1134_S1064229321120048.txt
profile:coordinate_first_label:f9bf9456ae08fd94d70d,site:springer:10.1134_S1064229322030140:text:raw:ru_abbr:dms:2,68.58333333333333,55.916666666666664,reported,springer,springer:10.1134_S1064229322030140,,10.1134/S1064229322030140,,5,,,,,,Explicit profile/pit label within 180 characters of an author-reported coordinate.,"{""spatial_linkage"": ""coordinate_local_explicit_profile_label"", ""coordinate_candidate_id"": ""springer:10.1134_S1064229322030140:text:raw:degree_decimal_minutes:2"", ""label_distance_characters"": 176}
bens;                  there starts at a depth of 29–30 cm. Rubus chamaemorus and Vaccinium vitis-idaea are                     Peat oligotrophic (permafrost) soil of hollows (site 5), abundant; Cladonia species are prevalent among                  Fibric Floatic Cryic Histosol (68°35′ N, 55°55′ E); sit- lichens; and mosses are represented by Polytrichum              uated in a depression. Permafrost starts at the depth of juniperinum, P. strictum, Ptilidium ciliare, Sphagnum           38–40 cm and contains mineral inclusions from the flexuosum, and Dicranum species.                                depth of 60–70 cm.     Peat oligotrophic (permafrost) soil of hollow (sit",10.1134_S1064229322030140.txt
profile:coordinate_first_label:fbefd4a29bd036df9c71,site:springer:10.1134_S1064229319010150:text:raw:ru_abbr:dms:0,67.05,62.93333333333333,reported,springer,springer:10.1134_S1064229319010150,,10.1134/S1064229319010150,,2014-1,,,,,,Explicit profile/pit label within 180 characters of an author-reported coordinate.,"{""spatial_linkage"": ""coordinate_local_explicit_profile_label"", ""coordinate_candidate_id"": ""springer:10.1134_S1064229319010150:text:raw:ru_abbr:dms:0"", ""label_distance_characters"": 113}
Bryidae ied soils were described earlier [4].                              mosses, lichens, and dwarf shrubs.    Pit 2014-1, dry-peat cryogenic soil of the mound.                  Degree of organic matter humification strongly Coordinates: 67°03′ N, 62°56′ E. Soil was described                depends on soil temperature regime in warm season. 7 km southeast of the Seida railway Station. Low                   Analysis of temperature regimes in studied soils moraine plain. The pit was made on the mound 12 m                  demonstrated that soils of bare peat spots were he",10.1134_S1064229319010150.txt
profile:coordinate_first_label:fc1a1c374de775335a19,site:springer:10.1134_S1064229322090083:text:raw:dms:l:1,56.973061111111114,82.6121611111111,reported,springer,springer:10.1134_S1064229322090083,,10.1134/S1064229322090083,,3,,,,,,Explicit profile/pit label within 180 characters of an author-reported coordinate.,"{""spatial_linkage"": ""coordinate_local_explicit_profile_label"", ""coordinate_candidate_id"": ""springer:10.1134_S1064229322090083:text:raw:dms:l:1"", ""label_distance_characters"": 101}
t of the Klyuch River parallel to the f low lines; it crossed the main types of biogeo-              Point 3 (P3) is located in the transit part of the LP cenoses from the center to the margin of the swamp.             (56°58′23.02″ N 82°36′43.78″ E) and is occupied by The profile was fixed with benchmarks; its leveling             dwarf shrub–herb–sphagnum phytocenosis with low survey was performed, and the study points were                 pine trees. The suppressed tree layer consists of Pinus     EUR",10.1134_S1064229322090083.txt
profile:coordinate_first_label:fe76594b9a8c2bb7c5d0,site:springer:10.1134_S1064229321020150:text:raw:ru_abbr:dms:1,65.36666666666666,49.38333333333333,reported,springer,springer:10.1134_S1064229321020150,,10.1134/S1064229321020150,,3,,,,,,Explicit profile/pit label within 180 characters of an author-reported coordinate.,"{""spatial_linkage"": ""coordinate_local_explicit_profile_label"", ""coordinate_candidate_id"": ""springer:10.1134_S1064229321020150:text:raw:ru_abbr:dms:1"", ""label_distance_characters"": 137}
–         86.2         1.93        6.26       0.26        0.33       1.45       1.08     6                                               Pit 3. Iron–humus-illuvial podzol (on glaciofluvial deposits underlain by moraine loam), Albic Podzol, 65°22′ N, 49°23′ E                         Е              7–13             4.1          3.2        0.50        0.8        88.4        1.52        5.24       0.35        0.86        1.07    –      7                                              Pit 57. Iron–humus-illuvial podzol (on glaciofluvial deposits underlain by moraine loam), Albic",10.1134_S1064229321020150.txt
profile:coordinate_first_label:ff0837f20e90fe4fa727,site:springer:10.1134_S1064229321020150:text:raw:ru_abbr:dms:8,65.46666666666667,49.53333333333333,reported,springer,springer:10.1134_S1064229321020150,,10.1134/S1064229321020150,,4,,,,,,Explicit profile/pit label within 180 characters of an author-reported coordinate.,"{""spatial_linkage"": ""coordinate_local_explicit_profile_label"", ""coordinate_candidate_id"": ""springer:10.1134_S1064229321020150:text:raw:degree_decimal_minutes:8"", ""label_distance_characters"": 199}
   3.1         –           –         80.5        2.17        8.92       0.65        0.37        1.9    1.8    11     EURASIAN SOIL SCIENCE                                                             Pit 4. Gley-podzolic soil (on sandy moraine loam), Stagnic Albeluvisol (Siltic), 65°28′ N, 49°32′ E                         ELg            6–16             4.2          3.2        0.47        1.0        85.2        2.56        6.78       0.304       0.87        1.19    –     13                                          Pit 56. Humus-impregnated peaty carbolithozem (on eluvium of limestone), Histic Calcaric Leptosol Humic, 65°23′ N, 50°48′ E     Vol. 54                        ",10.1134_S1064229321020150.txt
profile:coordinate_first_label:ffb1605e9b8caced0531,site:springer:10.1134_S1064229325601830:text:raw:degree_decimal_minutes:2,51.6227,35.2643,reported,springer,springer:10.1134_S1064229325601830,,10.1134/S1064229325601830,,LG-01-20,,,,,,Explicit profile/pit label within 180 characters of an author-reported coordinate.,"{""spatial_linkage"": ""coordinate_local_explicit_profile_label"", ""coordinate_candidate_id"": ""springer:10.1134_S1064229325601830:text:raw:degree_decimal_minutes:2"", ""label_distance_characters"": 266}
of peaks) was used for this purpose. zems; rather, they can be classified as Eutric Cambi-        The Raman spectra were interpreted and minerals were sol (Alcalic, Protocalcic). They are presented here by       identified using the RRUFF database [60] and the ref- pit LG-01-20 (51°37.362′ N, 35°15.858′ E).                   erence tables with the positions of vibrational modes for     Research methods. Samples for the study were col-        carbonates of different composition [58, 67]. lected in August 2020. Hierarchical morphological analysis was applied. In the field, a morphological description of the soil pits was performed using Mun-                              RESULTS s",10.1134_S1064229325601830.txt
profile:coordinate_first_label:ffe6ab7d00814f2a08d6,site:springer:10.1134_S1064229314050172:text:raw:ru_abbr:dms:3,46.65,134.4,reported,springer,springer:10.1134_S1064229314050172,,10.1134/S1064229314050172,,6010,,,,,,Explicit profile/pit label within 180 characters of an author-reported coordinate.,"{""spatial_linkage"": ""coordinate_local_explicit_profile_label"", ""coordinate_candidate_id"": ""springer:10.1134_S1064229314050172:text:raw:degree_decimal_minutes:3"", ""label_distance_characters"": 270}
lant      Holocene (Table 3). detritus at 2.9–3.0 m was dated) and on the high                Stage 1. In the Atlantic period and during the floodplain of the Alchan River (right tributary of the      beginning of the Subboreal period, the climatic fluctu Bikin River, pit 6010, 46°39′ N, 134°24′ E, 62 m a.s.l.;    ations were considerable and specified global transfor gray loamy sand with plant detritus at the depth of         mation of paleolandscapes [9, 13, 17, 25]. The 1.7 m was dated) was determined in the Institute of         [AY2]/~Cg horizon (165–170 cm, rusty–dovecol Geology of National Academy of Sciences of Ukraine          ored gley with sand and pebble) ",10.1134_S1064229314050172.txt
profile:coordinate_first_label:ffef35bc19cb6d6e106c,site:springer:10.1134_S1064229325601830:text:raw:degree_decimal_minutes_cardinal:0,51.626733333333334,35.250233333333334,reported,springer,springer:10.1134_S1064229325601830,,10.1134/S1064229325601830,,LG-10-20,,,,,,Explicit profile/pit label within 180 characters of an author-reported coordinate.,"{""spatial_linkage"": ""coordinate_local_explicit_profile_label"", ""coordinate_candidate_id"": ""springer:10.1134_S1064229325601830:text:raw:degree_decimal_minutes_cardinal:0"", ""label_distance_characters"": 266}
ils of Russia [17]                                                              INCAEnergy (UK). and the Field Guide to Soils of Russia [32], and with additional classification [35]). They are represented by         Raman scattering spectra of limestone, defecation pit LG-10-20 (51°37.604′ N, 35°15.014′ E). According         sludge and calcareous pedofeatures in IF soils were to WRB [56], the soils meet the definition of Calcaric       obtained from a Renishaw inVia Reflex microspec- Gleysol (Alcalic, Clayic).                                   trometer (UK) at the Core Shared Research Facility     Site II is a periodically operating check cleaned from   “Laboratory of Radiocarb",10.1134_S1064229325601830.txt
profile:explicit_pit:0300aae1bbe5a1fed0a8,site:springer:10.1134_S1064229326600958:text:raw:dms:l:1,52.189722222222215,54.79666666666667,reported,springer,springer:10.1134_S1064229326600958,,,,5,,,,,,Explicit pit label and author-reported coordinate in one source phrase.,"{""spatial_linkage"": ""explicit_labeled_pit_coordinate"", ""coordinate_candidate_id"": ""springer:10.1134_S1064229326600958:text:raw:dms:l:1""}
pit 5).
ment of their participation in soil formation.               Pit 4 of virgin soil (52°11′23″ N, 54°47′48″ E) was
                                                             located 170 m from the MPC-1 slurry site of the Bel-
                         ",springer_fulltext/10.1134_S1064229326600958.txt
profile:explicit_pit:0490bbd593ced168a3ed,site:springer:10.1134_S1064229322090083:text:raw:dms:l:2,56.97154722222223,82.61783888888888,reported,springer,springer:10.1134_S1064229322090083,,10.1134/S1064229322090083,,5,,,,,,Explicit pit label and author-reported coordinate in one source phrase.,"{""spatial_linkage"": ""explicit_labeled_pit_coordinate"", ""coordinate_candidate_id"": ""springer:10.1134_S1064229322090083:text:raw:dms:l:2""}
Point 5 (P5) is located in the central part of the     and periodically shaken for 30 min), the gas taken
swamp (56°58′17.57″ N 82°37′04.22″ E) and rep-             from the vacutainers was analyzed on a Kristall 5000.1
resents an autonomous position of the LP",10.1134_S1064229322090083.txt
profile:explicit_pit:080a43d9deea40a1c91b,site:springer:10.1134_S1064229325602379:text:raw:ru_abbr:dms:2,70.88333333333334,160.58333333333334,reported,springer,springer:10.1134_S1064229325602379,,10.1134/S1064229325602379,,K-3,,,,,,Explicit pit label and author-reported coordinate in one source phrase.,"{""spatial_linkage"": ""explicit_labeled_pit_coordinate"", ""coordinate_candidate_id"": ""springer:10.1134_S1064229325602379:text:raw:ru_abbr:dms:2""}
point K-3; 70°53′ N, 160°35′ E; 33 m a.s.l.). The soil     taquic Cryosols (Arenic, Fluvic) in the WRB system
profile consists of the following horizon: O (0–2 cm)—      [43]. The soil profile (pit Ch-1; 70°37′ N, 162°23′ E;
a thin litter composed of mosses an",10.1134_S1064229325602379.txt
profile:explicit_pit:1195fe6c8c3d24089f8d,site:springer:10.1134_S1064229326600958:text:raw:dms:l:1,52.189722222222215,54.79666666666667,reported,springer,springer:10.1134_S1064229326600958,,,,4,,,,,,Explicit pit label and author-reported coordinate in one source phrase.,"{""spatial_linkage"": ""explicit_labeled_pit_coordinate"", ""coordinate_candidate_id"": ""springer:10.1134_S1064229326600958:text:raw:dms:l:1""}
Pit 4 of virgin soil (52°11′23″ N, 54°47′48″ E) was
                                                             located 170 m from the MPC-1 slurry site of the Bel-
                                                             ousovsky mine. The soil is classi",springer_fulltext/10.1134_S1064229326600958.txt
profile:explicit_pit:15bd99d9af5098e6f2d7,site:springer:10.1134_S1064229319090023:text:raw:strict:l:0,52.53853,111.45755,reported,springer,springer:10.1134_S1064229319090023,,10.1134/S1064229319090023,,B1R,,,,,,Explicit pit label and author-reported coordinate in one source phrase.,"{""spatial_linkage"": ""explicit_labeled_pit_coordinate"", ""coordinate_candidate_id"": ""springer:10.1134_S1064229319090023:text:raw:strict:l:0""}
Pit B1R3 (52.53853° N, 111.45755° E, 950 m a.s.l.)
tion of the ice content in soils with respect to the ele-      characterizes the top of a heave mound. The plant

                                                                EURASIAN SOIL SCIENCE          ",10.1134_S1064229319090023.txt
profile:explicit_pit:16c956a9d60a73d4b9af,site:springer:10.1134_S1064229322040093:text:raw:dms:l:2,60.74827777777778,89.0051388888889,reported,springer,springer:10.1134_S1064229322040093,,10.1134/S1064229322040093,,PZ2,,,,,,Explicit pit label and author-reported coordinate in one source phrase.,"{""spatial_linkage"": ""explicit_labeled_pit_coordinate"", ""coordinate_candidate_id"": ""springer:10.1134_S1064229322040093:text:raw:dms:l:2""}
plot PZ2 (Table 1).
forest and raised bog (60°44′53.8″ N, 89°00′18.5″ E;             It was found that the studied landscapes had a sim-
121 m a.s.l.). This was a waterlogged pine forest (200 ×     ilar history of paleofires in Atlantic (AT) and Subbo-
200 m).",10.1134_S1064229322040093.txt
profile:explicit_pit:16eb7d3f9d56eecd8948,site:springer:10.1134_S1064229323601579:text:raw:dms:l:0,58.748333333333335,56.13666666666666,reported,springer,springer:10.1134_S1064229323601579,,10.1134/S1064229323601579,,2-I,,,,,,Explicit pit label and author-reported coordinate in one source phrase.,"{""spatial_linkage"": ""explicit_labeled_pit_coordinate"", ""coordinate_candidate_id"": ""springer:10.1134_S1064229323601579:text:raw:dms:l:0""}
pit 2-I,
and hydroxides act as the carrier fraction of heavy                                     arable) were 58°44′54″ N, 56°08′12″ E; Cambic Lep-
metals and, accordingly, play one of the key roles in                                   tosol (Aric, Clayic) (pi",10.1134_S1064229323601579.txt
profile:explicit_pit:190c24308390f49f8a3f,site:springer:10.1134_S1064229318020059:text:raw:dms:l:4,43.05638888888888,131.55916666666667,reported,springer,springer:10.1134_S1064229318020059,,10.1134/S1064229318020059,,65,,,,,,Explicit pit label and author-reported coordinate in one source phrase.,"{""spatial_linkage"": ""explicit_labeled_pit_coordinate"", ""coordinate_candidate_id"": ""springer:10.1134_S1064229318020059:text:raw:dms:l:4""}
Pit 65 was studied on the sea terrace to the west of    dense, sticky.
the Tsaplich’ya lagoon, within a saucer-like microlow           Dark-humus soils are developed on the fans of gen-
with tussocky surface (43°3′23″ N, 131°33′33″ E,            tle slopes, on",10.1134_S1064229318020059.txt
profile:explicit_pit:1f00faea02996aefe9f3,site:springer:10.1134_S106422932009015X:text:raw:dms:l:0,67.22591666666666,65.63466666666667,reported,springer,springer:10.1134_S106422932009015X,,10.1134/S106422932009015X,,1-PU,,,,,,Explicit pit label and author-reported coordinate in one source phrase.,"{""spatial_linkage"": ""explicit_labeled_pit_coordinate"", ""coordinate_candidate_id"": ""springer:10.1134_S106422932009015X:text:raw:dms:l:0""}
pit 1-PU; 67°13′28.7″ N,                       RESULTS AND DISCUSSION
65°28′39.8″ E) to a plateau within the upper part of the         Vegetation cover. The studied soils of the moun-
slope (pit 8-PU; 67°13′33.3″ N, 65°38′04.8″ E).               tainous tundra",10.1134_S106422932009015X.txt
profile:explicit_pit:21224f4f07ca660269dd,site:springer:10.1134_S1064229319090023:text:raw:strict:l:0,52.53853,111.45755,reported,springer,springer:10.1134_S1064229319090023,,10.1134/S1064229319090023,,B1,,,,,,Explicit pit label and author-reported coordinate in one source phrase.,"{""spatial_linkage"": ""explicit_labeled_pit_coordinate"", ""coordinate_candidate_id"": ""springer:10.1134_S1064229319090023:text:raw:strict:l:0""}
Pit B1R3 (52.53853° N, 111.45755° E, 950 m a.s.l.)
tion of the ice content in soils with respect to the ele-      characterizes the top of a heave mound. The plant

                                                                EURASIAN SOIL SCIENCE          ",10.1134_S1064229319090023.txt
profile:explicit_pit:26b3acffc357d19e281e,site:springer:10.1134_S1064229318010106:text:raw:ru_abbr:dms:1,69.46666666666667,31.466666666666665,reported,springer,springer:10.1134_S1064229318010106,,10.1134/S1064229318010106,,4,,,,,,Explicit pit label and author-reported coordinate in one source phrase.,"{""spatial_linkage"": ""explicit_labeled_pit_coordinate"", ""coordinate_candidate_id"": ""springer:10.1134_S1064229318010106:text:raw:ru_abbr:dms:1""}
point 4), and near Pech-                              shrub–green-moss pine forests. Al-Fe-humus soils
enga city (69°28′ N, 31°28′ E, point 3). In the taiga                              were dominated by podzols (Albic Podzols) with soil
zone, soil mycobiota w",10.1134_S1064229318010106.txt
profile:explicit_pit:28652a56d6a90b128960,site:springer:10.1134_S1064229314050172:text:raw:ru_abbr:dms:1,46.766666666666666,134.26666666666668,reported,springer,springer:10.1134_S1064229314050172,,10.1134/S1064229314050172,,13,,,,,,Explicit pit label and author-reported coordinate in one source phrase.,"{""spatial_linkage"": ""explicit_labeled_pit_coordinate"", ""coordinate_candidate_id"": ""springer:10.1134_S1064229314050172:text:raw:ru_abbr:dms:1""}
pit 1308. Pit 2008 (46°46′ N, 134°16′ E;   Alnaster sp. were identified. This attested to the simi
53 m a.s.l.) was set on the high floodplain of the right    larity of the conditions in the period of formation of
                                           ",10.1134_S1064229314050172.txt
profile:explicit_pit:32586fea08c464a32eb5,site:springer:10.1134_S1064229325602409:text:raw:dms:l:3,66.08280833333333,76.41452500000001,reported,springer,springer:10.1134_S1064229325602409,,10.1134/S1064229325602409,,15-18,,,,,,Explicit pit label and author-reported coordinate in one source phrase.,"{""spatial_linkage"": ""explicit_labeled_pit_coordinate"", ""coordinate_candidate_id"": ""springer:10.1134_S1064229325602409:text:raw:dms:l:3""}
pit 15-18,                         Karginian time (Fig. 3a) based on the analogy with
66°04′58.11″ N, 76°24′52.29″ E); and pit 17-18 on the                 the well-dated pedocomplex in the valley of the
slope of a mound to the depression (66°09′48.05″ N,     ",10.1134_S1064229325602409.txt
profile:explicit_pit:3548cb9f47a72707420a,site:springer:10.1134_S1064229325602409:text:raw:dms:l:3,66.08280833333333,76.41452500000001,reported,springer,springer:10.1134_S1064229325602409,,10.1134/S1064229325602409,,16-18,,,,,,Explicit pit label and author-reported coordinate in one source phrase.,"{""spatial_linkage"": ""explicit_labeled_pit_coordinate"", ""coordinate_candidate_id"": ""springer:10.1134_S1064229325602409:text:raw:dms:l:3""}
pit 16-18, 66°04′58.45″ N,                    formed during the marine isotope stage (MIS) 3,
76°24′51.19″ E) and in depression (pit 15-18,                         Karginian time (Fig. 3a) based on the analogy with
66°04′58.11″ N, 76°24′52.29″ E); and pit 17-1",10.1134_S1064229325602409.txt
profile:explicit_pit:359091cf8f448e77ee21,site:springer:10.1134_S1064229322040093:text:raw:dms:l:2,60.74827777777778,89.0051388888889,reported,springer,springer:10.1134_S1064229322040093,,10.1134/S1064229322040093,,PZ1,,,,,,Explicit pit label and author-reported coordinate in one source phrase.,"{""spatial_linkage"": ""explicit_labeled_pit_coordinate"", ""coordinate_candidate_id"": ""springer:10.1134_S1064229322040093:text:raw:dms:l:2""}
Plot PZ1 was situated at the boundary between pine       only 560 cal BP in plot PZ2 (Table 1).
forest and raised bog (60°44′53.8″ N, 89°00′18.5″ E;             It was found that the studied landscapes had a sim-
121 m a.s.l.). This was a waterlogged pine fore",10.1134_S1064229322040093.txt
profile:explicit_pit:394adf6fa4c13a083244,site:springer:10.1134_S106422931604013X:text:raw:degree_decimal_minutes:0,52.03165,108.42306666666667,reported,springer,springer:10.1134_S106422931604013X,,10.1134/S106422931604013X,,1,,,,,,Explicit pit label and author-reported coordinate in one source phrase.,"{""spatial_linkage"": ""explicit_labeled_pit_coordinate"", ""coordinate_candidate_id"": ""springer:10.1134_S106422931604013X:text:raw:degree_decimal_minutes:0""}
Pit 1 was set on the high right bank of the Uda River
soda-saline lakes, as well as low floodplains with a        near the settlement of Pervomaevka (Zaigraevo dis-
shallow level of saline groundwater. Their total area       trict) (52°01.899′ N, 108°25.384′ E",10.1134_S106422931604013X.txt
profile:explicit_pit:3ea02adab61bf04598b5,site:springer:10.1134_S1064229322070122:text:raw:dms:l:1,68.58444444444444,55.93083333333333,reported,springer,springer:10.1134_S1064229322070122,,10.1134/S1064229322070122,,P-5-2,,,,,,Explicit pit label and author-reported coordinate in one source phrase.,"{""spatial_linkage"": ""explicit_labeled_pit_coordinate"", ""coordinate_candidate_id"": ""springer:10.1134_S1064229322070122:text:raw:dms:l:1""}
Pit P-5-2. Oligotrophic destructive permafrost-
terraces (first and second levels), alluvial–marine and    affected peat soil of eroded peat spot. Coordinates:
lacustrine–alluvial plains interspersed with a network     68°35′4″ N, 55°55′51″ E; 80 m north-north",10.1134_S1064229322070122.txt
profile:explicit_pit:4075a173f081c8fd1b1d,site:springer:10.1134_S1064229319090023:text:raw:strict:l:0,52.53853,111.45755,reported,springer,springer:10.1134_S1064229319090023,,10.1134/S1064229319090023,,1,,,,,,Explicit pit label and author-reported coordinate in one source phrase.,"{""spatial_linkage"": ""explicit_labeled_pit_coordinate"", ""coordinate_candidate_id"": ""springer:10.1134_S1064229319090023:text:raw:strict:l:0""}
plot 1 (EP1, Figs. 4a and 4b)
local subsidence landforms. As a result of differentia-           Pit B1R3 (52.53853° N, 111.45755° E, 950 m a.s.l.)
tion of the ice content in soils with respect to the ele-      characterizes the top of a heave mound. The plant
",10.1134_S1064229319090023.txt
profile:explicit_pit:42baf0061fc419af248b,site:springer:10.1134_S1064229320050105:text:raw:dms:l:0,65.71111111111111,130.16944444444442,reported,springer,springer:10.1134_S1064229320050105,,10.1134/S1064229320050105,,P-1,,,,,,Explicit pit label and author-reported coordinate in one source phrase.,"{""spatial_linkage"": ""explicit_labeled_pit_coordinate"", ""coordinate_candidate_id"": ""springer:10.1134_S1064229320050105:text:raw:dms:l:0""}
pit P-1, 1137 m a.s.l.,
ies from 0.15 to 1.8 m [27].                                                                                  65°42′40″ N, 130°10′10″ E). The soil profile consists of
    In accordance with geobotanical zoning [1], a sub-               ",10.1134_S1064229320050105.txt
profile:explicit_pit:4e04062c4307ea763238,site:springer:10.1134_S1064229319120147:text:raw:dms:l:0,65.37358333333333,60.77538888888889,reported,springer,springer:10.1134_S1064229319120147,,10.1134/S1064229319120147,,87-2012,,,,,,Explicit pit label and author-reported coordinate in one source phrase.,"{""spatial_linkage"": ""explicit_labeled_pit_coordinate"", ""coordinate_candidate_id"": ""springer:10.1134_S1064229319120147:text:raw:dms:l:0""}
pit 87-2012).                                             rocks with a considerable admixture of allochthonous
    Pit 83-2012, upper part of the riverine slope of 2°–   morainic material of more acidic composition.
3° (65°22′24.9″ N; 60°46′31.4″ E); dwarf shr",10.1134_S1064229319120147.txt
profile:explicit_pit:569dd3af3e3c14812f9f,site:springer:10.1134_S1064229324604116:text:raw:dms:l:0,67.22463888888889,65.47772222222223,reported,springer,springer:10.1134_S1064229324604116,,10.1134/S1064229324604116,,2,,,,,,Explicit pit label and author-reported coordinate in one source phrase.,"{""spatial_linkage"": ""explicit_labeled_pit_coordinate"", ""coordinate_candidate_id"": ""springer:10.1134_S1064229324604116:text:raw:dms:l:0""}
plot 2;              part of the ridge. Plot 6 is characterized by the cryo-
67°13′28.7″ N, 65°28′39.8″ E, 235 m a.s.l.) to the plateau      genic-spotty microrelief with bare areas (spots). The
in the upper part of the slope (plot 8; 67°13′33.3″ N,          p",10.1134_S1064229324604116.txt
profile:explicit_pit:5909f622d837483679f1,site:springer:10.1134_S1064229318010106:text:raw:ru_abbr:dms:3,69.7,32.46666666666667,reported,springer,springer:10.1134_S1064229318010106,,10.1134/S1064229318010106,,6,,,,,,Explicit pit label and author-reported coordinate in one source phrase.,"{""spatial_linkage"": ""explicit_labeled_pit_coordinate"", ""coordinate_candidate_id"": ""springer:10.1134_S1064229318010106:text:raw:ru_abbr:dms:3""}
point 6) and Rybachii (69°42′ N, 32°28′ E, point 5)                                thiocyanate) [19].
peninsulas. Mycobiota in the forest-tundra zone was                                    Index of species abundance was used to character-
studied in soils near",10.1134_S1064229318010106.txt
profile:explicit_pit:5fb9e5c5347a28ef8a0b,site:springer:10.1134_S1064229320030084:text:raw:dms:l:2,54.874722222222225,56.245555555555555,reported,springer,springer:10.1134_S1064229320030084,,10.1134/S1064229320030084,,1-2017,,,,,,Explicit pit label and author-reported coordinate in one source phrase.,"{""spatial_linkage"": ""explicit_labeled_pit_coordinate"", ""coordinate_candidate_id"": ""springer:10.1134_S1064229320030084:text:raw:dms:l:2""}
pit 1-2017), and (d) profile C–D (with pit 2-2017).


    Pit 2-2017 (Votikeevo-2 (urban settlement);                            This soil is classified as an urbistratified dark gray
54°52′29″ N, 56°14′44″ E). Right bank of the Ufa                        soil",10.1134_S1064229320030084.txt
profile:explicit_pit:6151b9ff03660624015e,site:springer:10.1134_S106422930603001X:text:raw:ru_abbr:dms:2,67.33333333333333,59.85,reported,springer,springer:10.1134_S106422930603001X,,,,31,,,,,,Explicit pit label and author-reported coordinate in one source phrase.,"{""spatial_linkage"": ""explicit_labeled_pit_coordinate"", ""coordinate_candidate_id"": ""springer:10.1134_S106422930603001X:text:raw:ru_abbr:dms:2""}
Pit 31 (67°20′ N, 59°51′ E) characterizes a peat gley               peat gley podbur increases, and the humus-illuvial hori-
podbur in a local depression under moss–lichen tundra                   zon is underlain by the gley horizon. With an increase
with dwa",springer_fulltext/10.1134_S106422930603001X.txt
profile:explicit_pit:6874d3a806a4a99e2ccd,site:springer:10.1134_S1064229319060127:text:raw:ru_abbr:dms:3,67.51666666666667,64.05,reported,springer,springer:10.1134_S1064229319060127,,10.1134/S1064229319060127,,1,,,,,,Explicit pit label and author-reported coordinate in one source phrase.,"{""spatial_linkage"": ""explicit_labeled_pit_coordinate"", ""coordinate_candidate_id"": ""springer:10.1134_S1064229319060127:text:raw:ru_abbr:dms:3""}
Plot 1 (67°31′ N, 64°03′ E). Perennial sown              moss-lichen tundra was situated on relatively levelled
meadow on a terrace has a forb–grassy communities            first terrace of the Vorkuta River. Microrelief was pre-
dominated by bluegrass (Poa pr",10.1134_S1064229319060127.txt
profile:explicit_pit:68d55fb1532022663555,site:springer:10.1134_S1064229318010106:text:raw:ru_abbr:dms:4,69.4,32.05,reported,springer,springer:10.1134_S1064229318010106,,10.1134/S1064229318010106,,7,,,,,,Explicit pit label and author-reported coordinate in one source phrase.,"{""spatial_linkage"": ""explicit_labeled_pit_coordinate"", ""coordinate_candidate_id"": ""springer:10.1134_S1064229318010106:text:raw:ru_abbr:dms:4""}
point 7), in the Zapadnaya Litsa River                                       Studied soils: Al-Fe-humus podzols under dwarf-
reaches (69°24′ N, 32°03′ E, point 4), and near Pech-                              shrub–green-moss pine forests. Al-Fe-humus soils
eng",10.1134_S1064229318010106.txt
profile:explicit_pit:68e986d31d81f0c92853,site:springer:10.1134_S1064229320050105:text:raw:dms:l:5,65.65027777777779,130.16777777777776,reported,springer,springer:10.1134_S1064229320050105,,10.1134/S1064229320050105,,P-15,,,,,,Explicit pit label and author-reported coordinate in one source phrase.,"{""spatial_linkage"": ""explicit_labeled_pit_coordinate"", ""coordinate_candidate_id"": ""springer:10.1134_S1064229320050105:text:raw:dms:l:5""}
Pit P-15 was described on the Sirilend’e River
clear; the boundary is wavy. The alluvial sediment is        floodplain, 700 m upstream (to the northwest) from
underlain by the buried peat litter horizon of a dark        the mouth (65°39′01″ N, 130°10′04″ E). T",10.1134_S1064229320050105.txt
profile:explicit_pit:69f5c0dcaac3ee4a2e8b,site:springer:10.1134_S1064229320050105:text:raw:dms:l:3,65.65,130.16805555555555,reported,springer,springer:10.1134_S1064229320050105,,10.1134/S1064229320050105,,P-11,,,,,,Explicit pit label and author-reported coordinate in one source phrase.,"{""spatial_linkage"": ""explicit_labeled_pit_coordinate"", ""coordinate_candidate_id"": ""springer:10.1134_S1064229320050105:text:raw:dms:l:3""}
pit P-11,
moss larch woodland, a raw-humus clay-illuviated               864 m a.s.l.; 65°39′00″ N, 130°10′05″ E; left bank of
lithozem (Dystric Skeletic Leptosol (Loamic) was               the Sirilend’e River near its mouth, steep (30°) slope
described in pi",10.1134_S1064229320050105.txt
profile:explicit_pit:6d3af41fc0455fd1ccf3,site:springer:10.1134_S1064229324601653:text:raw:strict:l:1,52.0414,41.1813,reported,springer,springer:10.1134_S1064229324601653,,10.1134/S1064229324601653,,2,,,,,,Explicit pit label and author-reported coordinate in one source phrase.,"{""spatial_linkage"": ""explicit_labeled_pit_coordinate"", ""coordinate_candidate_id"": ""springer:10.1134_S1064229324601653:text:raw:strict:l:1""}
pit 2, 52.0418° N,
pean Plain and extend east along the southern border          41.1807° E; pit 3, 52.0414° N, 41.1813° E). The loca-
of Siberia [13, 29]. The precipitation-to-evaporation         tion of the site and the location of moisture monitor-
ratio fo",10.1134_S1064229324601653.txt
profile:explicit_pit:6e52201ec3b473f35582,site:springer:10.1134_S1064229318010052:text:raw:ru_abbr:dms:1,53.2,103.3,reported,springer,springer:10.1134_S1064229318010052,,10.1134/S1064229318010052,,5,,,,,,Explicit pit label and author-reported coordinate in one source phrase.,"{""spatial_linkage"": ""explicit_labeled_pit_coordinate"", ""coordinate_candidate_id"": ""springer:10.1134_S1064229318010052:text:raw:ru_abbr:dms:1""}
Pit 5 was excavated on the plowed field near the        1 : 2.5 soil water suspensions.
settlement of Pozdeevo, 15 km to the northeast of
Cheremkhovo (53°12′ N, 103°18′ E); pit 8 was exca-
                                                                       ",10.1134_S1064229318010052.txt
profile:explicit_pit:6fe81ab6ca8a884ad874,site:springer:10.1134_S1064229322110114:text:raw:dms:l:0,50.1575,48.52583333333333,reported,springer,springer:10.1134_S1064229322110114,,10.1134/S1064229322110114,,0,,,,,,Explicit pit label and author-reported coordinate in one source phrase.,"{""spatial_linkage"": ""explicit_labeled_pit_coordinate"", ""coordinate_candidate_id"": ""springer:10.1134_S1064229322110114:text:raw:dms:l:0""}
site 0.3–0.5 km to                                      tools are represented by retouched plates with trape-
the north (50°09′27″ N, 48°31′33″ E). The uniqueness                                    zoids and segments and with end-scrapers on flakes
of these Ne",10.1134_S1064229322110114.txt
profile:explicit_pit:7941884ca7d5605713e5,site:springer:10.1134_S1064229318010106:text:raw:ru_abbr:dms:2,69.66666666666667,32.083333333333336,reported,springer,springer:10.1134_S1064229318010106,,10.1134/S1064229318010106,,2,,,,,,Explicit pit label and author-reported coordinate in one source phrase.,"{""spatial_linkage"": ""explicit_labeled_pit_coordinate"", ""coordinate_candidate_id"": ""springer:10.1134_S1064229318010106:text:raw:ru_abbr:dms:2""}
point 2)                               0.8 μm were used. Filters for fungi counting were
settlements and on the Srednii (69°40′ N, 32°05′ E,                                stained by acridine orange and FITC (fluorescein iso-
point 6) and Rybachii (69°42′ N, 3",10.1134_S1064229318010106.txt
profile:explicit_pit:7ab36504e629c2cd6f02,site:springer:10.1134_S1064229323601890:text:raw:degree_decimal_minutes:0,51.61363333333333,35.256483333333335,reported,springer,springer:10.1134_S1064229323601890,,10.1134/S1064229323601890,,LG-02-20,,,,,,Explicit pit label and author-reported coordinate in one source phrase.,"{""spatial_linkage"": ""explicit_labeled_pit_coordinate"", ""coordinate_candidate_id"": ""springer:10.1134_S1064229323601890:text:raw:degree_decimal_minutes:0""}
pit LG-02-20 (51°37.348′ N,
leaved maple (Acer negundo)—is widely spread on the                         35°15.847′ E), pit LG-03-20 (51°36.818′ N, 35°15.389′ E),
walls composed of a mixture of the material of back-                        and pit LG-06-20 (51°3",10.1134_S1064229323601890.txt
profile:explicit_pit:844f1fbaf5d4b52bdbc4,site:springer:10.1134_S1064229324604116:text:raw:dms:l:0,67.22463888888889,65.47772222222223,reported,springer,springer:10.1134_S1064229324604116,,10.1134/S1064229324604116,,6,,,,,,Explicit pit label and author-reported coordinate in one source phrase.,"{""spatial_linkage"": ""explicit_labeled_pit_coordinate"", ""coordinate_candidate_id"": ""springer:10.1134_S1064229324604116:text:raw:dms:l:0""}
Plot 6 is characterized by the cryo-
67°13′28.7″ N, 65°28′39.8″ E, 235 m a.s.l.) to the plateau      genic-spotty microrelief with bare areas (spots). The
in the upper part of the slope (plot 8; 67°13′33.3″ N,          plant cover is formed by sparse groups wi",10.1134_S1064229324604116.txt
profile:explicit_pit:88f34edb6bab6a883951,site:springer:10.1134_S1064229323601890:text:raw:degree_decimal_minutes:1,51.615033333333336,35.24855,reported,springer,springer:10.1134_S1064229323601890,,10.1134/S1064229323601890,,LG-06-20,,,,,,Explicit pit label and author-reported coordinate in one source phrase.,"{""spatial_linkage"": ""explicit_labeled_pit_coordinate"", ""coordinate_candidate_id"": ""springer:10.1134_S1064229323601890:text:raw:degree_decimal_minutes:1""}
pit LG-06-20 (51°36.902′ N, 35°14.913′ E)
ground natural chernozems and loess-like loam                               include clearly defined dark gray (10YR 3/2) or
extracted from checks during their construction. Soils                      brownish-dark gray",10.1134_S1064229323601890.txt
profile:explicit_pit:8940e670287c44dd127d,site:springer:10.1134_S1064229320030084:text:raw:dms:l:2,54.874722222222225,56.245555555555555,reported,springer,springer:10.1134_S1064229320030084,,10.1134/S1064229320030084,,2-2017,,,,,,Explicit pit label and author-reported coordinate in one source phrase.,"{""spatial_linkage"": ""explicit_labeled_pit_coordinate"", ""coordinate_candidate_id"": ""springer:10.1134_S1064229320030084:text:raw:dms:l:2""}
Pit 2-2017 (Votikeevo-2 (urban settlement);                            This soil is classified as an urbistratified dark gray
54°52′29″ N, 56°14′44″ E). Right bank of the Ufa                        soil.
River; broadleaved forest (maple, alder) with tree
branc",10.1134_S1064229320030084.txt
profile:explicit_pit:8b66a44748feaec1028b,site:springer:10.1134_S1064229319090023:text:raw:dms:l:1,52.53830555555555,111.03869444444445,reported,springer,springer:10.1134_S1064229319090023,,10.1134/S1064229319090023,,2,,,,,,Explicit pit label and author-reported coordinate in one source phrase.,"{""spatial_linkage"": ""explicit_labeled_pit_coordinate"", ""coordinate_candidate_id"": ""springer:10.1134_S1064229319090023:text:raw:dms:l:1""}
plot 2 (EP2, Figs. 4c and 4d).             the depression in place of the dried up lake. The plant
                                                              cover is nonuniform and thin. The projective cover is
    Pit B4R2 (52°32′17.9″ N, 111°2′19.3″ E, 9",10.1134_S1064229319090023.txt
profile:explicit_pit:906d07c92a5f2136bb1f,site:springer:10.1134_S106422931912007X:text:raw:dms:l:1,54.88188888888889,111.00238888888889,reported,springer,springer:10.1134_S106422931912007X,,10.1134/S106422931912007X,,RF-1-4,,,,,,Explicit pit label and author-reported coordinate in one source phrase.,"{""spatial_linkage"": ""explicit_labeled_pit_coordinate"", ""coordinate_candidate_id"": ""springer:10.1134_S106422931912007X:text:raw:dms:l:1""}
Pit RF-1-4 (54°52′54.8″ N, 111°00′08.6″ E), 5–
population for balneological purposes. Water has a         7 m from the eastern end of trench RF-1-8 characterizes
strong odor of hydrogen sulfide; the temperature var-      the soil within the elevated and relati",10.1134_S106422931912007X.txt
profile:explicit_pit:9510e816d628da3323de,site:springer:10.1134_S1064229325602392:text:raw:dms:l:0,67.22413888888889,65.64544444444445,reported,springer,springer:10.1134_S1064229325602392,,10.1134/S1064229325602392,,2-KPU,,,,,,Explicit pit label and author-reported coordinate in one source phrase.,"{""spatial_linkage"": ""explicit_labeled_pit_coordinate"", ""coordinate_candidate_id"": ""springer:10.1134_S1064229325602392:text:raw:dms:l:0""}
Pit 2-KPU (67°13′26.9″ N; 65°38′43.6″ E) is laid               Pit 1-KPU is laid in the inter-sinkhole space
10 m from sinkhole II on a flat surface. The plant             under the dwarf-birch–moss community. The area
cover is characterized as herbaceous–dwar",10.1134_S1064229325602392.txt
profile:explicit_pit:a9c2128e7b817843682a,site:springer:10.1134_S1064229323601361:text:raw:degree_decimal_minutes_cardinal:1,52.03095,108.42001666666667,reported,springer,springer:10.1134_S1064229323601361,,10.1134/S1064229323601361,,13,,,,,,Explicit pit label and author-reported coordinate in one source phrase.,"{""spatial_linkage"": ""explicit_labeled_pit_coordinate"", ""coordinate_candidate_id"": ""springer:10.1134_S1064229323601361:text:raw:degree_decimal_minutes_cardinal:1""}
Pit 13 (554 m a.s.l., 52°01.857′ N, 108°25.201′ E)
are most common in the dry-steppe zone of Western                was laid 200 m to the west of pit 14 under a cheegrass–
Transbaikalia [31].                                              forb community. The soi",10.1134_S1064229323601361.txt
profile:explicit_pit:afbbb0f084bc48c089ea,site:springer:10.1134_S1064229324602099:text:raw:dms:l:3,67.22463888888889,65.6443888888889,reported,springer,springer:10.1134_S1064229324602099,,10.1134/S1064229324602099,,1-PU,,,,,,Explicit pit label and author-reported coordinate in one source phrase.,"{""spatial_linkage"": ""explicit_labeled_pit_coordinate"", ""coordinate_candidate_id"": ""springer:10.1134_S1064229324602099:text:raw:dms:l:3""}
Pit 1-PU (67°13′28.7″ N; 65°38′39.8″ E; 235 m a.s.l.)
limestone. According to [33], this is a residual-calcar-     is located in the lower part of a gentle slope. The veg-
eous mucky–dark-humus cryometamorphic soil;                  etation cover represent a s",10.1134_S1064229324602099.txt
profile:explicit_pit:b89271f95bd52ab1235e,site:springer:10.1134_S1064229324602099:text:raw:dms:l:2,67.22519444444444,65.6341388888889,reported,springer,springer:10.1134_S1064229324602099,,10.1134/S1064229324602099,,5-PU,,,,,,Explicit pit label and author-reported coordinate in one source phrase.,"{""spatial_linkage"": ""explicit_labeled_pit_coordinate"", ""coordinate_candidate_id"": ""springer:10.1134_S1064229324602099:text:raw:dms:l:2""}
Pit 5-PU (67°13′30.70″ N; 65°38′2.90″ E;
a.s.l.) characterizes the soil formed in the autonomous
                                                             245 m .s.l.) is located in a concave (U-shaped hollow)
eluvial position on top of the ridge under the ",10.1134_S1064229324602099.txt
profile:explicit_pit:ba5ce181c91e54569f5d,site:springer:10.1134_S1064229325602409:text:raw:dms:l:1,66.11446388888888,76.64954166666668,reported,springer,springer:10.1134_S1064229325602409,,10.1134/S1064229325602409,,12-18,,,,,,Explicit pit label and author-reported coordinate in one source phrase.,"{""spatial_linkage"": ""explicit_labeled_pit_coordinate"", ""coordinate_candidate_id"": ""springer:10.1134_S1064229325602409:text:raw:dms:l:1""}
pit 12-18 at a distance of 0.3 km to the west                         in the Sedeyakha River valley. The structures are
(66°06′52.07″ N, 76°38′58.35″ E) of pit 11-18; pits 13-18             more completely represented in the latter due to the
and 14-18 on the ",10.1134_S1064229325602409.txt
profile:explicit_pit:c49d2fb12ebd46677fcf,site:springer:10.1134_S1064229315060071:text:raw:dms:l:0,66.62777777777777,57.132222222222225,reported,springer,springer:10.1134_S1064229315060071,,10.1134/S1064229315060071,,20,,,,,,Explicit pit label and author-reported coordinate in one source phrase.,"{""spatial_linkage"": ""explicit_labeled_pit_coordinate"", ""coordinate_candidate_id"": ""springer:10.1134_S1064229315060071:text:raw:dms:l:0""}
site 20
chemicals and oiloxidizing biopreparations; to assess                                (Vozeiskoe oil field; 66°37′40″ N, 57°07′56″ E) within
a coupled character of secondary successions of the                                   the Lukoil–Usinskneftegaz",10.1134_S1064229315060071.txt
profile:explicit_pit:c89229e3942e4de31101,site:springer:10.1134_S1064229319090023:text:raw:strict:l:1,52.47092,111.62795,reported,springer,springer:10.1134_S1064229319090023,,10.1134/S1064229319090023,,T1,,,,,,Explicit pit label and author-reported coordinate in one source phrase.,"{""spatial_linkage"": ""explicit_labeled_pit_coordinate"", ""coordinate_candidate_id"": ""springer:10.1134_S1064229319090023:text:raw:strict:l:1""}
Pit T1R2 (52.47092° N, 111.62795° E, 945 m a.s.l.).           Pit B5R2 (52°43′39.7″ N, 111°49′09.3″ Е, 956 m a.s.l.),
A microlow with mesophytic and hygromesophytic                center of a heave mound. Grass–forb–wormwood
vegetation: Carex parallela subsp. ",10.1134_S1064229319090023.txt
profile:explicit_pit:cbbb338c250fec0b6106,site:springer:10.1134_S1064229325602409:text:raw:dms:l:0,66.11068611111111,76.65715277777778,reported,springer,springer:10.1134_S1064229325602409,,10.1134/S1064229325602409,,11-18,,,,,,Explicit pit label and author-reported coordinate in one source phrase.,"{""spatial_linkage"": ""explicit_labeled_pit_coordinate"", ""coordinate_candidate_id"": ""springer:10.1134_S1064229325602409:text:raw:dms:l:0""}
pit 11-18 on a mound (66°06′38.47″ N, 76°39′25.75″ E);                along which, this terrace is associated with the terrace
pit 12-18 at a distance of 0.3 km to the west                         in the Sedeyakha River valley. The structures are
(66°06′52.07″",10.1134_S1064229325602409.txt
profile:explicit_pit:d0b36948291ba6969cf8,site:springer:10.1134_S1064229319090023:text:raw:strict:l:1,52.47092,111.62795,reported,springer,springer:10.1134_S1064229319090023,,10.1134/S1064229319090023,,T1R,,,,,,Explicit pit label and author-reported coordinate in one source phrase.,"{""spatial_linkage"": ""explicit_labeled_pit_coordinate"", ""coordinate_candidate_id"": ""springer:10.1134_S1064229319090023:text:raw:strict:l:1""}
Pit T1R2 (52.47092° N, 111.62795° E, 945 m a.s.l.).           Pit B5R2 (52°43′39.7″ N, 111°49′09.3″ Е, 956 m a.s.l.),
A microlow with mesophytic and hygromesophytic                center of a heave mound. Grass–forb–wormwood
vegetation: Carex parallela subsp. ",10.1134_S1064229319090023.txt
profile:explicit_pit:d11037ecc22a9f24cb53,site:springer:10.1134_S1064229322602578:text:raw:dms:l:1,66.95413888888889,65.49283333333334,reported,springer,springer:10.1134_S1064229322602578,,10.1134/S1064229322602578,,7,,,,,,Explicit pit label and author-reported coordinate in one source phrase.,"{""spatial_linkage"": ""explicit_labeled_pit_coordinate"", ""coordinate_candidate_id"": ""springer:10.1134_S1064229322602578:text:raw:dms:l:1""}
Pit 7 was laid out on the plateau-like top of the          Polar and Northern Urals [11, 26, 39] and in other
Ray-Iz Ridge (66°57′14.9″ N, 65°29′34.2″ E). More              mountainous regions [4, 24, 27, 43]. In pit 8, in the
than 98% of the surface is covere",10.1134_S1064229322602578.txt
profile:explicit_pit:d2dd6a3c5898fab414f8,site:springer:10.1134_S1064229318010106:text:raw:ru_abbr:dms:7,67.55,32.166666666666664,reported,springer,springer:10.1134_S1064229318010106,,10.1134/S1064229318010106,,9,,,,,,Explicit pit label and author-reported coordinate in one source phrase.,"{""spatial_linkage"": ""explicit_labeled_pit_coordinate"", ""coordinate_candidate_id"": ""springer:10.1134_S1064229318010106:text:raw:ru_abbr:dms:7""}
point 9), and Kovdor (67°33′ N, 32°10′ E, point 10)                                Podzols) with a profile О-BHF-C; dry peat soil (Folic
districts.                                                                         Histosol); low-moor peat soil (Sapric Hi",10.1134_S1064229318010106.txt
profile:explicit_pit:d40c6c4b4c2494c3a548,site:springer:10.1134_S106422932260169X:text:raw:strict:l:0,53.122525,104.884196,reported,springer,springer:10.1134_S106422932260169X,,10.1134/S106422932260169X,,7-02I,,,,,,Explicit pit label and author-reported coordinate in one source phrase.,"{""spatial_linkage"": ""explicit_labeled_pit_coordinate"", ""coordinate_candidate_id"": ""springer:10.1134_S106422932260169X:text:raw:strict:l:0""}
Pit 7-02I was              its gazha horizon is associated with water (alluvial and
studied on the first terrace of the Kuda River (Fig. 2b),      deluvial) transport and subsequent deposition of gyp-
53.122525 N; 104.884196 E. The soil was formed on          ",10.1134_S106422932260169X.txt
profile:explicit_pit:d75ad30aa057e0713427,site:springer:10.1134_S1064229319090023:text:raw:strict:l:1,52.47092,111.62795,reported,springer,springer:10.1134_S1064229319090023,,10.1134/S1064229319090023,,3,,,,,,Explicit pit label and author-reported coordinate in one source phrase.,"{""spatial_linkage"": ""explicit_labeled_pit_coordinate"", ""coordinate_candidate_id"": ""springer:10.1134_S1064229319090023:text:raw:strict:l:1""}
plot 3 (EP3, Figs. 4e and 4f)
    Pit T1R2 (52.47092° N, 111.62795° E, 945 m a.s.l.).           Pit B5R2 (52°43′39.7″ N, 111°49′09.3″ Е, 956 m a.s.l.),
A microlow with mesophytic and hygromesophytic                center of a heave mound. Grass–forb–wormwood
v",10.1134_S1064229319090023.txt
profile:explicit_pit:dc2598fdfa5d3eddec6d,site:springer:10.1134_S1064229324602099:text:raw:dms:l:3,67.22463888888889,65.6443888888889,reported,springer,springer:10.1134_S1064229324602099,,10.1134/S1064229324602099,,7-PU,,,,,,Explicit pit label and author-reported coordinate in one source phrase.,"{""spatial_linkage"": ""explicit_labeled_pit_coordinate"", ""coordinate_candidate_id"": ""springer:10.1134_S1064229324602099:text:raw:dms:l:3""}
pit 7-PU.
45 cm, the soil profile is underlain by hard marbled             Pit 1-PU (67°13′28.7″ N; 65°38′39.8″ E; 235 m a.s.l.)
limestone. According to [33], this is a residual-calcar-     is located in the lower part of a gentle slope. The veg-
eous mucky–da",10.1134_S1064229324602099.txt
profile:explicit_pit:e08aa9fa3400dc3de27b,site:springer:10.1134_S106422930603001X:text:raw:ru_abbr:dms:2,67.33333333333333,59.85,reported,springer,springer:10.1134_S106422930603001X,,,,28,,,,,,Explicit pit label and author-reported coordinate in one source phrase.,"{""spatial_linkage"": ""explicit_labeled_pit_coordinate"", ""coordinate_candidate_id"": ""springer:10.1134_S106422930603001X:text:raw:ru_abbr:dms:2""}
pit 28), the thickness of the organic (peat) layer in the
    Pit 31 (67°20′ N, 59°51′ E) characterizes a peat gley               peat gley podbur increases, and the humus-illuvial hori-
podbur in a local depression under moss–lichen tundra                   z",springer_fulltext/10.1134_S106422930603001X.txt
profile:explicit_pit:e0b3b61e6c0130293716,site:springer:10.1134_S1064229318010106:text:raw:ru_abbr:dms:1,69.46666666666667,31.466666666666665,reported,springer,springer:10.1134_S1064229318010106,,10.1134/S1064229318010106,,1,,,,,,Explicit pit label and author-reported coordinate in one source phrase.,"{""spatial_linkage"": ""explicit_labeled_pit_coordinate"", ""coordinate_candidate_id"": ""springer:10.1134_S1064229318010106:text:raw:ru_abbr:dms:1""}
point 1                              membrane filters Nucleopor Black with pore diameter
in Fig. 1) and Titovka (69°28′ N, 31°28′ E, point 2)                               0.8 μm were used. Filters for fungi counting were
settlements and on the Srednii (69°40′",10.1134_S1064229318010106.txt
profile:explicit_pit:e0fb873fb544adbaa6e8,site:springer:10.1134_S1064229322040093:text:raw:dms:l:0,60.87277777777778,89.40444444444445,reported,springer,springer:10.1134_S1064229322040093,,10.1134/S1064229322040093,,FHS1,,,,,,Explicit pit label and author-reported coordinate in one source phrase.,"{""spatial_linkage"": ""explicit_labeled_pit_coordinate"", ""coordinate_candidate_id"": ""springer:10.1134_S1064229322040093:text:raw:dms:l:0""}
Plot FHS1 was situated on oligotrophic edge of aapa
carbon (Cmic, %) to the total organic matter was calcu-     bog in a wide depression in the Dubches–Khoiba inter-
lated as Сmic (%) × 100/Сorg.                               fluve (60°52′22″ N; 89°24′16″ E; 6",10.1134_S1064229322040093.txt
profile:explicit_pit:e12df765d1d202abd84f,site:springer:10.1134_S1064229325602409:text:raw:dms:l:2,66.1321611111111,76.6033861111111,reported,springer,springer:10.1134_S1064229325602409,,10.1134/S1064229325602409,,13-18,,,,,,Explicit pit label and author-reported coordinate in one source phrase.,"{""spatial_linkage"": ""explicit_labeled_pit_coordinate"", ""coordinate_candidate_id"": ""springer:10.1134_S1064229325602409:text:raw:dms:l:2""}
pit 13-18 on a                   ference between the studied sites along the meridian
mound (66°07′55.78″ N, 76°36′12.19″ E); pit 14-18 at a                is only half a degree. Since the structure of the terrace
distance of 5 m from it in a depression (66°07",10.1134_S1064229325602409.txt
profile:explicit_pit:e4c18306349e8dc13232,site:springer:10.1134_S1064229319040082:text:raw:dms:l:2,52.130833333333335,106.91783333333333,reported,springer,springer:10.1134_S1064229319040082,,10.1134/S1064229319040082,,14D-11,,,,,,Explicit pit label and author-reported coordinate in one source phrase.,"{""spatial_linkage"": ""explicit_labeled_pit_coordinate"", ""coordinate_candidate_id"": ""springer:10.1134_S1064229319040082:text:raw:dms:l:2""}
Pit 14D-11 (52°07′51″ N; 106°55′4.2″ E) was exca-
Carex pediformis, Calamagrostis epigejos, Artemisia
                                                              vated 100 m away from pit 13D-11 on the plot sub-
mongolica) with dwarf shrubs (Vaccinium vitis-",10.1134_S1064229319040082.txt
profile:explicit_pit:e8c288fda5ad494a5fe3,site:springer:10.1134_S1064229318020059:text:raw:dms:l:4,43.05638888888888,131.55916666666667,reported,springer,springer:10.1134_S1064229318020059,,10.1134/S1064229318020059,,54,,,,,,Explicit pit label and author-reported coordinate in one source phrase.,"{""spatial_linkage"": ""explicit_labeled_pit_coordinate"", ""coordinate_candidate_id"": ""springer:10.1134_S1064229318020059:text:raw:dms:l:4""}
Pit 54 was studied on a flat coastal plain slightly     found their adequate place in the new classification
inclined toward the sea to the northwest of the Tsap-       system of Russian soils [13, 23].
lich’ya Lagoon (43°3′23″ N, 131°33′33″ E, 15 m a.s.l.)   ",10.1134_S1064229318020059.txt
profile:explicit_pit:ef0591df3f38a627c8a2,site:springer:10.1134_S1064229324601653:text:raw:strict:l:1,52.0414,41.1813,reported,springer,springer:10.1134_S1064229324601653,,10.1134/S1064229324601653,,3,,,,,,Explicit pit label and author-reported coordinate in one source phrase.,"{""spatial_linkage"": ""explicit_labeled_pit_coordinate"", ""coordinate_candidate_id"": ""springer:10.1134_S1064229324601653:text:raw:strict:l:1""}
pit 3, 52.0414° N, 41.1813° E). The loca-
of Siberia [13, 29]. The precipitation-to-evaporation         tion of the site and the location of moisture monitor-
ratio for forest-steppe soils is 1, and small deviations in   ing points were determined by digitizin",10.1134_S1064229324601653.txt
profile:explicit_pit:f459102ae9016e6f8820,site:springer:10.1134_S1064229319040082:text:raw:dms:l:2,52.130833333333335,106.91783333333333,reported,springer,springer:10.1134_S1064229319040082,,10.1134/S1064229319040082,,14,,,,,,Explicit pit label and author-reported coordinate in one source phrase.,"{""spatial_linkage"": ""explicit_labeled_pit_coordinate"", ""coordinate_candidate_id"": ""springer:10.1134_S1064229319040082:text:raw:dms:l:2""}
Pit 14D-11 (52°07′51″ N; 106°55′4.2″ E) was exca-
Carex pediformis, Calamagrostis epigejos, Artemisia
                                                              vated 100 m away from pit 13D-11 on the plot sub-
mongolica) with dwarf shrubs (Vaccinium vitis-",10.1134_S1064229319040082.txt
profile:explicit_pit:fe96ffad7e794c3efe91,site:springer:10.1134_S1064229319110036:text:raw:ru_abbr:dms:4,62.15,130.63333333333333,reported,springer,springer:10.1134_S1064229319110036,,10.1134/S1064229319110036,,5,,,,,,Explicit pit label and author-reported coordinate in one source phrase.,"{""spatial_linkage"": ""explicit_labeled_pit_coordinate"", ""coordinate_candidate_id"": ""springer:10.1134_S1064229319110036:text:raw:ru_abbr:dms:4""}
Plot 5 (62°09′ N, 130°38′ E, 70 m south of Ynakh           accompanied by a slight decrease in precipitation.
alas). Flat surface slightly inclined towards the alas            Snow cover has a significant impact on climate of
basin; hummocky microtopography; t",10.1134_S1064229319110036.txt
profile:explicit_pit:fe99d51a279389ea1eb1,site:springer:10.1134_S1064229314050172:text:raw:ru_abbr:dms:1,46.766666666666666,134.26666666666668,reported,springer,springer:10.1134_S1064229314050172,,10.1134/S1064229314050172,,20,,,,,,Explicit pit label and author-reported coordinate in one source phrase.,"{""spatial_linkage"": ""explicit_labeled_pit_coordinate"", ""coordinate_candidate_id"": ""springer:10.1134_S1064229314050172:text:raw:ru_abbr:dms:1""}
Pit 2008 (46°46′ N, 134°16′ E;   Alnaster sp. were identified. This attested to the simi
53 m a.s.l.) was set on the high floodplain of the right    larity of the conditions in the period of formation of
                                                      ",10.1134_S1064229314050172.txt
profile:prose:01aa505f007431428cd2,site:springer:10.1134_S1064229320080025:crop:10.1134_S1064229320080025_p002_t01_part01:ocr_markdown:raw:ocr_coord:decimal:0,47.27745,39.32705,reported,springer,springer:10.1134_S1064229320080025,,10.1134/S1064229320080025,,,,,chernozem,WRB,,Prose profile descriptor linked at document level because this document contains one reported Russian coordinate; it is not a row-level or independently surveyed pit coordinate.,"{""profile_candidate_id"": ""springer:10.1134_S1064229320080025:text:raw:p:soil:19"", ""spatial_linkage"": ""document_single_reported_coordinate""}
2-m layers of the soil under 86-year-old plot.              and with the crop as well as with the compaction of the     The Ccarb stock is the highest over the 2-m profile in      chernozem topsoil by heavy vehicles. The soil conver- the plowed plot and in 14-year-old plot (500 t/ha),             sion to an idle state as well as overgrowing by vegeta- whereas close and concurrently lowest values (about    ",10.1134_S1064229320080025.txt
profile:prose:0233efcb381b5accd0a1,site:springer:10.1134_S1064229319020133:text:raw:ru_abbr:dms:0,61.833333333333336,57.71666666666667,reported,springer,springer:10.1134_S1064229319020133,,10.1134/S1064229319020133,,,,,podzolic,WRB,,Prose profile descriptor linked at document level because this document contains one reported Russian coordinate; it is not a row-level or independently surveyed pit coordinate.,"{""profile_candidate_id"": ""springer:10.1134_S1064229319020133:text:raw:p:soil:1"", ""spatial_linkage"": ""document_single_reported_coordinate""}
he overwhelming majority        where the fires occurred 70 (2 SP) and >500 (5 SP) of studies on the assessment of postfire changes in for-     years ago. Under these communities, podzolic soils est soils were carried out in light coniferous forests,      are formed with a microprofile of podzol, having the which are distinguished by greater susceptibility to         O—EL[e–hf]—BEL—BT—C profile, and gleyi",10.1134_S1064229319020133.txt
profile:prose:04063f1a7ea590c3e694,site:springer:10.1134_S1064229325604378:text:raw:strict:l:0,54.83377,37.568915,reported,springer,springer:10.1134_S1064229325604378,,10.1134/S1064229325604378,,,,,,,fallow,Prose profile descriptor linked at document level because this document contains one reported Russian coordinate; it is not a row-level or independently surveyed pit coordinate.,"{""profile_candidate_id"": ""springer:10.1134_S1064229325604378:text:raw:p:land:83"", ""spatial_linkage"": ""document_single_reported_coordinate""}
pper organomineral part of the soil profile) 50 years lation plot. With the clustered pattern of both birch                                        after the start of overgrowth of fallow soil with birch or and pine, the calculated mean values for changes in                                          pine indicate a positive balance for all considered Corg stocks are positive, but there are cells with a ne",10.1134_S1064229325604378.txt
profile:prose:05bb36d9a2cc218ca168,site:springer:10.1134_S1064229321040037:text:raw:dms:l:0,56.13377777777778,37.80188888888889,reported,springer,springer:10.1134_S1064229321040037,,10.1134/S1064229321040037,,,,,podzolic,WRB,,Prose profile descriptor linked at document level because this document contains one reported Russian coordinate; it is not a row-level or independently surveyed pit coordinate.,"{""profile_candidate_id"": ""springer:10.1134_S1064229321040037:text:raw:p:soil:34"", ""spatial_linkage"": ""document_single_reported_coordinate""}
    (b)                                     (c)           1           2           3           4       Fig. 5. Segmentation, fragments of tomographic slices: (1) P horizon of soddy-podzolic soil; (2) AUe horizon of dark-gray soil;   (3) urban soil, urbic horizon; and (4) typical chernozem, permanent tilled fallow.                                                                       EURASIAN SOIL SCIENCE  ",10.1134_S1064229321040037.txt
profile:prose:0bb62b11d13ab13ebb24,site:springer:10.1134_S1064229318020102:text:raw:dms:l:0,56.098333333333336,37.82416666666667,reported,springer,springer:10.1134_S1064229318020102,,10.1134/S1064229318020102,,,,,solonetz,WRB,,Prose profile descriptor linked at document level because this document contains one reported Russian coordinate; it is not a row-level or independently surveyed pit coordinate.,"{""profile_candidate_id"": ""springer:10.1134_S1064229318020102:text:raw:p:soil:9"", ""spatial_linkage"": ""document_single_reported_coordinate""}
erials [21]. The                   podzolic soil > the humus horizon of chernozem > the experiment included three, six, and nine freezing                     solonetzic horizon of solonetz. cycles at temperatures of –4 and –18°С. As a result,                      The diversity of published works attests to consider- the total content of water-stable aggregates decreased                able interest of res",10.1134_S1064229318020102.txt
profile:prose:0c69307d0408298c5157,site:springer:10.1134_S1064229318020102:text:raw:dms:l:0,56.098333333333336,37.82416666666667,reported,springer,springer:10.1134_S1064229318020102,,10.1134/S1064229318020102,,,,,chernozem,WRB,,Prose profile descriptor linked at document level because this document contains one reported Russian coordinate; it is not a row-level or independently surveyed pit coordinate.,"{""profile_candidate_id"": ""springer:10.1134_S1064229318020102:text:raw:p:soil:8"", ""spatial_linkage"": ""document_single_reported_coordinate""}
oils                   objects was established: the BT horizon of soddy- developed from different parent materials [21]. The                   podzolic soil > the humus horizon of chernozem > the experiment included three, six, and nine freezing                     solonetzic horizon of solonetz. cycles at temperatures of –4 and –18°С. As a result,                      The diversity of published works atte",10.1134_S1064229318020102.txt
profile:prose:0e1f73f930c23210a995,site:springer:10.1134_S106422931702003X:text:raw:degree_decimal_minutes:0,51.5,107.58333333333333,reported,springer,springer:10.1134_S106422931702003X,,10.1134/S106422931702003X,,,,,chernozem,WRB,,Prose profile descriptor linked at document level because this document contains one reported Russian coordinate; it is not a row-level or independently surveyed pit coordinate.,"{""profile_candidate_id"": ""springer:10.1134_S106422931702003X:text:raw:p:soil:0"", ""spatial_linkage"": ""document_single_reported_coordinate""}
of the Nadeino section.                                                    buried soil is one of the evidences for their diagenetic     Soil I can be classified as a clay-illuvial chernozem           nature [22]. Therefore, the maximum content of car- ([AU(ca,lc)]–BIyu(ca,mc)–BCAnc). It was formed                      bonates in the upper part of the humus horizon is under the conditions of stabilization o",10.1134_S106422931702003X.txt
profile:prose:0eb7c953aed7ee69b4df,site:springer:10.1134_S1064229319020133:text:raw:ru_abbr:dms:0,61.833333333333336,57.71666666666667,reported,springer,springer:10.1134_S1064229319020133,,10.1134/S1064229319020133,,,,,,,forest,Prose profile descriptor linked at document level because this document contains one reported Russian coordinate; it is not a row-level or independently surveyed pit coordinate.,"{""profile_candidate_id"": ""springer:10.1134_S1064229319020133:text:raw:p:land:12"", ""spatial_linkage"": ""document_single_reported_coordinate""}
 in the spruce–pine forests deeper than 2 m. In           pubescens, and Populus tremula L. The characteristics these conditions, illuvial–humus podzols are formed          of the forest stands in some studied communities are under the dark coniferous forests having the O—E—            given in Table 1. BH—(BF)—C profile. These are unsaturated, shal-                  The main dominants of the grass–dwar",10.1134_S1064229319020133.txt
profile:prose:1027eaae2dc5f6900dc6,site:springer:10.1134_S1064229325603841:text:raw:dms:l:1,59.32833333333333,37.687777777777775,reported,springer,springer:10.1134_S1064229325603841,,10.1134/S1064229325603841,,,,,,,forest,Prose profile descriptor linked at document level because this document contains one reported Russian coordinate; it is not a row-level or independently surveyed pit coordinate.,"{""profile_candidate_id"": ""springer:10.1134_S1064229325603841:text:raw:p:land:150"", ""spatial_linkage"": ""document_single_reported_coordinate""}
munities and the formation overgrowing of arable land, various forbs and grasses       of forest vegetation. At the same time, the formation of in the ground cover are replaced by forest plants char-     forest vegetation determines significant changes in acteristic of this natural-climatic zone, and this is       carbon stocks in the forming litter horizon and in the accompanied by a decrease in produc",10.1134_S1064229325603841.txt
profile:prose:11a26f73a8bbcbe74e12,site:springer:10.1134_S1064229324602105:text:raw:strict:l:0,56.112,38.371,reported,springer,springer:10.1134_S1064229324602105,,10.1134/S1064229324602105,,,,,Retisol,WRB,,Prose profile descriptor linked at document level because this document contains one reported Russian coordinate; it is not a row-level or independently surveyed pit coordinate.,"{""profile_candidate_id"": ""springer:10.1134_S1064229324602105:text:raw:p:soil:17"", ""spatial_linkage"": ""document_single_reported_coordinate""}
d soil, Dystric Albic Stagnic Gleyic Histic Retisol;              physical clay content in the illuvial part of soil profile:      ko, contact-bleached soil, Dystric Albic Stagnic Retisol;                (1) loamy sands and sandy loams, (2) loams and clayey      y, glossy soil, Dystric Albic Gleyic Glossic Retisol;      U, soddy gleyic podzolic soil of medium thickness, Dys-                  loams.      ",10.1134_S1064229324602105.txt
profile:prose:15824e3033454eac2852,site:springer:10.1134_S1064229318120049:text:raw:dms:l:0,51.850500000000004,45.410444444444444,reported,springer,springer:10.1134_S1064229318120049,,10.1134/S1064229318120049,,,,,chernozemic,WRB,,Prose profile descriptor linked at document level because this document contains one reported Russian coordinate; it is not a row-level or independently surveyed pit coordinate.,"{""profile_candidate_id"": ""springer:10.1134_S1064229318120049:text:raw:p:soil:5"", ""spatial_linkage"": ""document_single_reported_coordinate""}
oil surface in 1963 and located at depths of 21– vated slopes of the “Srednyaya” dry valley catchment,        24 m, were detected only in profiles I and III, integrated samples of chernozemic soil were taken by a       although they were partially eroded. In profile II, the sampler at a depth of 0–30 cm in three transversal pro-      1963 peak cannot be identified; it apparently was files in the different pa",10.1134_S1064229318120049.txt
profile:prose:16106b904adc3e0ea52c,site:springer:10.1134_S1064229325602495:text:raw:strict:l:3,67.908,57.6542,reported,springer,springer:10.1134_S1064229325602495,,10.1134/S1064229325602495,,,,,podzolic,WRB,,Prose profile descriptor linked at document level because this document contains one reported Russian coordinate; it is not a row-level or independently surveyed pit coordinate.,"{""profile_candidate_id"": ""springer:10.1134_S1064229325602495:text:raw:p:soil:26"", ""spatial_linkage"": ""document_single_reported_coordinate""}
i-      terns are formed due to irregular cryoturbation leading zon (30–37 cm in thickness) and a light-colored                to sporadic frost heaving, followed by wind and snow podzolic horizon which develops above the waterproof           abrasion of the vegetation cover and the litter-peat permafrost table at a depth of 30–50 cm are formed.            horizon on elevated areas [5, 19, 45]. High grazi",10.1134_S1064229325602495.txt
profile:prose:1635491cd51e2630c3cd,site:springer:10.1134_S1064229316100033:text:raw:dms:l:0,51.14694444444444,36.43,reported,springer,springer:10.1134_S1064229316100033,,10.1134/S1064229316100033,,,,,chernozem,WRB,,Prose profile descriptor linked at document level because this document contains one reported Russian coordinate; it is not a row-level or independently surveyed pit coordinate.,"{""profile_candidate_id"": ""springer:10.1134_S1064229316100033:text:raw:p:soil:13"", ""spatial_linkage"": ""document_single_reported_coordinate""}
all studied horizons. The     The specific heat capacity of dry samples at 25°С         most abrupt increase was observed in the water con- varied within the profile of the virgin chernozem from        tents range from 0.1 to 0.3 cm3/cm3, i.e. in the range of 0.86 to 0.92 J/(g K). The highest value (0.92 J/(g K))        presumably highest mobility of soil moisture. At the was obtained for the upper part of",10.1134_S1064229316100033.txt
profile:prose:19ac61401f5b1b3e22f1,site:springer:10.1134_S1064229314090063:text:raw:strict:l:0,53.231,49.322,reported,springer,springer:10.1134_S1064229314090063,,10.1134/S1064229314090063,,,,,chernozem,WRB,,Prose profile descriptor linked at document level because this document contains one reported Russian coordinate; it is not a row-level or independently surveyed pit coordinate.,"{""profile_candidate_id"": ""springer:10.1134_S1064229314090063:text:raw:p:soil:72"", ""spatial_linkage"": ""document_single_reported_coordinate""}
econd, the climatic conditions of Saransk (Table 1; profiles V149 and V150). Quasig           the region, together with the low infiltration capacity leyed vertic clayilluvial chernozem [27, 46] is devel        of the clayey sediments, ensure the contrasting water oped from the Quaternary brown clayey sediments                regime of the soils in concave elements of the local derived from the redepo",10.1134_S1064229314090063.txt
profile:prose:1a707d50601c8c0b9ba2,site:springer:10.1134_S1064229325602392:text:raw:dms:l:0,67.22413888888889,65.64544444444445,reported,springer,springer:10.1134_S1064229325602392,,10.1134/S1064229325602392,,,,,Podzol,WRB,,Prose profile descriptor linked at document level because this document contains one reported Russian coordinate; it is not a row-level or independently surveyed pit coordinate.,"{""profile_candidate_id"": ""springer:10.1134_S1064229325602392:text:raw:p:soil:3"", ""spatial_linkage"": ""document_single_reported_coordinate""}
                The soil according to [18] is iron- illuvial residual-cal- abundant small rounded excrements of soil micro-                     careous svetlozem or Skeletic Albic Podzol (Neocam- fauna and fragmented organic plant and carbonaceous                  bic) according to [31]. The morphological properties tissues (Fig. 2a). This horizon and the soil profile in              of the studied pit ",10.1134_S1064229325602392.txt
profile:prose:1b57582d3adb692457b4,site:springer:10.1134_S1064229319120147:text:raw:dms:l:0,65.37358333333333,60.77538888888889,reported,springer,springer:10.1134_S1064229319120147,,10.1134/S1064229319120147,,,,,,,forest,Prose profile descriptor linked at document level because this document contains one reported Russian coordinate; it is not a row-level or independently surveyed pit coordinate.,"{""profile_candidate_id"": ""springer:10.1134_S1064229319120147:text:raw:p:land:48"", ""spatial_linkage"": ""document_single_reported_coordinate""}
r with charcoal (F +         erine slope of northern aspect (65°28′46.0″ N; H)pyr)), a podzolic Ehi horizon of up to 10 cm in          60°29′30.3″ E); dwarf shrub–green moss larch forest. thickness is formed. It is grayish (10YR 4/1) in the       The dwarf shrub–herb layer included 19 species with upper part because of the presence of humic sub-           participation of calciphytes Cypripedium calceol",10.1134_S1064229319120147.txt
profile:prose:1d192562f990378f3080,site:springer:10.1134_S1064229318020023:text:raw:dms:l:2,51.78194444444444,107.84027777777777,reported,springer,springer:10.1134_S1064229318020023,,10.1134/S1064229318020023,,,,,,,forest,Prose profile descriptor linked at document level because this document contains one reported Russian coordinate; it is not a row-level or independently surveyed pit coordinate.,"{""profile_candidate_id"": ""springer:10.1134_S1064229318020023:text:raw:p:land:32"", ""spatial_linkage"": ""document_single_reported_coordinate""}
tions in comparison with the frequent and widespread development of natural forest               adjacent mineral horizons of the soil profiles. The pyro- fires. Surface or ground forest fires exert great influ-            genic action on these soils resulted in changes in the ence of the morphology, properties, and regimes of                  type of humus with an increase in the content of the forest ",10.1134_S1064229318020023.txt
profile:prose:1dd9fd1f12944e820cd1,site:springer:10.1134_S1064229322070055:text:raw:dms:l:2,47.34513888888889,39.73975,reported,springer,springer:10.1134_S1064229322070055,,10.1134/S1064229322070055,,,,,,,forest,Prose profile descriptor linked at document level because this document contains one reported Russian coordinate; it is not a row-level or independently surveyed pit coordinate.,"{""profile_candidate_id"": ""springer:10.1134_S1064229322070055:text:raw:p:land:75"", ""spatial_linkage"": ""document_single_reported_coordinate""}
e predominance of humic substances more decreases down the profile only for virgin/fallow soils                resistant to mineralization, and among the nitrogen- and soils under forest parks, whereas it almost does                   containing structures, it indicates the predominance not change with the depth for urban soils. This may                    of heterocycle nitrogen. point to the presence ",10.1134_S1064229322070055.txt
profile:prose:1e55dabddd552b2343be,site:springer:10.1134_S1064229318120049:text:raw:dms:l:0,51.850500000000004,45.410444444444444,reported,springer,springer:10.1134_S1064229318120049,,10.1134/S1064229318120049,,,,,chernozem,WRB,,Prose profile descriptor linked at document level because this document contains one reported Russian coordinate; it is not a row-level or independently surveyed pit coordinate.,"{""profile_candidate_id"": ""springer:10.1134_S1064229318120049:text:raw:p:soil:8"", ""spatial_linkage"": ""document_single_reported_coordinate""}
                      Analysis of the spatial distribution of the A + ABca peak in profile I on the soil surface indicates that 137Cs                 horizon thickness of ordinary chernozem and the inte- migration was not very active. Otherwise, the 137Cs                        grated concentration of 137Cs in its topmost 30-cm- 1986 peak would shift to a depth of 3–5 cm, as it is                       thi",10.1134_S1064229318120049.txt
profile:prose:1f165713b9e966680159,site:springer:10.1134_S1064229324603974:text:raw:ru_abbr:decimal:0,56.0264,37.19932,reported,springer,springer:10.1134_S1064229324603974,,10.1134/S1064229324603974,,,,,Retisol,WRB,,Prose profile descriptor linked at document level because this document contains one reported Russian coordinate; it is not a row-level or independently surveyed pit coordinate.,"{""profile_candidate_id"": ""springer:10.1134_S1064229324603974:text:raw:p:soil:11"", ""spatial_linkage"": ""document_single_reported_coordinate""}
-238, and thorium-232 in the profile of             >10                   1.27                                                              soddy-podzolic-gley soil (Albic Stagnic Retisol) and                                                              in nodules of different size fractions occurring in the                                                              eluvial horizon, and to relate the s",10.1134_S1064229324603974.txt
profile:prose:1f2151f8463b3c3757c2,site:springer:10.1134_S106422932009015X:text:raw:dms:l:0,67.22591666666666,65.63466666666667,reported,springer,springer:10.1134_S106422932009015X,,10.1134/S106422932009015X,,,,,chernozemic,WRB,,Prose profile descriptor linked at document level because this document contains one reported Russian coordinate; it is not a row-level or independently surveyed pit coordinate.,"{""profile_candidate_id"": ""springer:10.1134_S106422932009015X:text:raw:p:soil:2"", ""spatial_linkage"": ""document_single_reported_coordinate""}
catena has shown the development of a wide range of coloration of the profile resembling that in cinna-           soils differing in the nature of their organic profiles monic and chernozemic soils was previously described          and the character of middle-profile horizons. The in the study of mountainous soils developed from cal-         specificity of the factors of soil formation (mosaic veg- careous r",10.1134_S106422932009015X.txt
profile:prose:205e8b615a6a312b222c,site:springer:10.1134_S1064229321080159:text:raw:dms:l:0,67.22472222222223,65.63805555555557,reported,springer,springer:10.1134_S1064229321080159,,10.1134/S1064229321080159,,,,,,,forest,Prose profile descriptor linked at document level because this document contains one reported Russian coordinate; it is not a row-level or independently surveyed pit coordinate.,"{""profile_candidate_id"": ""springer:10.1134_S1064229321080159:text:raw:p:land:14"", ""spatial_linkage"": ""document_single_reported_coordinate""}
s, 6.5-fold     groups is determined by the nature of the substrate lower. The water extracts of peat soils of tundra and         (phytomass, organic, and humus-accumulative hori- forest-tundra of the Komi Republic are even poorer in         zons) and position in the soil profile (middle and cations (<0.6 g/kg, рНН2О 3.7–4.9) [50; part of data          lower horizon). Thus, the fact that the composition",10.1134_S1064229321080159.txt
profile:prose:21b0437e206f3f6231e3,site:springer:10.1134_S106422932360183X:text:raw:strict:l:0,56.04,37.1662,reported,springer,springer:10.1134_S106422932360183X,,10.1134/S106422932360183X,,,,,podzolic,WRB,,Prose profile descriptor linked at document level because this document contains one reported Russian coordinate; it is not a row-level or independently surveyed pit coordinate.,"{""profile_candidate_id"": ""springer:10.1134_S106422932360183X:text:raw:p:soil:4"", ""spatial_linkage"": ""document_single_reported_coordinate""}
or example, the calculations are as follows in [25]. soils with contrasting horizons, e.g., podzolic and                 Stocks can be found from equation (3), whereas stan- soddy-podzolic soils. When sampling these soils with                dard and relative uncertainties are derived according an auger, for example, to a depth of 30 cm, a 1 cm                  to formulas (5–7), change in the horizon thi",10.1134_S106422932360183X.txt
profile:prose:26148e806bb839f15834,site:springer:10.1134_S1064229319020042:text:raw:utm:grid:0,51.638317861294276,36.12434720122602,reported,springer,springer:10.1134_S1064229319020042,,10.1134/S1064229319020042,,,,,chernozem,WRB,,Prose profile descriptor linked at document level because this document contains one reported Russian coordinate; it is not a row-level or independently surveyed pit coordinate.,"{""profile_candidate_id"": ""springer:10.1134_S1064229319020042:text:raw:p:soil:6"", ""spatial_linkage"": ""document_single_reported_coordinate""}
nd AB horizons,                   and the increasing soil aggregation index. In the plow aggregates of >10 mm or 3–1 mm in size predomi-                     horizon of the typical chernozem on the north-facing nated in dependence on the slope aspect. In the mod-                slope, the aggregation index changed insignificantly erately eroded soils, regardless of the genetic horizon             with an in",10.1134_S1064229319020042.txt
profile:prose:2a1e0ce0a6c3e802f63c,site:springer:10.1134_S1064229324602105:text:raw:strict:l:0,56.112,38.371,reported,springer,springer:10.1134_S1064229324602105,,10.1134/S1064229324602105,,,,,podzolic,WRB,,Prose profile descriptor linked at document level because this document contains one reported Russian coordinate; it is not a row-level or independently surveyed pit coordinate.,"{""profile_candidate_id"": ""springer:10.1134_S1064229324602105:text:raw:p:soil:21"", ""spatial_linkage"": ""document_single_reported_coordinate""}
f                       that continued peat formation will eventually lead to contact-gley or tonguing subtypes are of no importance.                         the formation of peat-podzolic gley soils, and the con-  Table 3. Total carbon content in genetic horizons of soddy gley-podzolic soils (n = 49)                                                  Horizon thickness                                       ",10.1134_S1064229324602105.txt
profile:prose:2afad618d6a07c138785,site:springer:10.1134_S1064229323602470:text:raw:dms:l:0,63.20305555555556,84.32694444444444,reported,springer,springer:10.1134_S1064229323602470,,10.1134/S1064229323602470,,,,,podzol,WRB,,Prose profile descriptor linked at document level because this document contains one reported Russian coordinate; it is not a row-level or independently surveyed pit coordinate.,"{""profile_candidate_id"": ""springer:10.1134_S1064229323602470:text:raw:p:soil:4"", ""spatial_linkage"": ""document_single_reported_coordinate""}
kova, Paleocryogenesis, Soil Cover and interpretation as the signs of recent gleying in the mid-              Agriculture (Nauka, Moscow, 1996) [in Russian]. dle and lower part of podzol profiles. Recently, relict             6. A. A. Velichko, S. N. Timireva, K. V. Kremenetskii, Pleistocene phenomena—humus morphons, gley                             et al., “The West Siberian Plain in the appearance of ",10.1134_S1064229323602470.txt
profile:prose:2c2c58bfe694d941530c,site:springer:10.1134_S1064229325602495:text:raw:strict:l:3,67.908,57.6542,reported,springer,springer:10.1134_S1064229325602495,,10.1134/S1064229325602495,,,,,Podzol,WRB,,Prose profile descriptor linked at document level because this document contains one reported Russian coordinate; it is not a row-level or independently surveyed pit coordinate.,"{""profile_candidate_id"": ""springer:10.1134_S1064229325602495:text:raw:p:soil:2"", ""spatial_linkage"": ""document_single_reported_coordinate""}
ks (Fig. 3e). (Loamic))—soil of bare circle (Fig. S7) and (2) a com-                This combination of morphological elements of the plex of podzolized cryoturbated podbur (Entic Podzol                  profile is typical of crack-polygonal complexes in the (Arenic, Turbic)) and a soil of bare circle—Al–Fe-                    National Soil Atlas [35], crack–nanopolygonal CMPs humus cryoabrazem. The fir",10.1134_S1064229325602495.txt
profile:prose:2d1ecc39ab5c1a2d7274,site:springer:10.1134_S1064229325603075:text:raw:dms:l:0,61.65,50.68333333333333,reported,springer,springer:10.1134_S1064229325603075,,10.1134/S1064229325603075,,,,,podzol,WRB,,Prose profile descriptor linked at document level because this document contains one reported Russian coordinate; it is not a row-level or independently surveyed pit coordinate.,"{""profile_candidate_id"": ""springer:10.1134_S1064229325603075:text:raw:p:soil:22"", ""spatial_linkage"": ""document_single_reported_coordinate""}
content.   earlier [1, 10]. The soil profile is differentiated by tex-        during sample preparation considerably increases all ture: the eluvial horizon with a microprofile of podzol            rheometric characteristics (G', τL, τmax, LVE–range, (EL[e–hf]–ELf) has a loamy sandy texture; the tran-                and Crossover). The rigidity and strength of contacts sitional BEL horizon has a sandy l",10.1134_S1064229325603075.txt
profile:prose:2e87a37ce03957dbb3a1,site:springer:10.1134_S1064229322100131:text:raw:dms:l:1,43.861111111111114,131.95888888888888,reported,springer,springer:10.1134_S1064229322100131,,10.1134/S1064229322100131,,,,,,,fallow,Prose profile descriptor linked at document level because this document contains one reported Russian coordinate; it is not a row-level or independently surveyed pit coordinate.,"{""profile_candidate_id"": ""springer:10.1134_S1064229322100131:text:raw:p:land:20"", ""spatial_linkage"": ""document_single_reported_coordinate""}
 and in this relation the level        middle-profile horizons, where the Ka stock is 12 times of nodule Kа in such soils exceeds soil Kа by up to          higher than that in the fallow soil. The distribution of 150 times [33]. It is likely that the high content of nod-   humus in the vertical soil profile does not allow us to ules in the middle part of the soil of phytoreclamation      explain the ris",10.1134_S1064229322100131.txt
profile:prose:2eef0efc12723554c5a4,site:springer:10.1134_S1064229320090161:text:raw:strict:l:0,50.9988,37.3378,reported,springer,springer:10.1134_S1064229320090161,,10.1134/S1064229320090161,,,,,Chernozem,WRB,,Prose profile descriptor linked at document level because this document contains one reported Russian coordinate; it is not a row-level or independently surveyed pit coordinate.,"{""profile_candidate_id"": ""springer:10.1134_S1064229320090161:text:raw:p:soil:6"", ""spatial_linkage"": ""document_single_reported_coordinate""}
   in the soils of profiles 9S and 9W are close (Fig. 5) deep-calcareous clay-illuvial agrochernozem (Luvic                    and exceed those in the soil of profile 9E. The Corg Chernozem (Loamic, Aric, Pachic)) (profile 6W);                       content in the upper part of the humus horizon varies medium-deep weakly humified medium-deep-calcar-                       from 2.8 to 4.2%. eous clay-illuvia",10.1134_S1064229320090161.txt
profile:prose:2eeff7bf38cc1f110926,site:springer:10.1134_S1064229313120065:text:raw:dms:l:0,51.03113888888889,40.72827777777778,reported,springer,springer:10.1134_S1064229313120065,,10.1134/S1064229313120065,,,,,chernozem,WRB,,Prose profile descriptor linked at document level because this document contains one reported Russian coordinate; it is not a row-level or independently surveyed pit coordinate.,"{""profile_candidate_id"": ""springer:10.1134_S1064229313120065:text:raw:p:soil:4"", ""spatial_linkage"": ""document_single_reported_coordinate""}
and the 12yearold cropland, the FA content salinization. Under a high degree of waterlogging, one        reached 0.8–1.1%; in the soil of the 55 to 115year can suppose that a chernozem as a unique soil type is         old, it decreased to 0.5–0.9%. Within the profiles of destroyed. In the soils with varying degrees of hydro        these soils, the FA content slowly decreased. In the 0 morphism, the ",10.1134_S1064229313120065.txt
profile:prose:2fe5a70865ec9dc3328d,site:springer:10.1134_S1064229316100033:text:raw:dms:l:0,51.14694444444444,36.43,reported,springer,springer:10.1134_S1064229316100033,,10.1134/S1064229316100033,,,,,,,forest,Prose profile descriptor linked at document level because this document contains one reported Russian coordinate; it is not a row-level or independently surveyed pit coordinate.,"{""profile_candidate_id"": ""springer:10.1134_S1064229316100033:text:raw:p:land:28"", ""spatial_linkage"": ""document_single_reported_coordinate""}
e of the low water contents.                          REFERENCES For example, with a decrease in the soil water content        1. T. A. Arhangelskaya, “Thermal diffusivity of gray forest from 0.15 to 0.05 cm3/cm3, thermal diffusivity of the            soils in the Vladimir opolie region,” Eurasian Soil Sci. Ap horizon of the light clayey chernozem of Voronezh             37 (3), 285–294 (2004).     EURA",10.1134_S1064229316100033.txt
profile:prose:34569623c1f93c64da6d,site:springer:10.1134_S1064229319020133:text:raw:ru_abbr:dms:0,61.833333333333336,57.71666666666667,reported,springer,springer:10.1134_S1064229319020133,,10.1134/S1064229319020133,,,,,podzol,WRB,,Prose profile descriptor linked at document level because this document contains one reported Russian coordinate; it is not a row-level or independently surveyed pit coordinate.,"{""profile_candidate_id"": ""springer:10.1134_S1064229319020133:text:raw:p:soil:2"", ""spatial_linkage"": ""document_single_reported_coordinate""}
t of postfire changes in for-     years ago. Under these communities, podzolic soils est soils were carried out in light coniferous forests,      are formed with a microprofile of podzol, having the which are distinguished by greater susceptibility to         O—EL[e–hf]—BEL—BT—C profile, and gleyic fires. The effect of fires on the soils in dark coniferous   podzolic soils with the O—EL—BEL(g)—BTg—Cg co",10.1134_S1064229319020133.txt
profile:prose:36e1f5fa8d5bb721e222,site:springer:10.1134_S106422932360255X:text:raw:degree_decimal_minutes:0,44.84016666666667,33.61366666666667,reported,springer,springer:10.1134_S106422932360255X,,10.1134/S106422932360255X,,,,,Kastanozem,WRB,,Prose profile descriptor linked at document level because this document contains one reported Russian coordinate; it is not a row-level or independently surveyed pit coordinate.,"{""profile_candidate_id"": ""springer:10.1134_S106422932360255X:text:raw:p:soil:1"", ""spatial_linkage"": ""document_single_reported_coordinate""}
  ate-bearing root burrow at the boundary between the final stage, the PS25-AP paleosol could be formed         layers 16 and 17, which presumably belongs to the as chestnut soil (Kastanozem). The columnar struc-            eroded paleosol. The PS27-AP paleosol functioned ture of the upper horizon and the increase in the con-        for a long time in arid conditions with periodical tent of clay fraction in",10.1134_S106422932360255X.txt
profile:prose:3719a5c59afedef19897,site:springer:10.1134_S1064229318110030:text:raw:dms:l:0,51.02108333333333,40.67875,reported,springer,springer:10.1134_S1064229318110030,,10.1134/S1064229318110030,,,,,,,forest,Prose profile descriptor linked at document level because this document contains one reported Russian coordinate; it is not a row-level or independently surveyed pit coordinate.,"{""profile_candidate_id"": ""springer:10.1134_S1064229318110030:text:raw:p:land:24"", ""spatial_linkage"": ""document_single_reported_coordinate""}
may also contain humic substances             is typical of the surrounding chernozems and many coloring the aggregates. Gray stains are also typical of         other soils of the forest-steppe zone. The organic car- slickensides irrespectively of their size.                       bon content in the lower part of the dark gray horizons     Thus, the profile of the investigated solonetz has           is ",10.1134_S1064229318110030.txt
profile:prose:37a3d02aed7be80cf1cf,site:springer:10.1134_S1064229320020088:text:raw:dms:l:0,50.157624999999996,48.52605833333333,reported,springer,springer:10.1134_S1064229320020088,,10.1134/S1064229320020088,,,,,,,forest,Prose profile descriptor linked at document level because this document contains one reported Russian coordinate; it is not a row-level or independently surveyed pit coordinate.,"{""profile_candidate_id"": ""springer:10.1134_S1064229320020088:text:raw:p:land:1"", ""spatial_linkage"": ""document_single_reported_coordinate""}
recipitation did Volga region was characterized by a humid and warm           not occur. The sterile horizon separating the Caspian climate, which favored the growth of steppe and forest       and Khvalyn CLs identifies environmental conditions associations. However, our data indicate that the cli-       as unfavorable for active pedogenesis. Obviously, it is matic conditions in the Lower Transvolga reg",10.1134_S1064229320020088.txt
profile:prose:3c068d4c7056adf7b2c0,site:springer:10.1134_S1064229325603075:text:raw:dms:l:0,61.65,50.68333333333333,reported,springer,springer:10.1134_S1064229325603075,,10.1134/S1064229325603075,,,,,podzolic,WRB,,Prose profile descriptor linked at document level because this document contains one reported Russian coordinate; it is not a row-level or independently surveyed pit coordinate.,"{""profile_candidate_id"": ""springer:10.1134_S1064229325603075:text:raw:p:soil:39"", ""spatial_linkage"": ""document_single_reported_coordinate""}
                                                                                         microstructure of the same horizon in experiments     (2) Eluvial horizons EL[e–hf]–ELf of podzolic                                        using different sample preparation methods. soil are subjected to relatively small changes in their micromechanical characteristics during standard                                 ",10.1134_S1064229325603075.txt
profile:prose:40e6df29bee2257c5c11,site:springer:10.1134_S1064229322090046:text:raw:dms:l:0,61.85036111111111,33.133833333333335,reported,springer,springer:10.1134_S1064229322090046,,10.1134/S1064229322090046,,,,,,,fallow,Prose profile descriptor linked at document level because this document contains one reported Russian coordinate; it is not a row-level or independently surveyed pit coordinate.,"{""profile_candidate_id"": ""springer:10.1134_S1064229322090046:text:raw:p:land:177"", ""spatial_linkage"": ""document_single_reported_coordinate""}
educed in the zon (E) is not formed. It is believed that the restoration    areas with zonal vegetation, which reflects an increase of the natural soil profile upon overgrowing of fallow        in the input of difficultly decomposable litter; similar proceeds faster in coarse-textured soils [27]. In the         patterns have been noted by other researchers [8, 13, studied middle-aged forest, signs of ag",10.1134_S1064229322090046.txt
profile:prose:41cce778a9cf61c02b79,site:springer:10.1134_S1064229321040037:text:raw:dms:l:0,56.13377777777778,37.80188888888889,reported,springer,springer:10.1134_S1064229321040037,,10.1134/S1064229321040037,,,,,chernozem,WRB,,Prose profile descriptor linked at document level because this document contains one reported Russian coordinate; it is not a row-level or independently surveyed pit coordinate.,"{""profile_candidate_id"": ""springer:10.1134_S1064229321040037:text:raw:p:soil:36"", ""spatial_linkage"": ""document_single_reported_coordinate""}
 porosity and         olding. Note that the difference in Otsu’s thresholding the number of closed pores in BT horizons. A low res-         for the dark humus horizon of the Kursk chernozem olution affects the data for dark-gray soil. A compara-       under an unmanaged fallow and a permanent tilled ble error observed in the BT horizons of soddy-               fallow is less pronounced as compared with the",10.1134_S1064229321040037.txt
profile:prose:42d7ac3ab4d2bbc20bbb,site:springer:10.1134_S1064229323601257:text:raw:dms:l:0,65.31466666666667,72.88172222222221,reported,springer,springer:10.1134_S1064229323601257,,10.1134/S1064229323601257,,,,,,,forest,Prose profile descriptor linked at document level because this document contains one reported Russian coordinate; it is not a row-level or independently surveyed pit coordinate.,"{""profile_candidate_id"": ""springer:10.1134_S1064229323601257:text:raw:p:land:32"", ""spatial_linkage"": ""document_single_reported_coordinate""}
       thermokarst over time, as well as to unusually warm higher than in the soils of palsas. The root biomass        conditions in the summer of 2022, which led to the stocks in forest soils were approximately ten times         heating of the upper soil horizon of thermokarst greater than in palsa soils, and the contribution of root   depressions to 15°C. These are the maximum tem- respiration reached",10.1134_S1064229323601257.txt
profile:prose:43ff68162abc4ac26275,site:springer:10.1134_S1064229325603129:text:raw:dms:l:0,61.91722222222222,50.53916666666667,reported,springer,springer:10.1134_S1064229325603129,,10.1134/S1064229325603129,,,,,,,forest,Prose profile descriptor linked at document level because this document contains one reported Russian coordinate; it is not a row-level or independently surveyed pit coordinate.,"{""profile_candidate_id"": ""springer:10.1134_S1064229325603129:text:raw:p:land:23"", ""spatial_linkage"": ""document_single_reported_coordinate""}
c electrical conductivity.   decrease in the Cws content in water from the litter                    water from the eluvial horizon varied from 15.2 to during the first year after forest logging. Data on sea-                47.0 mg/dm3 with maximum values in the summer sonal dynamics of carbon and nitrogen in lysimetric                     months and lower values at the beginning and end of water are sh",10.1134_S1064229325603129.txt
profile:prose:4495b7196f6927ffa630,site:springer:10.1134_S1064229315020106:text:raw:strict:l:2,67.02,63.03,reported,springer,springer:10.1134_S1064229315020106,,10.1134/S1064229315020106,,,,,podzolic,WRB,,Prose profile descriptor linked at document level because this document contains one reported Russian coordinate; it is not a row-level or independently surveyed pit coordinate.,"{""profile_candidate_id"": ""springer:10.1134_S1064229315020106:text:raw:p:soil:15"", ""spatial_linkage"": ""document_single_reported_coordinate""}
uvial dif              coarse texture, a microprofile of Al–Fehumus podzol ferentiation of the profile is inherited from the previ          is developed. Texturedifferentiated podzolic soils ous stages of pedogenesis. Inherited pedogenetic fea             with a microprofile of podzols in the upper coarsetex tures have been described in some other soils of the              tured layer are known in ",10.1134_S1064229315020106.txt
profile:prose:44a16c4664f203a39ef1,site:springer:10.1134_S1064229322060138:text:raw:dms:l:0,51.62795277777778,52.70792222222222,reported,springer,springer:10.1134_S1064229322060138,,10.1134/S1064229322060138,,,,,,,fallow,Prose profile descriptor linked at document level because this document contains one reported Russian coordinate; it is not a row-level or independently surveyed pit coordinate.,"{""profile_candidate_id"": ""springer:10.1134_S1064229322060138:text:raw:p:land:4"", ""spatial_linkage"": ""document_single_reported_coordinate""}
arse-grained mineral material, sometimes                   The background soil profile (Bl6m-19) is located on enriched in carbonates (Fig. 2k).                                  a fallow 50 m to the southwest from the kurgan. The soil     Physicochemical properties of the material indicate            profile consists of the following horizons: Ah (10 cm), that the first–fourth structures of the kurgan a",10.1134_S1064229322060138.txt
profile:prose:4a9ea141becb2b698991,site:springer:10.1134_S1064229322090046:text:raw:dms:l:0,61.85036111111111,33.133833333333335,reported,springer,springer:10.1134_S1064229322090046,,10.1134/S1064229322090046,,,,,podzolic,WRB,,Prose profile descriptor linked at document level because this document contains one reported Russian coordinate; it is not a row-level or independently surveyed pit coordinate.,"{""profile_candidate_id"": ""springer:10.1134_S1064229322090046:text:raw:p:soil:24"", ""spatial_linkage"": ""document_single_reported_coordinate""}
bases decrease in comparison                               REFERENCES with those in the agrohumus (plow) horizon. The               1. N. D. Ananyeva, E. A. Susyan, I. M. Ryzhova, podzolic horizon of the 130-yr-old forest has the least          E. O. Bocharnikova, and E. V. Stolnikova, “Microbial favorable agrochemical properties. In general, in soils          biomass carbon and the microbial carbon dioxi",10.1134_S1064229322090046.txt
profile:prose:4ad8b42c8e1d4d59c4ef,site:springer:10.1134_S1064229323600562:text:raw:dms:l:0,44.28972222222222,43.85611111111111,reported,springer,springer:10.1134_S1064229323600562,,10.1134/S1064229323600562,,,,,chernozem,WRB,,Prose profile descriptor linked at document level because this document contains one reported Russian coordinate; it is not a row-level or independently surveyed pit coordinate.,"{""profile_candidate_id"": ""springer:10.1134_S1064229323600562:text:raw:p:soil:12"", ""spatial_linkage"": ""document_single_reported_coordinate""}
                                                      150    Fig. 3. Spatial maps of Æs at sites of 10 × 10 m and profile distribution of χ in (a) ordinary chernozem, (b) southern chernozem,    and (c) light chestnut soil.      Since the measurements were carried out in areas                                         out in combination with profile measurements. The similar in size and in the same direction,",10.1134_S1064229323600562.txt
profile:prose:51ac90ac8fb7c6f80706,site:springer:10.1134_S1064229315060071:text:raw:dms:l:0,66.62777777777777,57.132222222222225,reported,springer,springer:10.1134_S1064229315060071,,10.1134/S1064229315060071,,,,,Histosol,WRB,,Prose profile descriptor linked at document level because this document contains one reported Russian coordinate; it is not a row-level or independently surveyed pit coordinate.,"{""profile_candidate_id"": ""springer:10.1134_S1064229315060071:text:raw:p:soil:3"", ""spatial_linkage"": ""document_single_reported_coordinate""}
bog soils (Histo the patterns of secondary successions of biota in oil                                sols) [4]. The peat is strongly acid through the entire polluted peat soil (Histosol) upon application of dif                                profile (pHwater 3.7–4.3). ferent bioremediation methods with the use of agro                                       The samples were taken from experimental site",10.1134_S1064229315060071.txt
profile:prose:51bc3c98dfba0ad70fda,site:springer:10.1134_S1064229315020106:text:raw:strict:l:2,67.02,63.03,reported,springer,springer:10.1134_S1064229315020106,,10.1134/S1064229315020106,,,,,,,forest,Prose profile descriptor linked at document level because this document contains one reported Russian coordinate; it is not a row-level or independently surveyed pit coordinate.,"{""profile_candidate_id"": ""springer:10.1134_S1064229315020106:text:raw:p:land:40"", ""spatial_linkage"": ""document_single_reported_coordinate""}
ome other soils of the              tured layer are known in the northern taiga zone. In region [21, 22]. At present, the corresponding pro               the studied soils of the foresttundra zone, the cesses do not lead to significant transformation of the           pedogenic differentiation of the soil profiles is less soil properties.                                                  pronounced.    ",10.1134_S1064229315020106.txt
profile:prose:5264c8d5b61684986e4b,site:springer:10.1134_S1064229325603841:text:raw:dms:l:1,59.32833333333333,37.687777777777775,reported,springer,springer:10.1134_S1064229325603841,,10.1134/S1064229325603841,,,,,podzolic,WRB,,Prose profile descriptor linked at document level because this document contains one reported Russian coordinate; it is not a row-level or independently surveyed pit coordinate.,"{""profile_candidate_id"": ""springer:10.1134_S1064229325603841:text:raw:p:soil:11"", ""spatial_linkage"": ""document_single_reported_coordinate""}
 by a recovery trend, which is consis- is 6.5 times higher than the corresponding values in         tent with the results of similar studies. The influence the postagrogenic soddy-podzolic noncalcareous soil          of ground cover on carbon stocks in the litter and for- under a 40-year-old aspen–birch forest. Apparently,          mer plow horizon was assessed. this difference is due to the presence of c",10.1134_S1064229325603841.txt
profile:prose:5316329cb2989b9c1ddb,site:springer:10.1134_S106422932460074X:text:raw:strict:l:0,56.0434,37.1728,reported,springer,springer:10.1134_S106422932460074X,,10.1134/S106422932460074X,,,,,Retisol,WRB,,Prose profile descriptor linked at document level because this document contains one reported Russian coordinate; it is not a row-level or independently surveyed pit coordinate.,"{""profile_candidate_id"": ""springer:10.1134_S106422932460074X:text:raw:p:soil:7"", ""spatial_linkage"": ""document_single_reported_coordinate""}
934. The soil of the site is urbostra-             ment was sampled from the humus-accumulative tozem (Urbic Technosol (Calcaric Siltic Transportic))              horizon of Albic Retisol at site 1 using the envelope on technogenic soil. For a long time, the soil devel-              (5 points) sampling pattern. Soil samples had the nat- oped without significant turbation under constant                  u",10.1134_S106422932460074X.txt
profile:prose:5371a30f5cf0bb1ce49e,site:springer:10.1134_S1064229325602434:text:raw:dms:l:0,67.04105555555556,78.94747222222223,reported,springer,springer:10.1134_S1064229325602434,,10.1134/S1064229325602434,,,,,Cryosol,WRB,,Prose profile descriptor linked at document level because this document contains one reported Russian coordinate; it is not a row-level or independently surveyed pit coordinate.,"{""profile_candidate_id"": ""springer:10.1134_S1064229325602434:text:raw:p:soil:2"", ""spatial_linkage"": ""document_single_reported_coordinate""}
    2d     Fig. 2. Typical geosystems and soil profiles in pyrogenic and background areas: 1d, background geosystem with lichen cover and    larch woodland; 1о, Reductaquic Turbic Cryosol Thixotropic; 2d, postpyrogenic geosystem (~30 years after wildfire) dominated    by dwarf birch (Betula nana L.) and mosses; 2о, Reductaquic Turbic Cryosols Thixotropic, pyr.   All isolated mineral particles and POM wer",10.1134_S1064229325602434.txt
profile:prose:549fdc4bcd64f3cf53ff,site:springer:10.1134_S1064229320070145:text:raw:dms:l:0,56.098333333333336,37.82416666666667,reported,springer,springer:10.1134_S1064229320070145,,10.1134/S1064229320070145,,,,,,,forest,Prose profile descriptor linked at document level because this document contains one reported Russian coordinate; it is not a row-level or independently surveyed pit coordinate.,"{""profile_candidate_id"": ""springer:10.1134_S1064229320070145:text:raw:p:land:15"", ""spatial_linkage"": ""document_single_reported_coordinate""}
r) seasons, as well as by abrupt          nodules and biogenic pores, which are inherent in the changes in the soil water content in the summer. It is           eluvial horizon of forest soils. The homogeneous struc- logical to suggest that the appearance of vesicular              ture of the aggregate helps one to identify the role of the porosity is associated with modern processes of wet-            ",10.1134_S1064229320070145.txt
profile:prose:54f457f69ed9f405d22e,site:springer:10.1134_S1064229323601889:text:raw:strict:l:0,45.15635,40.04855,reported,springer,springer:10.1134_S1064229323601889,,10.1134/S1064229323601889,,,,,,,forest,Prose profile descriptor linked at document level because this document contains one reported Russian coordinate; it is not a row-level or independently surveyed pit coordinate.,"{""profile_candidate_id"": ""springer:10.1134_S1064229323601889:text:raw:p:land:11"", ""spatial_linkage"": ""document_single_reported_coordinate""}
ch the soil     construction purposes was a rather routine practice of characteristics changed insignificantly and can be eas-      kurgan builders both in the steppe [37, 46] and forest ily traced. Just like for KS I, during the construction of   zones of Russia [42]. KS II, predominantly the material of the Ahb horizon             Physicochemical properties of the material of KSs was used with a small",10.1134_S1064229323601889.txt
profile:prose:5664da64af8ff44eec32,site:springer:10.1134_S1064229323601130:text:raw:strict:l:1,54.834,37.575,reported,springer,springer:10.1134_S1064229323601130,,10.1134/S1064229323601130,,,,,Podzol,WRB,,Prose profile descriptor linked at document level because this document contains one reported Russian coordinate; it is not a row-level or independently surveyed pit coordinate.,"{""profile_candidate_id"": ""springer:10.1134_S1064229323601130:text:raw:p:soil:5"", ""spatial_linkage"": ""document_single_reported_coordinate""}
      (b)                                (c)                                 (d)                         (e)    Fig. 1. (a and c) Location, (d) view, (e1 and e2) profiles of Entic Podzol and Haplic Luvisol, and (b) measurement chambers in    growing and snow seasons.   vial deposits of the Oka glaciofluvial alluvial plain.                  ences in other properties (Table 1). In particular, Hap- Accordi",10.1134_S1064229323601130.txt
profile:prose:5a6dbd51ce3d7a8d83a4,site:springer:10.1134_S1064229323601579:text:raw:dms:l:0,58.748333333333335,56.13666666666666,reported,springer,springer:10.1134_S1064229323601579,,10.1134/S1064229323601579,,,,,Leptosol,WRB,,Prose profile descriptor linked at document level because this document contains one reported Russian coordinate; it is not a row-level or independently surveyed pit coordinate.,"{""profile_candidate_id"": ""springer:10.1134_S1064229323601579:text:raw:p:soil:63"", ""spatial_linkage"": ""document_single_reported_coordinate""}
   Fig. 2. Profile distribution of the volumetric magnetic susceptibility of soils relative to the parent material (Kæ): (а) Rendzic Lep- tosol (Aric, Clayic), pit 2-I; (b) Cambic Leptosol (Aric, Clayic), pit 3-C; (c) Humic Gleysol (Aric, Clayic), pit 1-P; (d) Albic Retisol (Aric, Loamic), pit 1-B-p; (e) Albic Retisol (Loamic), pit 1-Ch-z; (f) Albic Retisol (Loamic), pit 1-Ch-l; (g) Albic Gleyic Retisol (",10.1134_S1064229323601579.txt
profile:prose:5dcd819aaaf5dd399a58,site:springer:10.1134_S1064229322090046:text:raw:dms:l:0,61.85036111111111,33.133833333333335,reported,springer,springer:10.1134_S1064229322090046,,10.1134/S1064229322090046,,,,,,,forest,Prose profile descriptor linked at document level because this document contains one reported Russian coordinate; it is not a row-level or independently surveyed pit coordinate.,"{""profile_candidate_id"": ""springer:10.1134_S1064229322090046:text:raw:p:land:112"", ""spatial_linkage"": ""document_single_reported_coordinate""}
g the profile (average, n = 3): (1) arable land; (2) hayfield, (3) 15-yr-old forest, (4) 65-yr-    old forest, and (5) 130-yr-old forest.   of hayfield (4.41 cmol(+)/kg) and young forest                                 Microbiological indicators of soils. The distribution (4.25 cmol(+)/kg), and is minimal in the soils of the                       of microbial biomass carbon in the soil profiles is close",10.1134_S1064229322090046.txt
profile:prose:5de235427791acb84149,site:springer:10.1134_S1064229321050070:text:raw:degree_decimal_minutes:2,68.5,88.25,reported,springer,springer:10.1134_S1064229321050070,,10.1134/S1064229321050070,,,,,,,forest,Prose profile descriptor linked at document level because this document contains one reported Russian coordinate; it is not a row-level or independently surveyed pit coordinate.,"{""profile_candidate_id"": ""springer:10.1134_S1064229321050070:text:raw:p:land:14"", ""spatial_linkage"": ""document_single_reported_coordinate""}
orizon H may be absent. 80 m a.s.l. Slightly inclined and terraced piedmont           Under the organic layer, there is the brightest (in the plain. Shrub–green moss Siberian pine forest; quality         dry state: YR or 7.5YR 2–5/1–6) in the profile, diag- class IV; admixture of larch, spruce, and birch. Blue-        nostic Al–Fe-humus horizon with perfect granular or berry and lingonberry predominate ",10.1134_S1064229321050070.txt
profile:prose:5eeaea540c6ee9b6cabb,site:springer:10.1134_S1064229319120147:text:raw:dms:l:0,65.37358333333333,60.77538888888889,reported,springer,springer:10.1134_S1064229319120147,,10.1134/S1064229319120147,,,,,Podzol,WRB,,Prose profile descriptor linked at document level because this document contains one reported Russian coordinate; it is not a row-level or independently surveyed pit coordinate.,"{""profile_candidate_id"": ""springer:10.1134_S1064229319120147:text:raw:p:soil:18"", ""spatial_linkage"": ""document_single_reported_coordinate""}
uvial soils [24]. In the Subpolar      as an iron-illuvial podzol; in the WRB system, it can Urals, the organic part of the profile of these soils        be identified as an Albic Podzol (Skeletic) [53]. As a (pit 87-2012) is a combination of a thin peaty litter        rule, such soils form a uniform soil cover. Good drain-     EURASIAN SOIL SCIENCE         Vol. 52   No. 12   2019 1472                 ",10.1134_S1064229319120147.txt
profile:prose:61bb564ae069128700cb,site:springer:10.1134_S1064229315020106:text:raw:strict:l:2,67.02,63.03,reported,springer,springer:10.1134_S1064229315020106,,10.1134/S1064229315020106,,,,,podzol,WRB,,Prose profile descriptor linked at document level because this document contains one reported Russian coordinate; it is not a row-level or independently surveyed pit coordinate.,"{""profile_candidate_id"": ""springer:10.1134_S1064229315020106:text:raw:p:soil:19"", ""spatial_linkage"": ""document_single_reported_coordinate""}
” Pochvovedenie, No. 2, 119–123                                                                       (1977). zons in the lower part of the profile; a subprofile (microprofile) of podzol is developed in the upper part           13. Yu. A. Liverovskii, Genesis and Geography of Soils                                                                       (Nauka, Moscow, 1987) [in Russian]. of the profile of",10.1134_S1064229315020106.txt
profile:prose:62856cc0924bfe77c758,site:springer:10.1134_S106422931802014X:text:raw:dms:l:0,54.83638888888889,37.62444444444444,reported,springer,springer:10.1134_S106422931802014X,,10.1134/S106422931802014X,,,,,,,forest,Prose profile descriptor linked at document level because this document contains one reported Russian coordinate; it is not a row-level or independently surveyed pit coordinate.,"{""profile_candidate_id"": ""springer:10.1134_S106422931802014X:text:raw:p:land:6"", ""spatial_linkage"": ""document_single_reported_coordinate""}
, when assessing the priming effect relative to control (soil not activated by glu-          cose): the value of relative priming effect was 1.5 times greater in А horizon of gray forest soil in microlow in          comparison with that on microhigh being the result of increasing activity of enzymes.            Keywords: microrelief, enzyme activity, soil organic matter          DOI: 10.1134/S1064229318",10.1134_S106422931802014X.txt
profile:prose:6437432a9fa8b0b9d769,site:springer:10.1134_S1064229324602105:text:raw:strict:l:0,56.112,38.371,reported,springer,springer:10.1134_S1064229324602105,,10.1134/S1064229324602105,,,,,,,forest,Prose profile descriptor linked at document level because this document contains one reported Russian coordinate; it is not a row-level or independently surveyed pit coordinate.,"{""profile_candidate_id"": ""springer:10.1134_S1064229324602105:text:raw:p:land:56"", ""spatial_linkage"": ""document_single_reported_coordinate""}
  AY horizons somewhere) and interrupted the genetic the sum of cross-section areas and the share of spruce              unity of the profile; (c) the frequency of sampling in the forest stand.                                                points may not be sufficient to reveal regularities     The composition and phytomass of forest forbs                   caused by tree canopy heterogeneity; (d) the ",10.1134_S1064229324602105.txt
profile:prose:64eea8ece2403863f80b,site:springer:10.1134_S1064229320070145:text:raw:dms:l:0,56.098333333333336,37.82416666666667,reported,springer,springer:10.1134_S1064229320070145,,10.1134/S1064229320070145,,,,,podzolic,WRB,,Prose profile descriptor linked at document level because this document contains one reported Russian coordinate; it is not a row-level or independently surveyed pit coordinate.,"{""profile_candidate_id"": ""springer:10.1134_S1064229320070145:text:raw:p:soil:1"", ""spatial_linkage"": ""document_single_reported_coordinate""}
le freezing and thawing          to the formation and evolution of vesicular micro– and mesoporosity in an aggregate of 3 mm in diameter          from the eluvial horizon of soddy–podzolic soil (Albic Glossic Retisol (Loamic, Cutanic)). The main visible          changes occur during capillary wetting and the first four cycles of freezing and thawing. Capillary wetting of          the air-dry aggregate ini",10.1134_S1064229320070145.txt
profile:prose:66a194e4192429e8ccbd,site:springer:10.1134_S1064229325600800:text:raw:strict:l:0,46.493959,43.827869,reported,springer,springer:10.1134_S1064229325600800,,10.1134/S1064229325600800,,,,,solonetz,WRB,,Prose profile descriptor linked at document level because this document contains one reported Russian coordinate; it is not a row-level or independently surveyed pit coordinate.,"{""profile_candidate_id"": ""springer:10.1134_S1064229325600800:text:raw:p:soil:24"", ""spatial_linkage"": ""document_single_reported_coordinate""}
 depth             respectively, while the concentration of NH4+ , on the of 40–50 cm. A typical peak of the clay content is                      contrary, is higher in the crusty solonetz (0 m). recorded in the BSN horizon of the solonetz profile; and below it, the clay content is by 5–7% lower                             Among the microorganisms forming colonies on throughout the profile than in chestnu",10.1134_S1064229325600800.txt
profile:prose:67b10fe698313299b227,site:springer:10.1134_S1064229322110114:text:raw:dms:l:0,50.1575,48.52583333333333,reported,springer,springer:10.1134_S1064229322110114,,10.1134/S1064229322110114,,,,,,,forest,Prose profile descriptor linked at document level because this document contains one reported Russian coordinate; it is not a row-level or independently surveyed pit coordinate.,"{""profile_candidate_id"": ""springer:10.1134_S1064229322110114:text:raw:p:land:3"", ""spatial_linkage"": ""document_single_reported_coordinate""}
(5875)     Change towards               6970–5740        Warm and humid. Steppe Sterile Horizon                                   aridization. Sedi-                            and forest cenoses                                                   mentation AT-1, AT-2                 6889 (6800, 6654,      Humidization. Soil           6970–5740        Warm and humid. Forest- Orel culture               6605",10.1134_S1064229322110114.txt
profile:prose:69c723b400cf4cb42297,site:springer:10.1134_S1064229320070029:text:raw:dms:l:0,51.629444444444445,36.26111111111111,reported,springer,springer:10.1134_S1064229320070029,,10.1134/S1064229320070029,,,,,chernozem,WRB,,Prose profile descriptor linked at document level because this document contains one reported Russian coordinate; it is not a row-level or independently surveyed pit coordinate.,"{""profile_candidate_id"": ""springer:10.1134_S1064229320070029:text:raw:p:soil:0"", ""spatial_linkage"": ""document_single_reported_coordinate""}
                ties corresponded to characteristic ranges for mineral                                                                  soils [32]. The plow horizon of the typical chernozem 0.9                                                              before the transition to the no-till technology (2013)                                                                  was characterized by optimal densi",10.1134_S1064229320070029.txt
profile:prose:6c27965603882f422cb1,site:springer:10.1134_S1064229323601579:text:raw:dms:l:0,58.748333333333335,56.13666666666666,reported,springer,springer:10.1134_S1064229323601579,,10.1134/S1064229323601579,,,,,Retisol,WRB,,Prose profile descriptor linked at document level because this document contains one reported Russian coordinate; it is not a row-level or independently surveyed pit coordinate.,"{""profile_candidate_id"": ""springer:10.1134_S1064229323601579:text:raw:p:soil:77"", ""spatial_linkage"": ""document_single_reported_coordinate""}
      35        40        45           50                                                          Distance, m                        Fig. 4. Ecological-magnetic profiles of Albic Retisol (Loamic) under forest (a) and fallow (b).       Pedogenic formation and destruction of magnets in                      The spatial position of the horizon of destruction soils determine the ecological conditions of soil",10.1134_S1064229323601579.txt
profile:prose:6c618d0e47734cb7943c,site:springer:10.1134_S106422932460074X:text:raw:strict:l:0,56.0434,37.1728,reported,springer,springer:10.1134_S106422932460074X,,10.1134/S106422932460074X,,,,,,,forest,Prose profile descriptor linked at document level because this document contains one reported Russian coordinate; it is not a row-level or independently surveyed pit coordinate.,"{""profile_candidate_id"": ""springer:10.1134_S106422932460074X:text:raw:p:land:28"", ""spatial_linkage"": ""document_single_reported_coordinate""}
olic soil (Albic Retisol) in the                                                                  Fig. 2. The values of WDTP depending on concentrations Aleshkinskii forest (mixed forest) is apparently                 of dust samples (a) 1, (b) 2, and (c) 3 in the background related to a large amount of organic residues in the             sample of Albic Retisol. humus-accumulative horizon under the lit",10.1134_S106422932460074X.txt
profile:prose:6d6e5b9d78d3b917946f,site:springer:10.1134_S106422932560304X:text:raw:strict:l:0,56.418277,40.426374,reported,springer,springer:10.1134_S106422932560304X,,10.1134/S106422932560304X,,,,,,,forest,Prose profile descriptor linked at document level because this document contains one reported Russian coordinate; it is not a row-level or independently surveyed pit coordinate.,"{""profile_candidate_id"": ""springer:10.1134_S106422932560304X:text:raw:p:land:7"", ""spatial_linkage"": ""document_single_reported_coordinate""}
0.41        0.48      0.54       0.60      0.67                                                             Pore diameter, mm     Fig. 2. Porosity versus pore diameter in agrogray forest soil (40–50-cm horizon AB and 80–90-cm horizon B) under dry (light    line) and wet (dark line) conditions for each sample.                                          (a)                                (b)                ",10.1134_S106422932560304X.txt
profile:prose:70a598ac43cb79b27d42,site:springer:10.1134_S1064229319110073:text:raw:dms:l:0,56.133805555555554,37.802027777777774,reported,springer,springer:10.1134_S1064229319110073,,10.1134/S1064229319110073,,,,,,,fallow,Prose profile descriptor linked at document level because this document contains one reported Russian coordinate; it is not a row-level or independently surveyed pit coordinate.,"{""profile_candidate_id"": ""springer:10.1134_S1064229319110073:text:raw:p:land:38"", ""spatial_linkage"": ""document_single_reported_coordinate""}
iomass in         magnitude. It should be noted that these results char- lower horizons during long time (from July to Novem-        acterize a particular soddy-podzolic soil of a fallow. ber) could be caused by migration of organic matter         Seasonal dynamics of microbial biomass can signifi- down the soil profile [29].                                 cantly differ in other soil types.     Correla",10.1134_S1064229319110073.txt
profile:prose:71f7ea623942a5e9246c,site:springer:10.1134_S1064229325603129:text:raw:dms:l:0,61.91722222222222,50.53916666666667,reported,springer,springer:10.1134_S1064229325603129,,10.1134/S1064229325603129,,,,,podzolic,WRB,,Prose profile descriptor linked at document level because this document contains one reported Russian coordinate; it is not a row-level or independently surveyed pit coordinate.,"{""profile_candidate_id"": ""springer:10.1134_S1064229325603129:text:raw:p:soil:7"", ""spatial_linkage"": ""document_single_reported_coordinate""}
                    (b)                                                                  (c)         Fig. 1. General view of the studied forest area before logging (a), profile of podzolic soil (b), and installed lysimeters (c).    EURASIAN SOIL SCIENCE             Vol. 59:42    2026 42 Page 4 of 15                                                                                     STARTSEV et al.  remov",10.1134_S1064229325603129.txt
profile:prose:7504b143d53f84f42885,site:springer:10.1134_S1064229323601221:text:raw:strict:l:0,54.89,37.56,reported,springer,springer:10.1134_S1064229323601221,,10.1134/S1064229323601221,,,,,,,forest,Prose profile descriptor linked at document level because this document contains one reported Russian coordinate; it is not a row-level or independently surveyed pit coordinate.,"{""profile_candidate_id"": ""springer:10.1134_S1064229323601221:text:raw:p:land:36"", ""spatial_linkage"": ""document_single_reported_coordinate""}
ervations of the Background     Data for simulation scenarios. The initial values of                               Monitoring Station of the PTNR situated approxi- carbon pools in forest floor layer and organomineral                                   mately 100 m from the SR monitoring plot. The Ndep part of the profile of the studied Entic Carbic Podzol,                                value in both sce",10.1134_S1064229323601221.txt
profile:prose:756e3d5f29451dfd6713,site:springer:10.1134_S1064229313120065:text:raw:dms:l:0,51.03113888888889,40.72827777777778,reported,springer,springer:10.1134_S1064229313120065,,10.1134/S1064229313120065,,,,,,,fallow,Prose profile descriptor linked at document level because this document contains one reported Russian coordinate; it is not a row-level or independently surveyed pit coordinate.,"{""profile_candidate_id"": ""springer:10.1134_S1064229313120065:text:raw:p:land:25"", ""spatial_linkage"": ""document_single_reported_coordinate""}
 55 yrs, one drop of the gradi            in the humus content throughout the soil profile as ent in the humus content remained at the depth of 40–                compared to the fallow soils. This decrease in the 0 to 50 cm; at the depth of 50–70 cm, it was registered after             20cm layer reached 31–37% and, in the 50 to 100cm 85 and 115 yrs of the soil cultivation. The value of the       ",10.1134_S1064229313120065.txt
profile:prose:7749158aad0b79adbbf4,site:springer:10.1134_S1064229319120147:text:raw:dms:l:0,65.37358333333333,60.77538888888889,reported,springer,springer:10.1134_S1064229319120147,,10.1134/S1064229319120147,,,,,Leptosol,WRB,,Prose profile descriptor linked at document level because this document contains one reported Russian coordinate; it is not a row-level or independently surveyed pit coordinate.,"{""profile_candidate_id"": ""springer:10.1134_S1064229319120147:text:raw:p:soil:15"", ""spatial_linkage"": ""document_single_reported_coordinate""}
esidual-calcareous fer-   (F + H) (4–8 cm)–E (8–20 cm)–BF (20–25 cm)– ruginated pyrogenic gray-humus soil [32], or Calcaric        BC (25–50 cm). Under the weakly decomposed peaty Leptosol (Skeletic) [53].                                    litter O (F + H), the podzolic E horizon of grayish-     The physicochemical properties of the gray-humus         whitish color and loamy sand texture with inclusions ",10.1134_S1064229319120147.txt
profile:prose:7944026944e0a015d75d,site:springer:10.1134_S1064229325604378:text:raw:strict:l:0,54.83377,37.568915,reported,springer,springer:10.1134_S1064229325604378,,10.1134/S1064229325604378,,,,,,,forest,Prose profile descriptor linked at document level because this document contains one reported Russian coordinate; it is not a row-level or independently surveyed pit coordinate.,"{""profile_candidate_id"": ""springer:10.1134_S1064229325604378:text:raw:p:land:97"", ""spatial_linkage"": ""document_single_reported_coordinate""}
e interval; for placement type symbols, see Fig. 2.   due to the spatial heterogeneity in the distribution of                addressed using the rapidly developing technologies of forest floor and Corg in the organomineral part of the                 computer processing of spatially distributed data, soil profile [6, 10]. For the simulation site, the com-                including those obtained using UA",10.1134_S1064229325604378.txt
profile:prose:7e215b474d281570cdf3,site:springer:10.1134_S1064229323601932:text:raw:degree_decimal_minutes:0,54.8309,37.6051,reported,springer,springer:10.1134_S1064229323601932,,10.1134/S1064229323601932,,,,,,,fallow,Prose profile descriptor linked at document level because this document contains one reported Russian coordinate; it is not a row-level or independently surveyed pit coordinate.,"{""profile_candidate_id"": ""springer:10.1134_S1064229323601932:text:raw:p:land:11"", ""spatial_linkage"": ""document_single_reported_coordinate""}
                                                  CO2 release, for example, based on concomitant cenosis due to the transpiration of moisture by plants in comparison with the bare fallow. On the other hand, the       changes in the CO2 concentration in the soil profile. meadow soil included fresh organic matter, plant              The pronounced short-term variability of winter CO2 remains, and communit",10.1134_S1064229323601932.txt
profile:prose:7e86c293bb65810eda5b,site:springer:10.1134_S1064229323601579:text:raw:dms:l:0,58.748333333333335,56.13666666666666,reported,springer,springer:10.1134_S1064229323601579,,10.1134/S1064229323601579,,,,,,,forest,Prose profile descriptor linked at document level because this document contains one reported Russian coordinate; it is not a row-level or independently surveyed pit coordinate.,"{""profile_candidate_id"": ""springer:10.1134_S1064229323601579:text:raw:p:land:116"", ""spatial_linkage"": ""document_single_reported_coordinate""}
hemselves.     The boundaries of the ecological-magnetic horizon                      Ecological-magnetic profiles of Albic Retisols of the synthesis of magnets in the soil in the forest land              (Loamic) formed on mantle deposits are generated coincide with the boundaries of the humus (sod) soil                    under the influence of ecological conditions of accu- horizon AY. The value æ of",10.1134_S1064229323601579.txt
profile:prose:8033b1c0130a0a31ee2b,site:springer:10.1134_S1064229320080025:crop:10.1134_S1064229320080025_p002_t01_part01:ocr_markdown:raw:ocr_coord:decimal:0,47.27745,39.32705,reported,springer,springer:10.1134_S1064229320080025,,10.1134/S1064229320080025,,,,,,,fallow,Prose profile descriptor linked at document level because this document contains one reported Russian coordinate; it is not a row-level or independently surveyed pit coordinate.,"{""profile_candidate_id"": ""springer:10.1134_S1064229320080025:text:raw:p:land:52"", ""spatial_linkage"": ""document_single_reported_coordinate""}
wn the profile with cessation of tillage and are par- zems of the cropland and 14-year-old plot.                      tially removed beyond it.     The Ccarb stock in all examined fallow soils is at least threefold larger as compared with that in the 50–            According to radiocarbon dating, the radiocarbon 100-, 100–150-, and 150–200-cm layers except for the            age of carbonates in all pr",10.1134_S1064229320080025.txt
profile:prose:867fc6f307c56cf8636a,site:springer:10.1134_S1064229318110030:text:raw:dms:l:0,51.02108333333333,40.67875,reported,springer,springer:10.1134_S1064229318110030,,10.1134/S1064229318110030,,,,,SOLONETZ,WRB,,Prose profile descriptor linked at document level because this document contains one reported Russian coordinate; it is not a row-level or independently surveyed pit coordinate.,"{""profile_candidate_id"": ""springer:10.1134_S1064229318110030:text:raw:p:soil:8"", ""spatial_linkage"": ""document_single_reported_coordinate""}
                                                        EURASIAN SOIL SCIENCE         Vol. 51   No. 11    2018            TWO-DIMENSIONAL DISTRIBUTION OF THE PROPERTIES OF VERTIC SOLONETZ                                      1279  rizon. These blocks serve as the base for the columnar       tion of films on pore walls. This horizon contains aggregates in the ASN1 subhorizon.                           abu",10.1134_S1064229318110030.txt
profile:prose:86fbaaae2178cb2e1a71,site:springer:10.1134_S1064229323602470:text:raw:dms:l:0,63.20305555555556,84.32694444444444,reported,springer,springer:10.1134_S1064229323602470,,10.1134/S1064229323602470,,,,,,,forest,Prose profile descriptor linked at document level because this document contains one reported Russian coordinate; it is not a row-level or independently surveyed pit coordinate.,"{""profile_candidate_id"": ""springer:10.1134_S1064229323602470:text:raw:p:land:7"", ""spatial_linkage"": ""document_single_reported_coordinate""}
 of the Kazantsevo paleosol corre- soils. In its profile, a thick iron-illuvial horizon with-     sponds to the boundary of MIS5c and MIS5d sub- out any signs of gleying underlies forest litter; a thin       stages. This thick and compound pedocomplex had whitish eluvial horizon is seen immediately under the          formed over a considerable time interval. Presumably, litter. The essence of pedogenesi",10.1134_S1064229323602470.txt
profile:prose:884170eea19885b7cb4a,site:springer:10.1134_S1064229325600800:text:raw:strict:l:0,46.493959,43.827869,reported,springer,springer:10.1134_S1064229325600800,,10.1134/S1064229325600800,,,,,solonchak,WRB,,Prose profile descriptor linked at document level because this document contains one reported Russian coordinate; it is not a row-level or independently surveyed pit coordinate.,"{""profile_candidate_id"": ""springer:10.1134_S1064229325600800:text:raw:p:soil:74"", ""spatial_linkage"": ""document_single_reported_coordinate""}
tation, their morphological structure, mechanical 2. A. F. Bol’shakov, “Change in the soil formation process           and chemical composition and physical properties,” Tr.    in solonchak solonetz soils with artificial disturbance of        Pochv. Inst. im. V. V. Dokuchaeva 56, 3–214 (1961).    their profile,” Pochvovedenie, No. 10, 86 (1975).             17. Theories and Methods of Soil Physics. Collect",10.1134_S1064229325600800.txt
profile:prose:8dabe10e61fb41233dbe,site:springer:10.1134_S1064229323601221:text:raw:strict:l:0,54.89,37.56,reported,springer,springer:10.1134_S1064229323601221,,10.1134/S1064229323601221,,,,,podzolic,WRB,,Prose profile descriptor linked at document level because this document contains one reported Russian coordinate; it is not a row-level or independently surveyed pit coordinate.,"{""profile_candidate_id"": ""springer:10.1134_S1064229323601221:text:raw:p:soil:4"", ""spatial_linkage"": ""document_single_reported_coordinate""}
round vegetation, fractions    belongs to Entic Carbic Podzol (profile, O–AY–BF– of plant litterfall, and heterogeneity of soil hydrother-   BC–C); the taxonomic name soddy weakly podzolic mal conditions. This approach implements the poten-         soil is used in [22, 23] according to [18]. The forest tial of 3D modeling, which is the next step expanding       floor layer formed by needles–leaves and bra",10.1134_S1064229323601221.txt
profile:prose:8fe95237987b3e46c21d,site:springer:10.1134_S1064229321050070:text:raw:degree_decimal_minutes:2,68.5,88.25,reported,springer,springer:10.1134_S1064229321050070,,10.1134/S1064229321050070,,,,,podzolic,WRB,,Prose profile descriptor linked at document level because this document contains one reported Russian coordinate; it is not a row-level or independently surveyed pit coordinate.,"{""profile_candidate_id"": ""springer:10.1134_S1064229321050070:text:raw:p:soil:1"", ""spatial_linkage"": ""document_single_reported_coordinate""}
have served as the material base                                                            in the soils without the mucky horizon is about 9–11% for the formation of the bleached podzolic horizon [35]                                                            and does not differ much from that in the soil with the and with the high content of nonsilicate Fe and Al                                         ",10.1134_S1064229321050070.txt
profile:prose:908c6aceacd9c5cfa418,site:springer:10.1134_S106422932260169X:text:raw:strict:l:0,53.122525,104.884196,reported,springer,springer:10.1134_S106422932260169X,,10.1134/S106422932260169X,,,,,chernozemic,WRB,,Prose profile descriptor linked at document level because this document contains one reported Russian coordinate; it is not a row-level or independently surveyed pit coordinate.,"{""profile_candidate_id"": ""springer:10.1134_S106422932260169X:text:raw:p:soil:1"", ""spatial_linkage"": ""document_single_reported_coordinate""}
oddy forest and soddy calcareous soils pre-       horizon. dominate in automorphic positions, and meadow-                     The soil has the following characteristic features of chernozemic, meadow, and solonchak soils are devel-            the microfabric. The humus horizon is characterized oped in low-lying hydromorphic positions [30, 31].             by subparallel microstructure and high biogenicity   ",10.1134_S106422932260169X.txt
profile:prose:91dc9c2b5f7a0953715a,site:springer:10.1134_S1064229321080044:crop:10.1134_S1064229321080044_p003_t01_part01:ocr_markdown:raw:ocr_coord:decimal:0,51.538976,36.087134,reported,springer,springer:10.1134_S1064229321080044,,10.1134/S1064229321080044,,,,,,,fallow,Prose profile descriptor linked at document level because this document contains one reported Russian coordinate; it is not a row-level or independently surveyed pit coordinate.,"{""profile_candidate_id"": ""springer:10.1134_S1064229321080044:text:raw:p:land:56"", ""spatial_linkage"": ""document_single_reported_coordinate""}
e plowed soil, it is allocated to accumulative horizon of agrochernozems of the                   fractures, and its layer is well pronounced (Fig. 3d). In plowed and ten-year-old fallow plots. In the older fal-         10- and 25-year-old fallow soils, fibrous calcite occurs low plots and in the virgin chernozem, carbonate pseu-          both on the surface of peds and in large fissures. Car- domyceliu",10.1134_S1064229321080044.txt
profile:prose:935a067e20abfa632b3f,site:springer:10.1134_S1064229321070073:text:raw:variant:leading_dms:0,55.11416666666667,38.30888888888889,reported,springer,springer:10.1134_S1064229321070073,,10.1134/S1064229321070073,,,,,,,forest,Prose profile descriptor linked at document level because this document contains one reported Russian coordinate; it is not a row-level or independently surveyed pit coordinate.,"{""profile_candidate_id"": ""springer:10.1134_S1064229321070073:text:raw:p:land:3"", ""spatial_linkage"": ""document_single_reported_coordinate""}
ly evaluated by hydromorphism are widely spread in central decidu-                                      organic matter (Сorg) content and stocks, its profile ous-forest zone. Gray forest gley soils and water-                                      distribution, enrichment with nitrogen, degree of logged soils of groundwater moistening are associated                                   humification, types of",10.1134_S1064229321070073.txt
profile:prose:93caaeda040a27478682,site:springer:10.1134_S1064229322070055:text:raw:dms:l:2,47.34513888888889,39.73975,reported,springer,springer:10.1134_S1064229322070055,,10.1134/S1064229322070055,,,,,,,fallow,Prose profile descriptor linked at document level because this document contains one reported Russian coordinate; it is not a row-level or independently surveyed pit coordinate.,"{""profile_candidate_id"": ""springer:10.1134_S1064229322070055:text:raw:p:land:74"", ""spatial_linkage"": ""document_single_reported_coordinate""}
oil horizons The calculated Ctot/Ntot ratio in the studied soils                    attests to the predominance of humic substances more decreases down the profile only for virgin/fallow soils                resistant to mineralization, and among the nitrogen- and soils under forest parks, whereas it almost does                   containing structures, it indicates the predominance not change with the d",10.1134_S1064229322070055.txt
profile:prose:95712b7bb7d09d000a8d,site:springer:10.1134_S1064229324603974:text:raw:ru_abbr:decimal:0,56.0264,37.19932,reported,springer,springer:10.1134_S1064229324603974,,10.1134/S1064229324603974,,,,,podzolic,WRB,,Prose profile descriptor linked at document level because this document contains one reported Russian coordinate; it is not a row-level or independently surveyed pit coordinate.,"{""profile_candidate_id"": ""springer:10.1134_S1064229324603974:text:raw:p:soil:1"", ""spatial_linkage"": ""document_single_reported_coordinate""}
ed February 17, 2025; accepted February 18, 2025           Abstract—The distribution and speciation of radium-226, uranium-238, and thorium-232 along the profile          of soddy-podzolic-gley soil (Albic Stagnic Retisol) and in different size fractions of iron-manganic nodules,          accounting for 17 wt % of the eluvial horizon, are described. Radionuclides are fractionated according to the         ",10.1134_S1064229324603974.txt
profile:prose:965aed9542641cb84dba,site:springer:10.1134_S1064229320080025:crop:10.1134_S1064229320080025_p002_t01_part01:ocr_markdown:raw:ocr_coord:decimal:0,47.27745,39.32705,reported,springer,springer:10.1134_S1064229320080025,,10.1134/S1064229320080025,,,,,,,cropland,Prose profile descriptor linked at document level because this document contains one reported Russian coordinate; it is not a row-level or independently surveyed pit coordinate.,"{""profile_candidate_id"": ""springer:10.1134_S1064229320080025:text:raw:p:land:51"", ""spatial_linkage"": ""document_single_reported_coordinate""}
apidly (over 30 years of slightly more) migrate lated 0.5-m layers of the profile, as well as the cherno-       down the profile with cessation of tillage and are par- zems of the cropland and 14-year-old plot.                      tially removed beyond it.     The Ccarb stock in all examined fallow soils is at least threefold larger as compared with that in the 50–            According to radiocarbon dat",10.1134_S1064229320080025.txt
profile:prose:98247c3955fc83acce1a,site:springer:10.1134_S1064229316100033:text:raw:dms:l:0,51.14694444444444,36.43,reported,springer,springer:10.1134_S1064229316100033,,10.1134/S1064229316100033,,,,,Chernozemic,WRB,,Prose profile descriptor linked at document level because this document contains one reported Russian coordinate; it is not a row-level or independently surveyed pit coordinate.,"{""profile_candidate_id"": ""springer:10.1134_S1064229316100033:text:raw:p:soil:3"", ""spatial_linkage"": ""document_single_reported_coordinate""}
il at the given range of the water contents. For      the territory of the Streletskaya Steppe of the Alekhin example, in gray forest soils of Vladimir Opolie, ther-       Central Chernozemic Biospheric State Reserve mal diffusivity of the plow layer was lower than that of      (51°08′49″ N, 36°25′48″ E) and from the experimental the A1 horizon of the virgin soil at water contents of        field of Petrinsk",10.1134_S1064229316100033.txt
profile:prose:9ade55cbd733a481886a,site:springer:10.1134_S1064229324603974:text:raw:ru_abbr:decimal:0,56.0264,37.19932,reported,springer,springer:10.1134_S1064229324603974,,10.1134/S1064229324603974,,,,,,,forest,Prose profile descriptor linked at document level because this document contains one reported Russian coordinate; it is not a row-level or independently surveyed pit coordinate.,"{""profile_candidate_id"": ""springer:10.1134_S1064229324603974:text:raw:p:land:28"", ""spatial_linkage"": ""document_single_reported_coordinate""}
                                                          37.19932 E), under a hairy-sedge (Carex pilosa)     A group of species—iron-manganic concretionary           spruce–birch forest stand. The profile comprised the neoformations of a rounded or oval shape with a size         following horizons: AY (0–9 cm)–AY/ELg (9– of 0.5 to 20 mm, or nodules—are distinguished in the         21 cm)–ELnn,g (21–35 ",10.1134_S1064229324603974.txt
profile:prose:9cd2c0abf1a418a3df3c,site:springer:10.1134_S1064229318020102:text:raw:dms:l:0,56.098333333333336,37.82416666666667,reported,springer,springer:10.1134_S1064229318020102,,10.1134/S1064229318020102,,,,,,,forest,Prose profile descriptor linked at document level because this document contains one reported Russian coordinate; it is not a row-level or independently surveyed pit coordinate.,"{""profile_candidate_id"": ""springer:10.1134_S1064229318020102:text:raw:p:land:23"", ""spatial_linkage"": ""document_single_reported_coordinate""}
                sification system [4])—were examined. The soil pit was in the surface layer but also in the entire volume of the             excavated under the 90-year-old spruce forest with soil subjected to freezing and thawing. The total poros-              admixture of birch near the village of Dar’ino in Mos- ity of such samples increases due to the formation of                 cow oblast (56°5′54",10.1134_S1064229318020102.txt
profile:prose:9d6658616ce2454f02fa,site:springer:10.1134_S1064229317120043:text:raw:dms:l:0,58.71277777777778,126.30455555555555,reported,springer,springer:10.1134_S1064229317120043,,10.1134/S1064229317120043,,,,,,,forest,Prose profile descriptor linked at document level because this document contains one reported Russian coordinate; it is not a row-level or independently surveyed pit coordinate.,"{""profile_candidate_id"": ""springer:10.1134_S1064229317120043:text:raw:p:land:4"", ""spatial_linkage"": ""document_single_reported_coordinate""}
Heikkinen, E. Steinnes, H. Thor-               and S. Nam, “Vertical distribution of radiocesium in     ring, and I. Outola, “Distribution of 90Sr and 137Cs in          coniferous forest soil after the Fukushima nuclear     arctic soil profiles polluted by heavy metals,” J. Envi-         power plant accident,” J. Environ. Radioact. 137, 37–     ron. Radioact. 81 (2–3), 295–306 (2005).                   ",10.1134_S1064229317120043.txt
profile:prose:9d7fce1ebdc398874680,site:springer:10.1134_S1064229319110073:text:raw:dms:l:0,56.133805555555554,37.802027777777774,reported,springer,springer:10.1134_S1064229319110073,,10.1134/S1064229319110073,,,,,,,forest,Prose profile descriptor linked at document level because this document contains one reported Russian coordinate; it is not a row-level or independently surveyed pit coordinate.,"{""profile_candidate_id"": ""springer:10.1134_S1064229319110073:text:raw:p:land:39"", ""spatial_linkage"": ""document_single_reported_coordinate""}
rs of sampling depth and           P. Nannipieri, and G. Pietramellara, “Distribution of the temperature of soil horizon (Table 2).                      microbial communities in a forest soil profile investi-                                                                 gated by microbial biomass, soil respiration and DGGE                                                                 of total and ex",10.1134_S1064229319110073.txt
profile:prose:9f5853bb568faa673d12,site:springer:10.1134_S1064229321040037:text:raw:dms:l:0,56.13377777777778,37.80188888888889,reported,springer,springer:10.1134_S1064229321040037,,10.1134/S1064229321040037,,,,,,,fallow,Prose profile descriptor linked at document level because this document contains one reported Russian coordinate; it is not a row-level or independently surveyed pit coordinate.,"{""profile_candidate_id"": ""springer:10.1134_S1064229321040037:text:raw:p:land:58"", ""spatial_linkage"": ""document_single_reported_coordinate""}
 closed pores in BT horizons. A low res-         for the dark humus horizon of the Kursk chernozem olution affects the data for dark-gray soil. A compara-       under an unmanaged fallow and a permanent tilled ble error observed in the BT horizons of soddy-               fallow is less pronounced as compared with the man- podzolic soil under fallow most likely results from the       ual thresholding. Wi",10.1134_S1064229321040037.txt
profile:prose:a1bbbe84eafba28e0109,site:springer:10.1134_S1064229322070055:text:raw:dms:l:2,47.34513888888889,39.73975,reported,springer,springer:10.1134_S1064229322070055,,10.1134/S1064229322070055,,,,,chernozem,WRB,,Prose profile descriptor linked at document level because this document contains one reported Russian coordinate; it is not a row-level or independently surveyed pit coordinate.,"{""profile_candidate_id"": ""springer:10.1134_S1064229322070055:text:raw:p:soil:7"", ""spatial_linkage"": ""document_single_reported_coordinate""}
-soluble carbon decreases feather grass associations with a closed diffusive pro-       down the profile, but the difference between the sur- jective cover preserved on the virgin chernozem sur-          face horizon and deep soil horizons is not so signifi- face, which in turn provides a significantly higher rate      cant. For most of studied soils, this decrease is statisti- of continuous annual supply ",10.1134_S1064229322070055.txt
profile:prose:a530f990e3aec5600b98,site:springer:10.1134_S106422931704007X:text:raw:strict:l:0,53.386,49.773,reported,springer,springer:10.1134_S106422931704007X,,10.1134/S106422931704007X,,,,,,,forest,Prose profile descriptor linked at document level because this document contains one reported Russian coordinate; it is not a row-level or independently surveyed pit coordinate.,"{""profile_candidate_id"": ""springer:10.1134_S106422931704007X:text:raw:p:land:10"", ""spatial_linkage"": ""document_single_reported_coordinate""}
ment of sampling, the            underlain by calcareous platy rocks (profile 1) and a total length of the tongue was about 10 m; its width was     light to medium loamy dark-gray forest soil (very sim- about 1–1.5 m, and the thickness of the bitumen layer        ilar to chernozem) with a second humus horizon on was about 4–6 cm. Sampling sites 4, 5, and 6 were            calcareous heavy loam (profile ",10.1134_S106422931704007X.txt
profile:prose:a6624e9bb3001a70bf01,site:springer:10.1134_S1064229322090046:text:raw:dms:l:0,61.85036111111111,33.133833333333335,reported,springer,springer:10.1134_S1064229322090046,,10.1134/S1064229322090046,,,,,podzol,WRB,,Prose profile descriptor linked at document level because this document contains one reported Russian coordinate; it is not a row-level or independently surveyed pit coordinate.,"{""profile_candidate_id"": ""springer:10.1134_S1064229322090046:text:raw:p:soil:8"", ""spatial_linkage"": ""document_single_reported_coordinate""}
rding to the Tukey test at a signifi-       depth of about 75 cm, this horizon is underlain by the cance level p ≤ 0.05. Tables and diagrams show mean            profile of buried podzol with the disturbed eluvial (E) values ± mean error; significant differences are indi-         horizon of 2–10 cm in thickness and the ocherous- cated by different letters. A detailed description of the      colored BF h",10.1134_S1064229322090046.txt
profile:prose:a755ae1b57af03130ee6,site:springer:10.1134_S1064229320090161:text:raw:strict:l:0,50.9988,37.3378,reported,springer,springer:10.1134_S1064229320090161,,10.1134/S1064229320090161,,,,,,,forest,Prose profile descriptor linked at document level because this document contains one reported Russian coordinate; it is not a row-level or independently surveyed pit coordinate.,"{""profile_candidate_id"": ""springer:10.1134_S1064229320090161:text:raw:p:land:23"", ""spatial_linkage"": ""document_single_reported_coordinate""}
hat the soil cover pattern of the key site can be         the carbonate profile of chernozems under the impact defined as low-contrasting microcombinations of                   of forest vegetation [2, 17]. The greatest scattering of     EURASIAN SOIL SCIENCE             Vol. 53   No. 9   2020 1204                                                  SMIRNOVA et al.  Table 3. The values of pedodiversity in",10.1134_S1064229320090161.txt
profile:prose:a9d70e1826f81d0bbe0c,site:springer:10.1134_S1064229319110073:text:raw:dms:l:0,56.133805555555554,37.802027777777774,reported,springer,springer:10.1134_S1064229319110073,,10.1134/S1064229319110073,,,,,Chernozem,WRB,,Prose profile descriptor linked at document level because this document contains one reported Russian coordinate; it is not a row-level or independently surveyed pit coordinate.,"{""profile_candidate_id"": ""springer:10.1134_S1064229319110073:text:raw:p:soil:28"", ""spatial_linkage"": ""document_single_reported_coordinate""}
ang, J. Li, and Q. Zhang, “Sea-     O. V. Kutovaya, “Distribution of prokaryotic commu-             sonal dynamics of soil CO2 effluxes with responses to     nities throughout the Chernozem profiles under differ-          environmental factors in lower subtropical forests of     ent land uses for over a century,” Apll. Soil Ecol. 127,        China,” Sci. China, Ser. D: Earth Sci. 49 (2), 139–149     8–18 (",10.1134_S1064229319110073.txt
profile:prose:b1c94c646f653117b660,site:springer:10.1134_S1064229325602392:text:raw:dms:l:0,67.22413888888889,65.64544444444445,reported,springer,springer:10.1134_S1064229325602392,,10.1134/S1064229325602392,,,,,Cambisol,WRB,,Prose profile descriptor linked at document level because this document contains one reported Russian coordinate; it is not a row-level or independently surveyed pit coordinate.,"{""profile_candidate_id"": ""springer:10.1134_S1064229325602392:text:raw:p:soil:4"", ""spatial_linkage"": ""document_single_reported_coordinate""}
ies. There are single large frag-               determined as soddy-cryometamorphic raw-humus [18] ments of ferruginated quartz and carbonate rocks. The                or Skeletic Cambisol (Loamic, Humic) [31]. BHF horizon is characterized by very stable rounded                      The AYao gray-humus horizon of pit 5-KPU is microstructure, although microaggregates vary in size                characteriz",10.1134_S1064229325602392.txt
profile:prose:b309ba7cabb84623f61a,site:springer:10.1134_S1064229325600800:text:raw:strict:l:0,46.493959,43.827869,reported,springer,springer:10.1134_S1064229325600800,,10.1134/S1064229325600800,,,,,,,pasture,Prose profile descriptor linked at document level because this document contains one reported Russian coordinate; it is not a row-level or independently surveyed pit coordinate.,"{""profile_candidate_id"": ""springer:10.1134_S1064229325600800:text:raw:p:land:78"", ""spatial_linkage"": ""document_single_reported_coordinate""}
 spacing of 1 m. The samples were taken from soil heavy metals, etc. [1, 4]. The study of the effect of the    horizons in the upper part of the soil profile and from intensity of pasture load on the structure and biologi-      10-cm-thick layers in the deeper part. Samples for cal activity of solonetzes has revealed that moderate        microbiological studies were taken following theaseptic grazing of ",10.1134_S1064229325600800.txt
profile:prose:b5d72c685bf8c39695a2,site:springer:10.1134_S1064229324603500:text:raw:ru_abbr:dms:0,56.833333333333336,60.583333333333336,reported,springer,springer:10.1134_S1064229324603500,,10.1134/S1064229324603500,,,,,podzolic,WRB,,Prose profile descriptor linked at document level because this document contains one reported Russian coordinate; it is not a row-level or independently surveyed pit coordinate.,"{""profile_candidate_id"": ""springer:10.1134_S1064229324603500:text:raw:p:soil:1"", ""spatial_linkage"": ""document_single_reported_coordinate""}
ildings and highways with heavy            calcium content in the soddy horizon differs by a fac- traffic. This setting allows us to consider it an inner-     tor of two. In soddy-podzolic soils, the vertical distri- city location, at least for the last two decades.            bution of exchangeable calcium and clay fraction     The surveyed areas range in altitudes from 250 to        reflects the eluvial",10.1134_S1064229324603500.txt
profile:prose:b869099c4fecc911d234,site:springer:10.1134_S1064229322020089:text:raw:dms:l:0,60.40897222222222,73.94630555555555,reported,springer,springer:10.1134_S1064229322020089,,10.1134/S1064229322020089,,,,,podzol,WRB,,Prose profile descriptor linked at document level because this document contains one reported Russian coordinate; it is not a row-level or independently surveyed pit coordinate.,"{""profile_candidate_id"": ""springer:10.1134_S1064229322020089:text:raw:p:soil:5"", ""spatial_linkage"": ""document_single_reported_coordinate""}
om-             the studied soils (Fig. 2b). According to the Russian Soil plicated the horizon system in soil profile, being asso-      Classification (RSC-2004) [22], a tonguing podzol sub-                                                                EURASIAN SOIL SCIENCE          Vol. 55   No. 2    2022                 CHARCOALS IN THE MIDDLE TAIGA PODZOLS OF WESTERN SIBERIA                       ",10.1134_S1064229322020089.txt
profile:prose:bb3fa05cfd7e536d75fa,site:springer:10.1134_S1064229314030028:text:raw:dms:l:0,58.73277777777778,99.44250000000001,reported,springer,springer:10.1134_S1064229314030028,,10.1134/S1064229314030028,,,,,podzolic,WRB,,Prose profile descriptor linked at document level because this document contains one reported Russian coordinate; it is not a row-level or independently surveyed pit coordinate.,"{""profile_candidate_id"": ""springer:10.1134_S1064229314030028:text:raw:p:soil:4"", ""spatial_linkage"": ""document_single_reported_coordinate""}
ld felled area of TA 2, in the humus green moss pine forest (TA 1). In the humusaccumu           accumulative horizons of the soil, the Cmic content lative horizon of the soddypodzolic soils, the Cmic          increased by 20% of that in the control, whereas the content and the BR intensity were 1160 μg C/g and             BR did not significantly change. In the burned felled 4.12 μg CCO2/g/h, respec",10.1134_S1064229314030028.txt
profile:prose:bea152c6fb2f9e21f3fc,site:springer:10.1134_S1064229316030091:text:raw:variant:reversed_decimal:0,56.09823,37.82138,reported,springer,springer:10.1134_S1064229316030091,,10.1134/S1064229316030091,,,,,podzolic,WRB,,Prose profile descriptor linked at document level because this document contains one reported Russian coordinate; it is not a row-level or independently surveyed pit coordinate.,"{""profile_candidate_id"": ""springer:10.1134_S1064229316030091:text:raw:p:soil:3"", ""spatial_linkage"": ""document_single_reported_coordinate""}
itative differences in pore   homogeneous. Clear pocket-shaped and tonguing spaces of different genetic horizons of the soddy-         boundary with fragments of the BEL/B horizon podzolic soil on the basis of their 3D tomographic         enriched in clay. models;                                                        BT1—35(45)–65 cm. Moist, reddish brown with     (2) To study the geometry of pore space ",10.1134_S1064229316030091.txt
profile:prose:c0451fbb14cb235d1dcb,site:springer:10.1134_S1064229316110090:text:raw:variant:leading_decimal:0,56.098272,37.821603,reported,springer,springer:10.1134_S1064229316110090,,10.1134/S1064229316110090,,,,,podzolic,WRB,,Prose profile descriptor linked at document level because this document contains one reported Russian coordinate; it is not a row-level or independently surveyed pit coordinate.,"{""profile_candidate_id"": ""springer:10.1134_S1064229316110090:text:raw:p:soil:17"", ""spatial_linkage"": ""document_single_reported_coordinate""}
                                           SKVORTSOVA et al.  Table 4. Distribution of the pores according to their shape (form factor) and orientation in the profile of the soddy-podzolic soil (vertical slices; visual field of 1.2 × 1.2 cm)                                         Content of the pores, % of the total number of pores in the visual field        Horizon                                  pore ",10.1134_S1064229316110090.txt
profile:prose:c0f5960589dae90bc75d,site:springer:10.1134_S1064229323601130:text:raw:strict:l:1,54.834,37.575,reported,springer,springer:10.1134_S1064229323601130,,10.1134/S1064229323601130,,,,,,,forest,Prose profile descriptor linked at document level because this document contains one reported Russian coordinate; it is not a row-level or independently surveyed pit coordinate.,"{""profile_candidate_id"": ""springer:10.1134_S1064229323601130:text:raw:p:land:99"", ""spatial_linkage"": ""document_single_reported_coordinate""}
ov, 22. M. Han and G. Jin, “Seasonal variations of Q10 soil res-           “Dynamics of gas exchange in the profile of a gray for-     piration and its components in the temperate forest                est soil,” Sov. Soil Sci. 3, 104–110 (1989).     ecosystems, northeastern China,” Eur. J. Soil Biol. 85,        36. Y. Liu, N. He, J. Zhu, L. Xu, G. Yu, S. Niu, X. Sun, and     36–42 (2018).              ",10.1134_S1064229323601130.txt
profile:prose:c1f71600e30e27c1d951,site:springer:10.1134_S106422932560304X:text:raw:strict:l:0,56.418277,40.426374,reported,springer,springer:10.1134_S106422932560304X,,10.1134/S106422932560304X,,,,,,,fallow,Prose profile descriptor linked at document level because this document contains one reported Russian coordinate; it is not a row-level or independently surveyed pit coordinate.,"{""profile_candidate_id"": ""springer:10.1134_S106422932560304X:text:raw:p:land:5"", ""spatial_linkage"": ""document_single_reported_coordinate""}
m- entists Berezin and Sorochkin [2, 3, 8, 9], who empha-      ined soil pit was located on a gentle leveled slope on a sized the ability of soil structure to change in response   fallow in the experimental field of the Upper Volga to moistening and drying with the transformation not        Federal Agrarian Scientific Center (Vladimir oblast, only of the total pore volume, but also of the pore         R",10.1134_S106422932560304X.txt
profile:prose:c321371c0ac61af997ef,site:springer:10.1134_S1064229322020089:text:raw:dms:l:0,60.40897222222222,73.94630555555555,reported,springer,springer:10.1134_S1064229322020089,,10.1134/S1064229322020089,,,,,,,forest,Prose profile descriptor linked at document level because this document contains one reported Russian coordinate; it is not a row-level or independently surveyed pit coordinate.,"{""profile_candidate_id"": ""springer:10.1134_S1064229322020089:text:raw:p:land:25"", ""spatial_linkage"": ""document_single_reported_coordinate""}
the absence of charcoal mineral horizon for the last 5 thousand years, which         accumulation under the litter at that time. The latter is appears to be typical for the boreal forest.                 proved by the stratigraphic analysis of deep (>2 m)     Figure 7 shows the general scheme of morphon             Neolithic pit-traps of the Kulunigyi 66 complex [13]. mosaics formation, its initial stag",10.1134_S1064229322020089.txt
profile:prose:c3cac48f3fb3cd4be046,site:springer:10.1134_S1064229321080044:crop:10.1134_S1064229321080044_p003_t01_part01:ocr_markdown:raw:ocr_coord:decimal:0,51.538976,36.087134,reported,springer,springer:10.1134_S1064229321080044,,10.1134/S1064229321080044,,,,,chernozem,WRB,,Prose profile descriptor linked at document level because this document contains one reported Russian coordinate; it is not a row-level or independently surveyed pit coordinate.,"{""profile_candidate_id"": ""springer:10.1134_S1064229321080044:text:raw:p:soil:9"", ""spatial_linkage"": ""document_single_reported_coordinate""}
he color of soil horizons was deter-               represented by the dark-humus plow horizon (PU). In mined according to the Munsell chart. Mesomorpho-                 the virgin chernozem, the dark-humus AU horizon is logical description of undisturbed samples taken from             specified; a sod layer densely penetrated by roots is carbonate horizons was performed using an MBS-10                  see",10.1134_S1064229321080044.txt
profile:prose:c6b16cf1792e464195d0,site:springer:10.1134_S1064229315110101:text:raw:dms:l:1,67.64261111111112,33.65866666666667,reported,springer,springer:10.1134_S1064229315110101,,10.1134/S1064229315110101,,,,,,,forest,Prose profile descriptor linked at document level because this document contains one reported Russian coordinate; it is not a row-level or independently surveyed pit coordinate.,"{""profile_candidate_id"": ""springer:10.1134_S1064229315110101:text:raw:p:land:9"", ""spatial_linkage"": ""document_single_reported_coordinate""}
 of ori              up to 400–700 m a.s.l. under open birch–spruce forests batid mites population in soils of altitudinal land                  and in the zone of crooked birch forest. Mountaintun scapeecological profile of the Vud’yavrchorr Massif                  dra humusilluvial podzolized soils (tundra podzolized in the Khibiny Mountains.                                             podburs) ",10.1134_S1064229315110101.txt
profile:prose:c6e62a710e66e2c41a75,site:springer:10.1134_S106422932360255X:text:raw:degree_decimal_minutes:0,44.84016666666667,33.61366666666667,reported,springer,springer:10.1134_S106422932360255X,,10.1134/S106422932360255X,,,,,,,forest,Prose profile descriptor linked at document level because this document contains one reported Russian coordinate; it is not a row-level or independently surveyed pit coordinate.,"{""profile_candidate_id"": ""springer:10.1134_S106422932360255X:text:raw:p:land:4"", ""spatial_linkage"": ""document_single_reported_coordinate""}
teppe vegetation was replaced                                                                                                88-cm-thick) is pale-yellow with a reddish hue. The by forest-steppe, and the profile became red-colored.                                                                                                amount of carbonate nodules in it decreases. The layer At the present time, mode",10.1134_S106422932360255X.txt
profile:prose:c6e7e2ac540e8a7e2e16,site:springer:10.1134_S1064229324602592:text:raw:dms:l:1,56.390277777777776,84.6463888888889,reported,springer,springer:10.1134_S1064229324602592,,10.1134/S1064229324602592,,,,,,,forest,Prose profile descriptor linked at document level because this document contains one reported Russian coordinate; it is not a row-level or independently surveyed pit coordinate.,"{""profile_candidate_id"": ""springer:10.1134_S1064229324602592:text:raw:p:land:10"", ""spatial_linkage"": ""document_single_reported_coordinate""}
stomes of the examined               stands, as well as from the soil horizon TE under birch soils is an increased resistance of streptomycetes to a                stand and mixed forest (S. varsoviensis, S. phaeochro- wide range of antimicrobials as compared with the                      mogenes, and S. globosus). The largest number of resistomes of alluvial soddy soils (Nurgush State                  ",10.1134_S1064229324602592.txt
profile:prose:ca1c6e5aa062af95749c,site:springer:10.1134_S1064229324700315:text:raw:dms:l:0,61.95830555555556,50.49088888888889,reported,springer,springer:10.1134_S1064229324700315,,10.1134/S1064229324700315,,,,,,,forest,Prose profile descriptor linked at document level because this document contains one reported Russian coordinate; it is not a row-level or independently surveyed pit coordinate.,"{""profile_candidate_id"": ""springer:10.1134_S1064229324700315:text:raw:p:land:19"", ""spatial_linkage"": ""document_single_reported_coordinate""}
           4. S. V. Bryanin, A. V. Danilov, E. S. Susloparova, and face fires cause an increase in the total РуС content in             A. V. Ivanov, “Pools of pyrogenic carbon in forest soils organic horizons. The distribution of РуС between the                of the Upper Amur region,” Lesovedenie, No. 3, 285– organic layer and the upper mineral horizon for iron-                296 (2022). illuvial po",10.1134_S1064229324700315.txt
profile:prose:cc24eca22c407edc937a,site:springer:10.1134_S106422932260169X:text:raw:strict:l:0,53.122525,104.884196,reported,springer,springer:10.1134_S106422932260169X,,10.1134/S106422932260169X,,,,,,,forest,Prose profile descriptor linked at document level because this document contains one reported Russian coordinate; it is not a row-level or independently surveyed pit coordinate.,"{""profile_candidate_id"": ""springer:10.1134_S106422932260169X:text:raw:p:land:26"", ""spatial_linkage"": ""document_single_reported_coordinate""}
are that they have no conflicts of interest. analyses for presumably gazha soils.     The formation of gazha horizons in the soil profile is polygenetic. In the gazha soils of the forest-steppe                           REFERENCES zone in the Cisbaikal region studied by us, the gazha        1. V. V. Akimtsev, “On mucky sulfate soils,” Pochvovede- horizon has a sedimentary genesis and is a relic of the  ",10.1134_S106422932260169X.txt
profile:prose:ccbfc689ca5b453de841,site:springer:10.1134_S1064229322110035:text:raw:degree_decimal_minutes:1,56.39516666666667,84.56738333333334,reported,springer,springer:10.1134_S1064229322110035,,10.1134/S1064229322110035,,,,,,,Forest,Prose profile descriptor linked at document level because this document contains one reported Russian coordinate; it is not a row-level or independently surveyed pit coordinate.,"{""profile_candidate_id"": ""springer:10.1134_S1064229322110035:text:raw:p:land:19"", ""spatial_linkage"": ""document_single_reported_coordinate""}
xample, concentrations of Ca, Mg, Na, and K in F     Ash elements migration in the clusters of morpho-         subhorizon of strongly decomposed litter decreased metric fractions. Forest litter profile is the complex of     1.1–1.4 times and concentrations of Sr and Zn paragenetic (interrelated by origin) subhorizons, the         decreased 1.6–1.8 times relative to L subhorizon. composition and morpholo",10.1134_S1064229322110035.txt
profile:prose:cde3e28bbfd8ad4e9b21,site:springer:10.1134_S1064229323601579:text:raw:dms:l:0,58.748333333333335,56.13666666666666,reported,springer,springer:10.1134_S1064229323601579,,10.1134/S1064229323601579,,,,,podzolic,WRB,,Prose profile descriptor linked at document level because this document contains one reported Russian coordinate; it is not a row-level or independently surveyed pit coordinate.,"{""profile_candidate_id"": ""springer:10.1134_S1064229323601579:text:raw:p:soil:78"", ""spatial_linkage"": ""document_single_reported_coordinate""}
ions of soil forma-                of magnetic particles coincides with the boundaries of tion: humidity, temperature, redox state, reaction of the               the morphogenetic podzolic horizon. The horizon of environment, activity of iron-reducing microorganisms.                  the stable state of magnetic particles corresponds to    Horizons are marked in the ecological-magnetic                    ",10.1134_S1064229323601579.txt
profile:prose:ce4864ab46abfaa6ac7e,site:springer:10.1134_S1064229320080128:text:raw:strict:l:0,54.89,37.56,reported,springer,springer:10.1134_S1064229320080128,,10.1134/S1064229320080128,,,,,,,forest,Prose profile descriptor linked at document level because this document contains one reported Russian coordinate; it is not a row-level or independently surveyed pit coordinate.,"{""profile_candidate_id"": ""springer:10.1134_S1064229320080128:text:raw:p:land:34"", ""spatial_linkage"": ""document_single_reported_coordinate""}
.33         0.1          56      The content of Ntot in the gray-humus horizon is sig-             The effect of tree species on Corg and Ntot is most nificantly lower than in the forest litter and averages           pronounced in the forest litter (Fig. 2). Significant dif- 0.1% (CV = 56%). It is minimum (0.035%) on the IC                 ferences in the litter thickness (P = 0.032) and Corg plot of tr",10.1134_S1064229320080128.txt
profile:prose:d0d5afb1f640fb9462fd,site:springer:10.1134_S1064229324603500:text:raw:ru_abbr:dms:0,56.833333333333336,60.583333333333336,reported,springer,springer:10.1134_S1064229324603500,,10.1134/S1064229324603500,,,,,,,forest,Prose profile descriptor linked at document level because this document contains one reported Russian coordinate; it is not a row-level or independently surveyed pit coordinate.,"{""profile_candidate_id"": ""springer:10.1134_S1064229324603500:text:raw:p:land:14"", ""spatial_linkage"": ""document_single_reported_coordinate""}
the intensity of the biological cycle,              mass, adding new topsoil material to the surface, and reflected in the morphology of the soil profile.                 removing forest litter and plant debris. The latter is par-     A shift in the spectrum of humus forms in particu-           ticularly crucial in classifying humus forms, as the lar direction relative to the naturally determined state ",10.1134_S1064229324603500.txt
profile:prose:d80bff40e397d31eff16,site:springer:10.1134_S1064229319110073:text:raw:dms:l:0,56.133805555555554,37.802027777777774,reported,springer,springer:10.1134_S1064229319110073,,10.1134/S1064229319110073,,,,,podzolic,WRB,,Prose profile descriptor linked at document level because this document contains one reported Russian coordinate; it is not a row-level or independently surveyed pit coordinate.,"{""profile_candidate_id"": ""springer:10.1134_S1064229319110073:text:raw:p:soil:9"", ""spatial_linkage"": ""document_single_reported_coordinate""}
 ± 5, and 55 ± 5 cm) corresponded to According to the earlier obtained data, minimal bio-        the positions of genetic soil horizons determined in mass of fungi was observed in podzolic soils in spring      the key soil pit in this plot (P, old-arable horizon, 0– and maximal biomass in autumn [5]. Soil temperature         32 cm; BEL, subeluvial horizon, 32–40 cm; BT1, tex- is about 0°С, in winter perio",10.1134_S1064229319110073.txt
profile:prose:d825bf05f73acb2070e3,site:springer:10.1134_S1064229315050051:text:raw:dms:l:0,67.85,31.40833333333333,reported,springer,springer:10.1134_S1064229315050051,,10.1134/S1064229315050051,,,,,,,forest,Prose profile descriptor linked at document level because this document contains one reported Russian coordinate; it is not a row-level or independently surveyed pit coordinate.,"{""profile_candidate_id"": ""springer:10.1134_S1064229315050051:text:raw:p:land:16"", ""spatial_linkage"": ""document_single_reported_coordinate""}
als of element concentrations in the particles, %.                TRANSFORMATION OF POLYMETALLIC DUST IN THE ORGANIC HORIZON                                          707  studied forest litter samples from pine and spruce for           The enrichment of the organic horizon of Al–Fe ests of the boreal and subboreal zones, mixed and             humus podzol with heavy metals and metalloids was broadlea",10.1134_S1064229315050051.txt
profile:prose:d8624fe6d163eed5231f,site:springer:10.1134_S1064229324602026:text:raw:strict:l:2,52.503,33.999,reported,springer,springer:10.1134_S1064229324602026,,10.1134/S1064229324602026,,,,,,,forest,Prose profile descriptor linked at document level because this document contains one reported Russian coordinate; it is not a row-level or independently surveyed pit coordinate.,"{""profile_candidate_id"": ""springer:10.1134_S1064229324602026:text:raw:p:land:82"", ""spatial_linkage"": ""document_single_reported_coordinate""}
40                                                                         C : N ratio     Fig. 3. Range of SOM stocks and C : N ratio in soils of different FGC (gray color is for forest litter, black color is for organomineral    part of soil profile).   which made it possible to determine the contribution                       which corresponds to 1.5–20 t/ha. The highest stocks of soils to the net ca",10.1134_S1064229324602026.txt
profile:prose:d8853dea644cab4436ee,site:springer:10.1134_S1064229324700315:text:raw:dms:l:0,61.95830555555556,50.49088888888889,reported,springer,springer:10.1134_S1064229324700315,,10.1134/S1064229324700315,,,,,podzolic,WRB,,Prose profile descriptor linked at document level because this document contains one reported Russian coordinate; it is not a row-level or independently surveyed pit coordinate.,"{""profile_candidate_id"": ""springer:10.1134_S1064229324700315:text:raw:p:soil:6"", ""spatial_linkage"": ""document_single_reported_coordinate""}
cted by fire. One year genic horizons and 1 : 2.5 for mineral horizons were                                                                 after the fire, the Ctot content in the podzolic horizon used. The BPCAs content was determined according to the method [25]. In total, the content of eight acids        decreased to 1.6 ± 0.3%. If we compare the results of was analyzed. The concentrations of total or",10.1134_S1064229324700315.txt
profile:prose:d8ff009a20255654afcb,site:springer:10.1134_S1064229314090063:text:raw:strict:l:0,53.231,49.322,reported,springer,springer:10.1134_S1064229314090063,,10.1134/S1064229314090063,,,,,,,forest,Prose profile descriptor linked at document level because this document contains one reported Russian coordinate; it is not a row-level or independently surveyed pit coordinate.,"{""profile_candidate_id"": ""springer:10.1134_S1064229314090063:text:raw:p:land:79"", ""spatial_linkage"": ""document_single_reported_coordinate""}
 quasigleyed agrover    boreal climate of the foreststeppe zone with the tic soils (1 profile); lighthumus vertic soils (slitozems)   moistening coefficient of about 1.0 in the forest (1 profile); structuremetamorphic darkhumus soils           steppe zone. (1 profile); structuremetamorphic agroabrazems                   Vertic alluvial soils on the Volga–Akhtuba flood (1 profile); carbonateaccu",10.1134_S1064229314090063.txt
profile:prose:daa257af384a8910b76d,site:springer:10.1134_S1064229325603075:text:raw:dms:l:0,61.65,50.68333333333333,reported,springer,springer:10.1134_S1064229325603075,,10.1134/S1064229325603075,,,,,Retisol,WRB,,Prose profile descriptor linked at document level because this document contains one reported Russian coordinate; it is not a row-level or independently surveyed pit coordinate.,"{""profile_candidate_id"": ""springer:10.1134_S1064229325603075:text:raw:p:soil:5"", ""spatial_linkage"": ""document_single_reported_coordinate""}
he same          horizon depending on the sample preparation for the experiment.            Keywords: soil rheometry, soil structure, mechanical properties of soils, Dystric Albic Retisol, amplitude          sweep test          DOI: 10.1134/S1064229325603075                             INTRODUCTION                                                   ples). As a rule, previously dried, ground, and sieved   ",10.1134_S1064229325603075.txt
profile:prose:dc2dda587cc2a99b6388,site:springer:10.1134_S106422931704007X:text:raw:strict:l:0,53.386,49.773,reported,springer,springer:10.1134_S106422931704007X,,10.1134/S106422931704007X,,,,,chernozem,WRB,,Prose profile descriptor linked at document level because this document contains one reported Russian coordinate; it is not a row-level or independently surveyed pit coordinate.,"{""profile_candidate_id"": ""springer:10.1134_S106422931704007X:text:raw:p:soil:0"", ""spatial_linkage"": ""document_single_reported_coordinate""}
 length of the tongue was about 10 m; its width was     light to medium loamy dark-gray forest soil (very sim- about 1–1.5 m, and the thickness of the bitumen layer        ilar to chernozem) with a second humus horizon on was about 4–6 cm. Sampling sites 4, 5, and 6 were            calcareous heavy loam (profile 18) occur in this area. established in such a way as to characterize the effect          Clay-i",10.1134_S106422931704007X.txt
profile:prose:ddb161f153347af3a73b,site:springer:10.1134_S1064229325604378:text:raw:strict:l:0,54.83377,37.568915,reported,springer,springer:10.1134_S1064229325604378,,10.1134/S1064229325604378,,,,,,,arable land,Prose profile descriptor linked at document level because this document contains one reported Russian coordinate; it is not a row-level or independently surveyed pit coordinate.,"{""profile_candidate_id"": ""springer:10.1134_S1064229325604378:text:raw:p:land:39"", ""spatial_linkage"": ""document_single_reported_coordinate""}
OM stocks in the upper (0–           ation of a wide range of possible scenarios for posta- 10 cm) layer of the old plow horizon for meadow com-             grogenic overgrowth of arable land under different soil munities and coniferous stands, as well as for soils             and climatic conditions [26, 56, 66]. under coniferous and deciduous stands, while no sig-                 The aim of this study is t",10.1134_S1064229325604378.txt
profile:prose:e499fb17561db83cedc2,site:springer:10.1134_S1064229318080033:text:raw:degree_decimal_minutes:2,48.68528333333333,45.282783333333334,reported,springer,springer:10.1134_S1064229318080033,,10.1134/S1064229318080033,,,,,solonetz,WRB,,Prose profile descriptor linked at document level because this document contains one reported Russian coordinate; it is not a row-level or independently surveyed pit coordinate.,"{""profile_candidate_id"": ""springer:10.1134_S1064229318080033:text:raw:p:soil:1"", ""spatial_linkage"": ""document_single_reported_coordinate""}
 the 13th–14th centuries AD, to the period of           The active biomass of microorganisms in the relative increase in humidity.                                A1 horizon of the solonetz buried in the time of the     The state of microbial communities of recent soils        Golden Horde was 1.3 times higher than in the chest- and soils under kurgans constructed in the periods of         nut-like paleoso",10.1134_S1064229318080033.txt
profile:prose:e4e6f46b3fb2c1efa290,site:springer:10.1134_S1064229321050070:text:raw:degree_decimal_minutes:2,68.5,88.25,reported,springer,springer:10.1134_S1064229321050070,,10.1134/S1064229321050070,,,,,Chernozem,WRB,,Prose profile descriptor linked at document level because this document contains one reported Russian coordinate; it is not a row-level or independently surveyed pit coordinate.,"{""profile_candidate_id"": ""springer:10.1134_S1064229321050070:text:raw:p:soil:2"", ""spatial_linkage"": ""document_single_reported_coordinate""}
 herbs in the ground cover within the middle and             cow, 1993) [in Russian]. southern taiga zones. They are characterized by the          6. V. V. Dokuchaev, “On Siberian Chernozem” in Select- gray-humus (soddy) horizon AY, reddish-brown                    ed Works (Sel’khozgiz, Moscow, 1954), pp. 187–207. (ocherous) color of the middle structureless horizon,                                       ",10.1134_S1064229321050070.txt
profile:prose:e5654a21529662aed443,site:springer:10.1134_S1064229315050051:text:raw:dms:l:0,67.85,31.40833333333333,reported,springer,springer:10.1134_S1064229315050051,,10.1134/S1064229315050051,,,,,podzol,WRB,,Prose profile descriptor linked at document level because this document contains one reported Russian coordinate; it is not a row-level or independently surveyed pit coordinate.,"{""profile_candidate_id"": ""springer:10.1134_S1064229315050051:text:raw:p:soil:1"", ""spatial_linkage"": ""document_single_reported_coordinate""}
%) consists of differ            ent soilforming minerals and iron oxides (particularly magnetite). From 10% to 15% of particles in the            organic horizon of Al–Fehumus podzol (Albic Rustic Podzol) of the experimental plot were represented by            polymetallic ballshaped dust particles that were preserved in the soil without significant transformation for            14 years after thei",10.1134_S1064229315050051.txt
profile:prose:e600d7f62b785bd95569,site:springer:10.1134_S1064229314090063:text:raw:strict:l:0,53.231,49.322,reported,springer,springer:10.1134_S1064229314090063,,10.1134/S1064229314090063,,,,,,,cropland,Prose profile descriptor linked at document level because this document contains one reported Russian coordinate; it is not a row-level or independently surveyed pit coordinate.,"{""profile_candidate_id"": ""springer:10.1134_S1064229314090063:text:raw:p:land:81"", ""spatial_linkage"": ""document_single_reported_coordinate""}
ls can be             clay. At present, the examined plot is under fallow. In classified as Stagnic Vertisols (Humic, Hyposalic,              the past, it was used as a cultivated cropland. Slicken Hyposodic, Hypereutric, Pellic). The soil of the depres        sides appear at the depth of 28–30 cm, immediately sion with the additional material washed in onto the            below the plot horizon and dis",10.1134_S1064229314090063.txt
profile:prose:e8038a67360fae6384cf,site:springer:10.1134_S1064229315050051:text:raw:dms:l:0,67.85,31.40833333333333,reported,springer,springer:10.1134_S1064229315050051,,10.1134/S1064229315050051,,,,,podzolic,WRB,,Prose profile descriptor linked at document level because this document contains one reported Russian coordinate; it is not a row-level or independently surveyed pit coordinate.,"{""profile_candidate_id"": ""springer:10.1134_S1064229315050051:text:raw:p:soil:10"", ""spatial_linkage"": ""document_single_reported_coordinate""}
 orescence analysis of which are presented in Table 2,         centrations of Ni, Cu, and Co in the samples from the constitute about 10% of the organic horizons. Taking          podzolic horizon of the experimental plot comprised into account the specificity of applied analytical            only 3.5, 4.7, and 7.2% of their concentrations in the method (lowtemperature ashing, use of fundamental         ",10.1134_S1064229315050051.txt
profile:prose:e806f6b8b97990a85d35,site:springer:10.1134_S1064229322090046:text:raw:dms:l:0,61.85036111111111,33.133833333333335,reported,springer,springer:10.1134_S1064229322090046,,10.1134/S1064229322090046,,,,,,,arable land,Prose profile descriptor linked at document level because this document contains one reported Russian coordinate; it is not a row-level or independently surveyed pit coordinate.,"{""profile_candidate_id"": ""springer:10.1134_S1064229322090046:text:raw:p:land:90"", ""spatial_linkage"": ""document_single_reported_coordinate""}
                           Fig. 1. Schematic horizonation of soil profiles. Hereinaf-                                                                                      ter: (1) arable land; (2) hayfield, (3) young (15-yr-old) for- acterizing the progressive accumulative type of                                      est, (4) middle-aged (65-yr-old) forest, and (5) mature organic matter accumulation (Fig. 2)",10.1134_S1064229322090046.txt
profile:prose:e9a51d05353e1129336f,site:springer:10.1134_S1064229313120065:text:raw:dms:l:0,51.03113888888889,40.72827777777778,reported,springer,springer:10.1134_S1064229313120065,,10.1134/S1064229313120065,,,,,,,forest,Prose profile descriptor linked at document level because this document contains one reported Russian coordinate; it is not a row-level or independently surveyed pit coordinate.,"{""profile_candidate_id"": ""springer:10.1134_S1064229313120065:text:raw:p:land:63"", ""spatial_linkage"": ""document_single_reported_coordinate""}
anic          amounts of Corg and humin C (r = 0.67). matter of the fallow soils was mostly enriched with C of microbial origin; the lowest Cmicr content was in the soil under the forest and in the irrigated soils. The                               CONCLUSIONS Cmicr/Corg ratio sharply decreased down their profile              (1) The changes in the content of the Corg and the from 1.7 to 0.2.           ",10.1134_S1064229313120065.txt
profile:prose:e9ed17489c7a45f5e02d,site:springer:10.1134_S106422931802014X:text:raw:dms:l:0,54.83638888888889,37.62444444444444,reported,springer,springer:10.1134_S106422931802014X,,10.1134/S106422931802014X,,,,,podzolic,WRB,,Prose profile descriptor linked at document level because this document contains one reported Russian coordinate; it is not a row-level or independently surveyed pit coordinate.,"{""profile_candidate_id"": ""springer:10.1134_S106422931802014X:text:raw:p:soil:2"", ""spatial_linkage"": ""document_single_reported_coordinate""}
the application of an available sub- as microbial biomass and Сorg) gradually decreased                                                strate to the profiles of surface and buried podzolic from recent horizons to buried horizons and did not                                               soils,” Eurasian Soil Sci. 45, 435–444 (2012). doi                                                                       ",10.1134_S106422931802014X.txt
profile:prose:ed0671d9f524d86b2897,site:springer:10.1134_S1064229320070145:text:raw:dms:l:0,56.098333333333336,37.82416666666667,reported,springer,springer:10.1134_S1064229320070145,,10.1134/S1064229320070145,,,,,Retisol,WRB,,Prose profile descriptor linked at document level because this document contains one reported Russian coordinate; it is not a row-level or independently surveyed pit coordinate.,"{""profile_candidate_id"": ""springer:10.1134_S1064229320070145:text:raw:p:soil:4"", ""spatial_linkage"": ""document_single_reported_coordinate""}
                       developed after five freeze–thaw cycles in moistened                                                                  aggregates from the eluvial horizon of Retisol [8].                                                                  Similar results were obtained by other authors. Thus,                                                                  the formation of not only a pl",10.1134_S1064229320070145.txt
profile:prose:eedbcfe80b7ef133da0f,site:springer:10.1134_S1064229323601221:text:raw:strict:l:0,54.89,37.56,reported,springer,springer:10.1134_S1064229323601221,,10.1134/S1064229323601221,,,,,Podzol,WRB,,Prose profile descriptor linked at document level because this document contains one reported Russian coordinate; it is not a row-level or independently surveyed pit coordinate.,"{""profile_candidate_id"": ""springer:10.1134_S1064229323601221:text:raw:p:soil:5"", ""spatial_linkage"": ""document_single_reported_coordinate""}
 pools in forest floor layer and organomineral                                   mately 100 m from the SR monitoring plot. The Ndep part of the profile of the studied Entic Carbic Podzol,                                value in both scenarios was regarded as constant necessary for the initialization of Romul_Hum model,                                                                                      ",10.1134_S1064229323601221.txt
profile:prose:f13cd325c8384a2a82f5,site:springer:10.1134_S1064229320090161:text:raw:strict:l:0,50.9988,37.3378,reported,springer,springer:10.1134_S1064229320090161,,10.1134/S1064229320090161,,,,,Phaeozem,WRB,,Prose profile descriptor linked at document level because this document contains one reported Russian coordinate; it is not a row-level or independently surveyed pit coordinate.,"{""profile_candidate_id"": ""springer:10.1134_S1064229320090161:text:raw:p:soil:4"", ""spatial_linkage"": ""document_single_reported_coordinate""}
onates were diagnosed. Traces of peri- contrasting (two-layered) parent material (Luvic                      odic waterlogging were found in the form of rare olive Stagnic Chernic Phaeozem (Loamic, Aric, Pachic))                      and brownish rusty mottles (up to 1 cm in diameter) (profile 8E); deep low-humus deep-calcareous clay-                    and iron–manganic concentrations. The thickness of i",10.1134_S1064229320090161.txt
profile:prose:f61c1c8b35a683424e47,site:springer:10.1134_S1064229323601579:text:raw:dms:l:0,58.748333333333335,56.13666666666666,reported,springer,springer:10.1134_S1064229323601579,,10.1134/S1064229323601579,,,,,,,fallow,Prose profile descriptor linked at document level because this document contains one reported Russian coordinate; it is not a row-level or independently surveyed pit coordinate.,"{""profile_candidate_id"": ""springer:10.1134_S1064229323601579:text:raw:p:land:115"", ""spatial_linkage"": ""document_single_reported_coordinate""}
 50                                                          Distance, m                        Fig. 4. Ecological-magnetic profiles of Albic Retisol (Loamic) under forest (a) and fallow (b).       Pedogenic formation and destruction of magnets in                      The spatial position of the horizon of destruction soils determine the ecological conditions of soil forma-                of magnetic pa",10.1134_S1064229323601579.txt
profile:prose:f63ba37b633f76ef162f,site:springer:10.1134_S1064229319120147:text:raw:dms:l:0,65.37358333333333,60.77538888888889,reported,springer,springer:10.1134_S1064229319120147,,10.1134/S1064229319120147,,,,,podzolic,WRB,,Prose profile descriptor linked at document level because this document contains one reported Russian coordinate; it is not a row-level or independently surveyed pit coordinate.,"{""profile_candidate_id"": ""springer:10.1134_S1064229319120147:text:raw:p:soil:9"", ""spatial_linkage"": ""document_single_reported_coordinate""}
inage conditions, so that sea- tents of the clay fraction and total Al2O3 oxide are not   sonal waterlogging and gleyzation are not developed in differentiated in the profile. The podzolic horizon is     these soils. impoverished in the silicate and nonsilicate forms of iron. The illuvial maximum of these forms is in the BF         The presence of abundant gravels and coarser frag- horizon. An analogous d",10.1134_S1064229319120147.txt
profile:prose:f971771888a8068dd40c,site:springer:10.1134_S1064229322100131:text:raw:dms:l:1,43.861111111111114,131.95888888888888,reported,springer,springer:10.1134_S1064229322100131,,10.1134/S1064229322100131,,,,,,,Forest,Prose profile descriptor linked at document level because this document contains one reported Russian coordinate; it is not a row-level or independently surveyed pit coordinate.,"{""profile_candidate_id"": ""springer:10.1134_S1064229322100131:text:raw:p:land:34"", ""spatial_linkage"": ""document_single_reported_coordinate""}
-      11. F. R. Zaidel’man and A. S. Nikiforova, Genesis and Di- enced by the content and distribution of manganese in                 agnostic Value of Neoplasms of Soils in the Forest and For- the soil profile; the correlation between catalase activ-             est-Steppe Zones (Izd. Mosk. Univ., Moscow, 2001) [in ity and catalase stock in the profile with the total con-             Russian]. tent o",10.1134_S1064229322100131.txt
profile:prose:fb191a29ecd713935c89,site:springer:10.1134_S1064229314030028:text:raw:dms:l:0,58.73277777777778,99.44250000000001,reported,springer,springer:10.1134_S1064229314030028,,10.1134/S1064229314030028,,,,,,,forest,Prose profile descriptor linked at document level because this document contains one reported Russian coordinate; it is not a row-level or independently surveyed pit coordinate.,"{""profile_candidate_id"": ""springer:10.1134_S1064229314030028:text:raw:p:land:35"", ""spatial_linkage"": ""document_single_reported_coordinate""}
This imbalance significantly correlated with the temperature and                         practically did not refer to the humusaccumulative moisture of the soils under the burned forest stand (r =                  horizon and the mineral soil layers, where, as com 0.87–0.98), in the felled areas (r = 0.78–0.94), and in                   pared to the control, no significant changes in the the burned fe",10.1134_S1064229314030028.txt
profile:prose:fbd78a0ab92f3b39cc28,site:springer:10.1134_S1064229321070036:text:raw:variant:reversed_dms:0,54.24183333333333,89.59983333333332,reported,springer,springer:10.1134_S1064229321070036,,10.1134/S1064229321070036,,,,,,,forest,Prose profile descriptor linked at document level because this document contains one reported Russian coordinate; it is not a row-level or independently surveyed pit coordinate.,"{""profile_candidate_id"": ""springer:10.1134_S1064229321070036:text:raw:p:land:23"", ""spatial_linkage"": ""document_single_reported_coordinate""}
              upon a fire on a drained forested raised bog,” Eurasian                                                                       Soil Sci. 51, 542–549 (2018). jected to forest-peat fire 20 years ago. The influence of             https://doi.org/10.1134/S1064229318050034 fire is preserved in the profiles of pyrogenic peat soils in the form of charcoals, bluish gray ash layers, and             ",10.1134_S1064229321070036.txt
profile:prose:fbfada701a8eb50ce175,site:springer:10.1134_S1064229322090058:text:raw:dms:l:0,45.72666666666667,38.788333333333334,reported,springer,springer:10.1134_S1064229322090058,,10.1134/S1064229322090058,,,,,,,orchard,Prose profile descriptor linked at document level because this document contains one reported Russian coordinate; it is not a row-level or independently surveyed pit coordinate.,"{""profile_candidate_id"": ""springer:10.1134_S1064229322090058:text:raw:p:land:14"", ""spatial_linkage"": ""document_single_reported_coordinate""}
formed, using the Surfer zone of local moistening were determined in soil sam-          8 software based on the interpolation of experimental ples taken in the center of the plot (orchard quarter)         data by triangulation according to the manual [18]. under typical trees. A vertical soil profile was laid per- pendicular to the tree row after the end of the irrigation                 RESULTS AND DISC",10.1134_S1064229322090058.txt
profile:prose:fcba94bf1d5316276aa5,site:springer:10.1134_S1064229318020102:text:raw:dms:l:0,56.098333333333336,37.82416666666667,reported,springer,springer:10.1134_S1064229318020102,,10.1134/S1064229318020102,,,,,podzolic,WRB,,Prose profile descriptor linked at document level because this document contains one reported Russian coordinate; it is not a row-level or independently surveyed pit coordinate.,"{""profile_candidate_id"": ""springer:10.1134_S1064229318020102:text:raw:p:soil:22"", ""spatial_linkage"": ""document_single_reported_coordinate""}
rom          played certain changes in its configuration and general the clay-illuvial (textural) part of the profile of soddy-   guttering, and the aggregate from the BT1 horizon podzolic soil under conditions of capillary moistening       preserved its original configuration during all the and freeze–thaw cycles “repeats” structural behavior         stages of the experiment. This difference in the stabi",10.1134_S1064229318020102.txt
profile:prose:fdcb5a8cc2546cd8c55f,site:springer:10.1134_S1064229325602495:text:raw:strict:l:3,67.908,57.6542,reported,springer,springer:10.1134_S1064229325602495,,10.1134/S1064229325602495,,,,,Cryosol,WRB,,Prose profile descriptor linked at document level because this document contains one reported Russian coordinate; it is not a row-level or independently surveyed pit coordinate.,"{""profile_candidate_id"": ""springer:10.1134_S1064229325602495:text:raw:p:soil:39"", ""spatial_linkage"": ""document_single_reported_coordinate""}
rack-convective, and bic Cryosol (Loamic)) (Fig. S4a); in another case, a                  striped micropatterns are characterized by cryometa- typical gleyzem (Reductaquic Turbic Cryosol (Arenic))                 morphic middle-profile horizons and weak gleyic (Fig. S6a). At the same time, the soil cover is still char-           properties or their absence. This may be associated acterized by a specific",10.1134_S1064229325602495.txt
profile:prose:ffb90d7fb73eedd0c959,site:springer:10.1134_S106422932260169X:text:raw:strict:l:0,53.122525,104.884196,reported,springer,springer:10.1134_S106422932260169X,,10.1134/S106422932260169X,,,,,solonchak,WRB,,Prose profile descriptor linked at document level because this document contains one reported Russian coordinate; it is not a row-level or independently surveyed pit coordinate.,"{""profile_candidate_id"": ""springer:10.1134_S106422932260169X:text:raw:p:soil:6"", ""spatial_linkage"": ""document_single_reported_coordinate""}
                   (i)                                                                     1 mm                                                                1 mm   Fig. 3. Gazha solonchak, Irkutsk oblast, first terrace of the Kuda River: (a) profile; (b) ionic composition of water extract (1 : 5); (c) sum of salts in the water extract (%), total and toxic; (d) gypsum and carbonates (%); (e) microfabric o",10.1134_S106422932260169X.txt
